comment_id;parent_comment_id;video_id;author_display_name;author_channel_id;author_channel_url;text_display;text_original;like_count;total_reply_count
UgymVRwydwOMK3_mRDl4AaABAg;None;Vrtx9G9lEuM;@msbanda2123;UCVTjHZbbfJHm4yIAHeq1iOQ;http://www.youtube.com/@msbanda2123;As a C++ developer, I would like to learn about Design Patterns. Is your Design Patterns course, which uses Java, recommended for us?;As a C++ developer, I would like to learn about Design Patterns. Is your Design Patterns course, which uses Java, recommended for us?;91;8
UgzAy1LaCGC_Pn5CvrZ4AaABAg;None;Vrtx9G9lEuM;@m.a.6738;UCKpVt6lKBD6yvV0R2gVeCLw;http://www.youtube.com/@m.a.6738;I have no idea what you just said but I like it and Python sounds awesome 😂;I have no idea what you just said but I like it and Python sounds awesome 😂;31;0
UgykPLKOQBUlG4fOhpt4AaABAg;None;Vrtx9G9lEuM;@Withered777;UCd5g4Ajal59FEPyw4pKG_og;http://www.youtube.com/@Withered777;I’ve started learning this today with my dad lol😂<br><br>I know how to use Strings, input, output, print and create variables <br><br>Edit: I quit.;"I’ve started learning this today with my dad lol😂

I know how to use Strings, input, output, print and create variables 

Edit: I quit.";95;14
UgzbQzBL8E7Md0XSBXl4AaABAg;None;Vrtx9G9lEuM;@Pravo.Slavac;UCg6RJaEgD9-PjMNd4Clq63g;http://www.youtube.com/@Pravo.Slavac;I started off with python but you basically just import giant amounts of code. I use c++ now and i could learn java or most languages really quickly.;I started off with python but you basically just import giant amounts of code. I use c++ now and i could learn java or most languages really quickly.;16;0
Ugxqq7_TjgCVQWl3rSl4AaABAg;None;Vrtx9G9lEuM;@UmeshNeupane-1001;UC_4kUFfRYMKBDYrmhuJZYSA;http://www.youtube.com/@UmeshNeupane-1001;Not only by C++ developer Java developers also;Not only by C++ developer Java developers also;24;4
Ugxj-2nAm2wZj_pXael4AaABAg;None;Vrtx9G9lEuM;@CoachIceman;UCc6-mqg9whIvOkOu9pzeh1A;http://www.youtube.com/@CoachIceman;Python to the world;Python to the world;15;0
UgyhWQmaJi_wf7LvH9d4AaABAg;None;Vrtx9G9lEuM;@ThomasKelvinWorkspace;UCVHp9O3qo-jFXotVY-3QQoA;http://www.youtube.com/@ThomasKelvinWorkspace;Python is the greatest for me💙;Python is the greatest for me💙;4;0
UgzcEPXzXnaPHw2Pkkh4AaABAg;None;Vrtx9G9lEuM;@ndumisomtshali383;UCRx98PGUYTXSRad7N9UvGWQ;http://www.youtube.com/@ndumisomtshali383;"I still don&#39;t like Python. I&#39;ve used it to create a face recognition program. I just C++ us much better to read.";I still don't like Python. I've used it to create a face recognition program. I just C++ us much better to read.;11;0
UgzD3qAqMVW9-bkSy_N4AaABAg;None;Vrtx9G9lEuM;@dominikskeries;UCa-Xv_iShL5m1T45HAcJr2g;http://www.youtube.com/@dominikskeries;If it had brackets I would love it the indentation stuff is strange;If it had brackets I would love it the indentation stuff is strange;0;0
Ugzj78uIcWXUEBArZE14AaABAg;None;Vrtx9G9lEuM;@mukithasan9684;UCLWyF2OLyWnVkhk5drJbbcQ;http://www.youtube.com/@mukithasan9684;"I still don&#39;t get it why lot of people hate python?";I still don't get it why lot of people hate python?;11;5
UgwkUcemYv2h43-K8FJ4AaABAg;None;Vrtx9G9lEuM;@justinluppnow4651;UCHIHX4PP1cUrQIjdIFLs1uQ;http://www.youtube.com/@justinluppnow4651;Started python today can build my own name generator and switch variables 🥳🥳;Started python today can build my own name generator and switch variables 🥳🥳;4;1
Ugxx-oZA25DdZ23v9Xt4AaABAg;None;Vrtx9G9lEuM;@epos_rising;UCC19ufEwGV9hxhVkmW6OCiw;http://www.youtube.com/@epos_rising;cool video!;cool video!;0;0
UgzMLxQgP74dlt8Qntl4AaABAg;None;Vrtx9G9lEuM;@Bob_Burton;UCsNdPXB5UnO-m54zGte9NFQ;http://www.youtube.com/@Bob_Burton;"If Python is so great then why isn&#39;t the Python interpreter written in Python ?";If Python is so great then why isn't the Python interpreter written in Python ?;6;4
UgyHaxr6EfZntSA2KyR4AaABAg;None;Vrtx9G9lEuM;@Nanno888;UCoM1JykMJhX3WEVNBhrtotQ;http://www.youtube.com/@Nanno888;"As a python Developer, it&#39;s Fucking nightmare to work with 💀";As a python Developer, it's Fucking nightmare to work with 💀;10;3
UgxHZQC_G07mpDlfLYx4AaABAg;None;Vrtx9G9lEuM;@saifmarza728;UCIUMoApkr56m98ucBXTeb1Q;http://www.youtube.com/@saifmarza728;Can you talk about data warehousing?;Can you talk about data warehousing?;1;0
UgxutRzVVwFZei3r4aZ4AaABAg;None;Vrtx9G9lEuM;@trevorwoolf8176;UCOtV_ouIpMCmgV1ctrFfzMQ;http://www.youtube.com/@trevorwoolf8176;Python appears to have similarities to basic.;Python appears to have similarities to basic.;0;0
Ugya1I_jqGN23BdG2dh4AaABAg;None;Vrtx9G9lEuM;@nateswxrld;UCacZaByB0cjKw5eYMCLm85A;http://www.youtube.com/@nateswxrld;I just wanna be able to do what my uncle did back when I was  kid oh you want rocket launchers in mine craft. Here ya go want your own skins and weapons in Diablo 2 here you GOOO;I just wanna be able to do what my uncle did back when I was  kid oh you want rocket launchers in mine craft. Here ya go want your own skins and weapons in Diablo 2 here you GOOO;0;0
UgwwQ2wVZBbg0izzmJB4AaABAg;None;Vrtx9G9lEuM;@evansboafo5083;UCD0kPhJHbRkDiJrpA77l3AA;http://www.youtube.com/@evansboafo5083;Bro never goes straight to the point!!!🤦‍♂️🤦‍♂️🤦‍♂️;Bro never goes straight to the point!!!🤦‍♂️🤦‍♂️🤦‍♂️;0;0
Ugx_tf7BhoHAK-NAGeV4AaABAg;None;Vrtx9G9lEuM;@MarshallMyanmar;UCSmNNTIdQOgDLsraRxrsv5g;http://www.youtube.com/@MarshallMyanmar;"Never understand why people keep saying python is slow. We take one week to deliver a project that C++ and Java developer will take one month to complete cause they were to busy fighting against a &quot;;&quot; or &#39;{}&quot;. And yeah Billy your programm run faster but you still misses you deadline and now you&#39;re jobless 😂<br><br><br>P.S: Just joking though. Every language has been made to fullfil a purpose. Python&#39;s one for example is to be simple. And C++ is made to be fast. I even use it when performance is needed but that doesn&#39;t change my love for python simplicity";"Never understand why people keep saying python is slow. We take one week to deliver a project that C++ and Java developer will take one month to complete cause they were to busy fighting against a "";"" or '{}"". And yeah Billy your programm run faster but you still misses you deadline and now you're jobless 😂


P.S: Just joking though. Every language has been made to fullfil a purpose. Python's one for example is to be simple. And C++ is made to be fast. I even use it when performance is needed but that doesn't change my love for python simplicity";3;1
UgwIrzkiYYiXp7PXudJ4AaABAg;None;Vrtx9G9lEuM;@qugnf5j;UCaPdHJteo6J1k1BVmG9daaA;http://www.youtube.com/@qugnf5j;Can i still start to learn to code python  as an old person to earn extra income?;Can i still start to learn to code python  as an old person to earn extra income?;5;1
UgxEUywmHGJNtCcJNbp4AaABAg;None;Vrtx9G9lEuM;@carlosjavierlopezhidalgo;UCZBFaeFj2tiEK6YtHS8JG9g;http://www.youtube.com/@carlosjavierlopezhidalgo;"The popular one isn&#39;t JavaScript 🤔?";The popular one isn't JavaScript 🤔?;0;1
UgyAsGe22xLR7yYjvjB4AaABAg;None;Vrtx9G9lEuM;@cbbcbb6803;UCt6iSKYUCEeVyIxc-TPA5gg;http://www.youtube.com/@cbbcbb6803;Why can I not have a programming language in which its source code looks like what I want it to look like?;Why can I not have a programming language in which its source code looks like what I want it to look like?;0;1
Ugz0iZ_cLladLBPy9QN4AaABAg;None;Vrtx9G9lEuM;@yurithehenrique2578;UCBM43bR6-wieMtFTMRZXmRw;http://www.youtube.com/@yurithehenrique2578;Paithon or Peethon? Who knows?;Paithon or Peethon? Who knows?;0;0
UgyNY_jIZt3EdCVljkh4AaABAg;None;Vrtx9G9lEuM;@Roxiz0124;UCqM-bYAeCwTRLXHh2eKk5eQ;http://www.youtube.com/@Roxiz0124;Python 3.7 pls;Python 3.7 pls;0;0
UgwsmjtfEh0-h32bzux4AaABAg;None;Vrtx9G9lEuM;@ma3loma.-fk8sb;UChBC5o9vb_GHidUJ7GSeNQg;http://www.youtube.com/@ma3loma.-fk8sb;❤❤;❤❤;0;0
UgymJciZOPk0RipOkIZ4AaABAg;None;Vrtx9G9lEuM;@Sylvester-r1t;UC-7nNu0FThrkm1UeCT2ayLw;http://www.youtube.com/@Sylvester-r1t;Please help me to know how I can install python into my computer,each time I try it really disturbs;Please help me to know how I can install python into my computer,each time I try it really disturbs;0;0
UgzXNykb7WVoPq1GBcp4AaABAg;None;Vrtx9G9lEuM;@EchezonaDibia;UCBL1DSrWt9eToH2ZPfzOGfA;http://www.youtube.com/@EchezonaDibia;Uh huh.;Uh huh.;1;0
Ugys8EagROpr77HJPMF4AaABAg;None;Vrtx9G9lEuM;@WhatsTheWordBozo;UCKkTgd1rMGS49jbQJd7j9_w;http://www.youtube.com/@WhatsTheWordBozo;"As a c++ user, I don&#39;t like python mainly because how heavy it is, not how simple it is. A hello world script is like 10x that of a 40 lined c++ file. That being said it has a lot of utility when you aren&#39;t running on imbedded devices";As a c++ user, I don't like python mainly because how heavy it is, not how simple it is. A hello world script is like 10x that of a 40 lined c++ file. That being said it has a lot of utility when you aren't running on imbedded devices;0;0
Ugz8h05d_DuPTAvujXN4AaABAg;None;Vrtx9G9lEuM;@dtriplett03;UCaTY0Bg3DwBVRu_pb9N99aQ;http://www.youtube.com/@dtriplett03;🐍;🐍;1;0
UgzzcTjwlKJnZlhHgCJ4AaABAg;None;Vrtx9G9lEuM;@markdemasseur;UCGRGdmYB-cokIN65mcS6Jyw;http://www.youtube.com/@markdemasseur;Can i learn Python in 1 mot h?;Can i learn Python in 1 mot h?;0;11
UgzGnTe9TGJlN5jiw354AaABAg;None;Vrtx9G9lEuM;@JustMathVibe;UCugaR6TyDLlvZK4r6NZ1sXw;http://www.youtube.com/@JustMathVibe;Kiwi 😂 such a dumb ass for mobile 😂;Kiwi 😂 such a dumb ass for mobile 😂;0;0
UgwoXcaFSqe_MlWjXCx4AaABAg;None;Vrtx9G9lEuM;@eaglerock82;UC64AUlP9jNkcNaN6xntdkZQ;http://www.youtube.com/@eaglerock82;Fuck python…i love java more ❤;Fuck python…i love java more ❤;2;0
Ugxsq5Gj-6qVTG7zDnx4AaABAg;None;Vrtx9G9lEuM;@Joun-j3e;UC854D8hG4f6qt4yGxnffqyw;http://www.youtube.com/@Joun-j3e;I cannot keep listening because of the stupid sounding AI cadence wtf?;I cannot keep listening because of the stupid sounding AI cadence wtf?;0;0
UgyrvK6zuDHzn-jGsGZ4AaABAg;None;Vrtx9G9lEuM;@jayshreejha1308;UCLyj7cN8ad0z6cIvD-XxBpQ;http://www.youtube.com/@jayshreejha1308;❤❤;❤❤;0;0
UgxsjPE5gtTYs92XahF4AaABAg;None;vE7Cy5csYbQ;@peters-adventure;UCaRDTQ1HEBqD6Z4lVF3mZTQ;http://www.youtube.com/@peters-adventure;Overview was worth every second! This video motivates me to finish the course I got pulled away from for other priorities.;Overview was worth every second! This video motivates me to finish the course I got pulled away from for other priorities.;31;1
UgwSOrkbb5MCNCry6uJ4AaABAg;None;vE7Cy5csYbQ;@kamronqobilov1954;UCNU_HxprHDoqfLF6e64ky7g;http://www.youtube.com/@kamronqobilov1954;I watch the video and now i am full stack python developer;I watch the video and now i am full stack python developer;104;10
UgxGEG1sdinxcN6Bu494AaABAg;None;vE7Cy5csYbQ;@Sparklemo7ionSelections;UC0G_yDzcNorn2BDLRkWLbQQ;http://www.youtube.com/@Sparklemo7ionSelections;"You&#39;re the man Mosh😎 I like that you&#39;re more active on youtube recently :)";You're the man Mosh😎 I like that you're more active on youtube recently :);37;1
UgycUYBBe9laz45JU5F4AaABAg;None;vE7Cy5csYbQ;@ManjulaManjula-fh6sl;UC2beKnZwGuGk6nu_VrOXUvA;http://www.youtube.com/@ManjulaManjula-fh6sl;Please make an new playlist of dsa it would help a lot of students for the college!;Please make an new playlist of dsa it would help a lot of students for the college!;2;0
Ugxs2qU2y7q_8ngAzGd4AaABAg;None;vE7Cy5csYbQ;@MyCodingDiary;UC_-Sg3dW0yIathaX7-RtJMQ;http://www.youtube.com/@MyCodingDiary;You have a gift for teaching. Truly remarkable!;You have a gift for teaching. Truly remarkable!;8;0
UgzgR9sfImRGJ12bgnx4AaABAg;None;vE7Cy5csYbQ;@harukoto9289;UCaV8VVGdQULuDV9u4DMUDNg;http://www.youtube.com/@harukoto9289;i learned python beginner tutorials from you back when i was 16 and it was my first language<br>now i am 18 and working as a indie game dev still using python lol;"i learned python beginner tutorials from you back when i was 16 and it was my first language
now i am 18 and working as a indie game dev still using python lol";6;1
UgzoqiT1po6AV2Ju9R94AaABAg;None;vE7Cy5csYbQ;@Nigel_Nk;UCb_WUs6rPPv_8f17PECUx9w;http://www.youtube.com/@Nigel_Nk;"My favorite language though I switched to Java in 2021, I wanted to have good understanding of OOPs first. Now am back to python. I rewatched your 6 hr python crush course and I don&#39;t why understand it very well now 😅";My favorite language though I switched to Java in 2021, I wanted to have good understanding of OOPs first. Now am back to python. I rewatched your 6 hr python crush course and I don't why understand it very well now 😅;4;0
Ugwop7SkjxrY9zROSWh4AaABAg;None;vE7Cy5csYbQ;@FutureCodingStars;UCXCEXokpYE4oL3-r3hR0ebA;http://www.youtube.com/@FutureCodingStars;"Mosh, what a fantastic, quick intro to Python! You&#39;ve perfectly highlighted why it&#39;s so great for beginners. Emphasizing indentation is key; it&#39;s a simple concept that makes a huge difference. Showing how this simple syntax can power complex things like AI is truly inspiring for new coders.";"Mosh, what a fantastic, quick intro to Python! You've perfectly highlighted why it's so great for beginners. Emphasizing indentation is key; it's a simple concept that makes a huge difference. Showing how this simple syntax can power complex things like AI is truly inspiring for new coders.";0;0
UgwykcmEyNwlRFHpYct4AaABAg;None;vE7Cy5csYbQ;@Obidrives;UCcjipgckeAvSeMenLsaz-aQ;http://www.youtube.com/@Obidrives;"I&#39;m studying web development and i really enjoy watching your videos I learn a lot from them";I'm studying web development and i really enjoy watching your videos I learn a lot from them;1;0
UgzsOngZLGB026xirIh4AaABAg;None;vE7Cy5csYbQ;@tamilalagarsamy3857;UCrwy4Gi10F5bkSSjF4FZ91A;http://www.youtube.com/@tamilalagarsamy3857;Thanks a lot Mosh ❤<br>Please create a new playlist The python series begins to advance.;"Thanks a lot Mosh ❤
Please create a new playlist The python series begins to advance.";3;0
UgwMGNI9HBUyGH-fPz94AaABAg;None;vE7Cy5csYbQ;@morsusv;UCI8O27O6hhCGcWOMDNpu4Xg;http://www.youtube.com/@morsusv;this guy, sat for 2 minutes and talked about python, and then released it for free. legend;this guy, sat for 2 minutes and talked about python, and then released it for free. legend;2;0
UgydU5Emq_1Wf7MiyYN4AaABAg;None;vE7Cy5csYbQ;@Monster-ql3sg;UCBLGQLARNOutCWuTTBm1ynw;http://www.youtube.com/@Monster-ql3sg;"I&#39;m  learning front end i would love to know .<br>• How software development companies work in team .<br>• How they manage projects with team.<br>This type of questions alwas goes around in my head .<br>I think all biggners deal with this .<br>It would be so helpful if you make a video about it 😄.";"I'm  learning front end i would love to know .
• How software development companies work in team .
• How they manage projects with team.
This type of questions alwas goes around in my head .
I think all biggners deal with this .
It would be so helpful if you make a video about it 😄.";0;0
UgwVWYP3NnzIbd83oBB4AaABAg;None;vE7Cy5csYbQ;@Techwize-academy;UCNaEhACGR_ULhzqk6NuMnkA;http://www.youtube.com/@Techwize-academy;Great mosh, i just want to remind you to make a video about specific backend skills you need to master u already uploaded the front-end part;Great mosh, i just want to remind you to make a video about specific backend skills you need to master u already uploaded the front-end part;1;1
UgwtSX6oNgP-zzi1RP14AaABAg;None;vE7Cy5csYbQ;@birsingh5388;UC5ogy4RuuERAR4MxL8iKEeg;http://www.youtube.com/@birsingh5388;One thing need to fix is to remove the suggestion video at the end of the video;One thing need to fix is to remove the suggestion video at the end of the video;12;0
UgxSTygR-wG0VmHTEpx4AaABAg;None;vE7Cy5csYbQ;@CodingAddicts;UC-LO4uJI8jEWh72DyXhDYkw;http://www.youtube.com/@CodingAddicts;Can you make a video on CSS Tutorial for Beginners like you did with HTML, JavaScript, and React. I am currently studying to become a Web Dev;Can you make a video on CSS Tutorial for Beginners like you did with HTML, JavaScript, and React. I am currently studying to become a Web Dev;1;0
UgxS552Z2T11PQNC4CJ4AaABAg;None;vE7Cy5csYbQ;@Ubben1999;UCN-pfDrzRf1X8KmK5fZUrSw;http://www.youtube.com/@Ubben1999;"<a href=""https://www.youtube.com/watch?v=vE7Cy5csYbQ&amp;t=44"">0:44</a> “…you can run your code without a compilation step…”<br><br>This is a common misconception. There is no widely used implementation of Python that doesn’t have a compile step. You just don’t (typically) do it manually.<br><br>In fact, there is no widely used general purpose programming language that does not employ a compiler of some sort.";"0:44 “…you can run your code without a compilation step…”

This is a common misconception. There is no widely used implementation of Python that doesn’t have a compile step. You just don’t (typically) do it manually.

In fact, there is no widely used general purpose programming language that does not employ a compiler of some sort.";0;0
UgzhEIoEtygjohPIBFR4AaABAg;None;vE7Cy5csYbQ;@nkhofi;UCtbUtCVBl1M5QSFp59E2o4A;http://www.youtube.com/@nkhofi;Mosh you’re great! Any free machine learning site ?;Mosh you’re great! Any free machine learning site ?;0;0
UgwrtP48XfNQlad8d394AaABAg;None;vE7Cy5csYbQ;@omondif9;UCTX4Y4j3Jd8nb-47jy4CYcg;http://www.youtube.com/@omondif9;Hi Moshe, kindly add update your python course with some projects for better understanding. Thanks for sharing;Hi Moshe, kindly add update your python course with some projects for better understanding. Thanks for sharing;0;0
Ugzflx6JK133KdZOX0d4AaABAg;None;vE7Cy5csYbQ;@HKSWAG_99;UCN-vyVThxp3aSR3iRp7dnVw;http://www.youtube.com/@HKSWAG_99;Great 💯;Great 💯;0;0
Ugy2dtjJk1qnbx1Xn3d4AaABAg;None;vE7Cy5csYbQ;@shahi_42;UC4CG3DehxreYUy7t6-K7U2A;http://www.youtube.com/@shahi_42;fireship got a new competitor🔥;fireship got a new competitor🔥;3;1
Ugy8IhzBi2SxS94K81Z4AaABAg;None;vE7Cy5csYbQ;@Soraj_83;UC0NSR3gQTRrpdsEcyemHTCw;http://www.youtube.com/@Soraj_83;ممنون همدانی عزیز .<br>روی کدام پلت فرم با پایتون میتونیم در بخش AI کار کنیم ؟;"ممنون همدانی عزیز .
روی کدام پلت فرم با پایتون میتونیم در بخش AI کار کنیم ؟";1;0
UgzK0JLe3EPeR99h2uB4AaABAg;None;vE7Cy5csYbQ;@SoheilStorm934;UCoEPtddRdAsZ65LYi7zYCTA;http://www.youtube.com/@SoheilStorm934;Python is a complete and good programming language.;Python is a complete and good programming language.;0;0
UgzUcGuFqJeinxPqsGh4AaABAg;None;vE7Cy5csYbQ;@shadowlegend9751;UC-CE1pV_rTf7pMpqFn5dP-A;http://www.youtube.com/@shadowlegend9751;Python is simple and yet so complicated.;Python is simple and yet so complicated.;0;0
UgyS1MmTSsbF8uYbnwZ4AaABAg;None;vE7Cy5csYbQ;@bharatdas92;UCGhs9g7dDv66mZp0HJY_uow;http://www.youtube.com/@bharatdas92;Sir, please make some videos on Java springboot and microservices;Sir, please make some videos on Java springboot and microservices;0;0
Ugyx-fAeJdfJC8q-IHF4AaABAg;None;vE7Cy5csYbQ;@bobursymon2397;UCNA2YS-Ei8ffGc3t7FNuWKQ;http://www.youtube.com/@bobursymon2397;"Better than Fireship&#39;s 100 seconds videos no rushing, simple and concise";Better than Fireship's 100 seconds videos no rushing, simple and concise;9;2
UgxeOqhk5ilkQ6b3BMJ4AaABAg;None;vE7Cy5csYbQ;@chandrasekars8904;UCk7GNe7eKUBxaaL3BYibulg;http://www.youtube.com/@chandrasekars8904;"This is really an excellent channel on  Python like  &quot;techie talkee&quot;";"This is really an excellent channel on  Python like  ""techie talkee""";0;0
UgwEPJw3hTWVbEiK0AF4AaABAg;None;vE7Cy5csYbQ;@devpatel9217;UCMHjy8s-GgDhfe_EIulpnag;http://www.youtube.com/@devpatel9217;Please make new playlist for python  beginners to advance;Please make new playlist for python  beginners to advance;0;0
UgyZHRfU9ZkxBz7TZ_F4AaABAg;None;vE7Cy5csYbQ;@jaysikotar9860;UCWMNNSwdH2QPfmYnhD4KNJA;http://www.youtube.com/@jaysikotar9860;Mosh your videos are good;Mosh your videos are good;1;0
Ugy2o0eN2JGht6mZoQB4AaABAg;None;vE7Cy5csYbQ;@Ali-hh9oi;UC9gJPyPg6guvYr_39lTJf-g;http://www.youtube.com/@Ali-hh9oi;"Python is actually loved by c++ programmers and it&#39;s 2nd language for 90% of c++ developers. (Check statistics and reports)";Python is actually loved by c++ programmers and it's 2nd language for 90% of c++ developers. (Check statistics and reports);0;0
Ugw9nNKaUDqLeRUgIKx4AaABAg;None;vE7Cy5csYbQ;@CultureofSpeech;UC2wTlQtEUXUV2vX7_E0ZLhw;http://www.youtube.com/@CultureofSpeech;Bravo 🎉 impressive 😍 Lit 💡 🌠 Gratitude for your satisfactory Work 🚀🌱;Bravo 🎉 impressive 😍 Lit 💡 🌠 Gratitude for your satisfactory Work 🚀🌱;0;0
UgwXP284XUVKDJs-36R4AaABAg;None;vE7Cy5csYbQ;@guilherme5094;UCMsa3vpbs7Fyj2m1EtLCJUg;http://www.youtube.com/@guilherme5094;I Really like C++ and Python, for me they are like Riggs and Murtaugh from Lethal Weapon.;I Really like C++ and Python, for me they are like Riggs and Murtaugh from Lethal Weapon.;0;0
Ugy-CXowPoTnWGnrgWF4AaABAg;None;vE7Cy5csYbQ;@snekface1707;UCiXdNCeRRcvIKlkrqSP4wnA;http://www.youtube.com/@snekface1707;"I think i&#39;d like python a lot more if it had curly braces. Relying on tabbing to indicate scope just makes things harder to read imo";I think i'd like python a lot more if it had curly braces. Relying on tabbing to indicate scope just makes things harder to read imo;0;0
UgwMadYUidV-3N0t5Fd4AaABAg;None;vE7Cy5csYbQ;@gamer_sihab99;UC9J1qUNkM6E--dpX1oK2aPA;http://www.youtube.com/@gamer_sihab99;please upload a automation using python course in your youtube channel;please upload a automation using python course in your youtube channel;0;0
UgzecDp_7DA0pi7FsJh4AaABAg;None;vE7Cy5csYbQ;@hasnainalam9186;UCbD81OEMQ-JOhdRGDCyOdCg;http://www.youtube.com/@hasnainalam9186;Great knowledge;Great knowledge;0;0
UgwBE4qu8WApq3v24q54AaABAg;None;vE7Cy5csYbQ;@bharath2508;UCNLsDS66jLmtNx1O4zSk5GA;http://www.youtube.com/@bharath2508;Even Maggi takes more than 2 minutes;Even Maggi takes more than 2 minutes;2;0
Ugyl-YWLEPxmAsG7-8t4AaABAg;None;vE7Cy5csYbQ;@Pythonist_01;UCqN3cO_0sTFnFj_MXsFdaGw;http://www.youtube.com/@Pythonist_01;Kinda awkward but ill choose python no matter what 😅;Kinda awkward but ill choose python no matter what 😅;1;0
UgxC53O3Detoripm-9d4AaABAg;None;vE7Cy5csYbQ;@vibezmania;UC-OKAH7Rin04DGpW5C5AqZw;http://www.youtube.com/@vibezmania;"<a href=""https://www.youtube.com/watch?v=vE7Cy5csYbQ&amp;t=23"">0:23</a>";0:23;0;0
Ugx14XmmE38cKR5AETZ4AaABAg;None;vE7Cy5csYbQ;@Itwasnme;UCO5gNxVNDcnOZg4ut7eRbEA;http://www.youtube.com/@Itwasnme;"Mr mosh I was wondering, if one wanted to created an advance user interface like jarvis in iron man or maybe an ai virtual assistant what learning path would make sense. I&#39;m currently learning js from you";Mr mosh I was wondering, if one wanted to created an advance user interface like jarvis in iron man or maybe an ai virtual assistant what learning path would make sense. I'm currently learning js from you;0;0
UgyCVa3Dvz14ljKx4dh4AaABAg;None;vE7Cy5csYbQ;@this.channel;UCLQNBfefReJ2vDKR5b83I2g;http://www.youtube.com/@this.channel;Mosh, what do you think of Go?;Mosh, what do you think of Go?;0;0
UgxdGRB-iRZb2DhHI4B4AaABAg;None;vE7Cy5csYbQ;@pastuh;UCpyyTFf7untbmqhgD7n45YQ;http://www.youtube.com/@pastuh;indent is confusing for sure :);indent is confusing for sure :);0;0
Ugwj0MhMsgQ0QJ8aVqZ4AaABAg;None;vE7Cy5csYbQ;@salahtamimy5322;UCdKzUkHzoVBPefFZPTSY8tA;http://www.youtube.com/@salahtamimy5322;Amazing...thanks;Amazing...thanks;0;0
UgwIbaMdvaZMR6wwqrV4AaABAg;None;vE7Cy5csYbQ;@divyanshgoel128;UCFBOzIYqmjUkg1jndEEjHwA;http://www.youtube.com/@divyanshgoel128;First time typing first;First time typing first;9;1
UgyPqfNshHJxS0zPi6B4AaABAg;None;vE7Cy5csYbQ;@-InnOCenT-44;UC8iaA3qa24Or5UZ8nagyOMw;http://www.youtube.com/@-InnOCenT-44;"I&#39;m a C++ and python programmer but i don&#39;t hate python 😅❤...";I'm a C++ and python programmer but i don't hate python 😅❤...;0;4
UgwZXEoZgeyVeEX1VHx4AaABAg;None;vE7Cy5csYbQ;@Thuya-ov7nu;UC81rJVMpMkauGofEoElhZWQ;http://www.youtube.com/@Thuya-ov7nu;Make for java;Make for java;0;0
UgxhY-eAMCYDX6FZCxl4AaABAg;None;vE7Cy5csYbQ;@loribryant4999;UCK5QcTB9Mj8b4HAshWEKNpw;http://www.youtube.com/@loribryant4999;Hey mosh can you create a kotlin course for android developers 😊;Hey mosh can you create a kotlin course for android developers 😊;0;0
UgwajoFhlW_iDIJpfzR4AaABAg;None;vE7Cy5csYbQ;@cn_edit-s;UCDUiOt4hygfkxIfA12OkAHA;http://www.youtube.com/@cn_edit-s;Hi sir I am Albert, (interesting fact- I am 14 years old). I hear your python classes, and I like that teaching style.  I am glad that I have now learned python, HTML, CSS, Arduino C++ and some Java, Thanks to you sir. I learned Arduino C++ and CSS from other sources but, you were my inspiration.;Hi sir I am Albert, (interesting fact- I am 14 years old). I hear your python classes, and I like that teaching style.  I am glad that I have now learned python, HTML, CSS, Arduino C++ and some Java, Thanks to you sir. I learned Arduino C++ and CSS from other sources but, you were my inspiration.;1;0
UgwYg_8FrL95N24GoKp4AaABAg;None;vE7Cy5csYbQ;@sasankcurious2.0;UCPu-OvoBckHIp2Y8HVoWVrQ;http://www.youtube.com/@sasankcurious2.0;Can you create a complete Mern Stack development course on YouTube I have interest to learn it and i want to become full stack web developer;Can you create a complete Mern Stack development course on YouTube I have interest to learn it and i want to become full stack web developer;0;0
UgzCy5v2kEqAMekCCCF4AaABAg;None;vE7Cy5csYbQ;@rajatmehra2186;UCPS1bUBApJq45ulNTkEGbkQ;http://www.youtube.com/@rajatmehra2186;Oops tutorial for python please;Oops tutorial for python please;0;0
UgwxjE69trhejTpvrrp4AaABAg;None;vE7Cy5csYbQ;@WinnerSingh;UCSaLBmSTOIRWEAUS_-katbQ;http://www.youtube.com/@WinnerSingh;Salute to German who invent python <br> I am improving skills from code academy;"Salute to German who invent python 
 I am improving skills from code academy";0;0
UgzirC0B5l8Me8GZv9p4AaABAg;None;vE7Cy5csYbQ;@birsingh5388;UC5ogy4RuuERAR4MxL8iKEeg;http://www.youtube.com/@birsingh5388;"After 100 seconds videos now it&#39;s time for 2 minutes videos 😅";After 100 seconds videos now it's time for 2 minutes videos 😅;0;0
Ugxe7Ix_blK8IWdepnB4AaABAg;None;bjFvcFjJpE0;@MandolinSashaank;UCchEbytUj7Fhz7JIR18JPtA;http://www.youtube.com/@MandolinSashaank;"Well guys let me tell you my story. I was completely zero in programming and my friends also used to make fun of me in my college days. But one day I stumbled upon Mosh&#39;s python tutorial. Seriously it changed my entire thought about programming and I started to love coding and not only that, I also could teach others how to code which I never could in my college days. Simultaneously I could learn java too. Now I have started my job as an associate software engineer. As Mosh says python, java and javascript are the most important programming languages for 2020. Just give it a shot guys. You will all start to love coding like me. I guess some people like Mosh are indeed born to change others lives for the good. <a href=""http://www.youtube.com/results?search_query=%23respect"">#Respect</a>  🙏";Well guys let me tell you my story. I was completely zero in programming and my friends also used to make fun of me in my college days. But one day I stumbled upon Mosh's python tutorial. Seriously it changed my entire thought about programming and I started to love coding and not only that, I also could teach others how to code which I never could in my college days. Simultaneously I could learn java too. Now I have started my job as an associate software engineer. As Mosh says python, java and javascript are the most important programming languages for 2020. Just give it a shot guys. You will all start to love coding like me. I guess some people like Mosh are indeed born to change others lives for the good. #Respect  🙏;1873;49
Ugy5W8k5mT7lZpxIMdJ4AaABAg;None;bjFvcFjJpE0;@IT-Entrepreneur;UClSifSDfpK_8EQ4KOdYKQuw;http://www.youtube.com/@IT-Entrepreneur;In 2020 I switched from c# (asp.core) to golang (gin gonic) for backend programming and to Javascript (vuejs) for frontend. I do not regret my decision. Having one enterprise application running on this stack right now and the second is in development;In 2020 I switched from c# (asp.core) to golang (gin gonic) for backend programming and to Javascript (vuejs) for frontend. I do not regret my decision. Having one enterprise application running on this stack right now and the second is in development;8;0
UgyNQOy1FLCfBvTLz2R4AaABAg;None;bjFvcFjJpE0;@stergiosbampakis;UC1Y5OTzj3s158uoKjKazi3g;http://www.youtube.com/@stergiosbampakis;You hit the correct spot. <br>Although Java is strictly typed and verbose, once you learn java you can easily learn anything else easier!;"You hit the correct spot. 
Although Java is strictly typed and verbose, once you learn java you can easily learn anything else easier!";25;1
UgxwbzqMtc9EgCuBzxF4AaABAg;None;bjFvcFjJpE0;@nicolelove6230;UCOos8-0QmBS_OA2OF_Xr_sg;http://www.youtube.com/@nicolelove6230;"I&#39;m dieing to learn about this! <br>Yet I&#39;m a beginer, n have no skills yet I&#39;m so excited, scared, desperate, &amp; willing to get started like asap!!";"I'm dieing to learn about this! 
Yet I'm a beginer, n have no skills yet I'm so excited, scared, desperate, & willing to get started like asap!!";36;4
UgxmgxT2rrGiApY6WN14AaABAg;None;bjFvcFjJpE0;@Charles99keps;UCQDX3yJRD8_kXbXI6guwPpg;http://www.youtube.com/@Charles99keps;"One of the best YouTube channel 2020:&gt;";One of the best YouTube channel 2020:>;14;0
UgxDSBeCblcjyCJuwwF4AaABAg;None;bjFvcFjJpE0;@fuodoufdpu;UC-k88us4NMy_zDjaoprgy8w;http://www.youtube.com/@fuodoufdpu;You have a real gift for explaining things simply with broad appeal. Great production, too.;You have a real gift for explaining things simply with broad appeal. Great production, too.;9;0
UgzyfXBaPQ2Wjz7bJ0t4AaABAg;None;bjFvcFjJpE0;@cubandev;UCoZG8TSoUAvTfV3Cq3xcVOQ;http://www.youtube.com/@cubandev;"You are indeed the best instructor..I learned Angular with a course by you on Udemy and I am now watching some of your youtube videos...you have a great natural talent for teaching...your explanations are deep and easy to follow at the same time and you always show good practices in the codes you display.....I&#39;m willing to get full access in your site as soon as I can. Best regards. Respect.";You are indeed the best instructor..I learned Angular with a course by you on Udemy and I am now watching some of your youtube videos...you have a great natural talent for teaching...your explanations are deep and easy to follow at the same time and you always show good practices in the codes you display.....I'm willing to get full access in your site as soon as I can. Best regards. Respect.;10;0
Ugy_ZjAmDp2xZ15-fzR4AaABAg;None;bjFvcFjJpE0;@NiranjanNanda;UC0slkbspxcwD1KTerM1KKOA;http://www.youtube.com/@NiranjanNanda;Brian Goetz has nice told in one of his talks - had I earned one dollar each time someone said Java is dead, I would have retired by now 😀;Brian Goetz has nice told in one of his talks - had I earned one dollar each time someone said Java is dead, I would have retired by now 😀;24;0
UgyPYdaGbWJFtoChISl4AaABAg;None;bjFvcFjJpE0;@fouadamine7329;UC1P39zgLZ8q1JyEgn5THH7w;http://www.youtube.com/@fouadamine7329;Looking forward to hearing from you Mr Mosh;Looking forward to hearing from you Mr Mosh;11;0
UgwUGsCvW_J12h0rTCN4AaABAg;None;bjFvcFjJpE0;@abhinavgupta571;UCoA0wht6cMH2syS-s7sFWqg;http://www.youtube.com/@abhinavgupta571;Sir I am 15 years old boy and I want to tell you that I have learnt a lot watching your online about python and now sql . Thank you for teaching me. 😀;Sir I am 15 years old boy and I want to tell you that I have learnt a lot watching your online about python and now sql . Thank you for teaching me. 😀;108;30
UgzglZBKy3OWwjXtZqN4AaABAg;None;bjFvcFjJpE0;@danninemx;UCbThnzWZi9MRHv-xFlEyAOA;http://www.youtube.com/@danninemx;"<a href=""https://www.youtube.com/watch?v=bjFvcFjJpE0&amp;t=158"">2:38</a><br>Mosh: There are no curly braces...<br>{num}: Am I a joke to you?";"2:38
Mosh: There are no curly braces...
{num}: Am I a joke to you?";171;10
UgzKam4obizqkFau9mZ4AaABAg;None;bjFvcFjJpE0;@suryateja6103;UCPOANk_GJM_RLbR4yJmV-Vw;http://www.youtube.com/@suryateja6103;1.python<br>2. java<br>3.javascript;"1.python
2. java
3.javascript";3;0
UgzEhXCASAQwE0KUW7N4AaABAg;None;bjFvcFjJpE0;@Simbatronix;UCAA84PZwIGVkxTtUJ-asjfg;http://www.youtube.com/@Simbatronix;Personally i am putting all my bets on these 3 :<br><br>1.Python<br>2.C# <br>3.JavaScript/ TypeScript;"Personally i am putting all my bets on these 3 :

1.Python
2.C# 
3.JavaScript/ TypeScript";91;11
Ugy9Om3nfOxNkFDSJGR4AaABAg;None;bjFvcFjJpE0;@nehamodi5309;UC0KbnQw-U7-dlrMWAfR3L7w;http://www.youtube.com/@nehamodi5309;"for num in numbers:<br>    while numbers.count(num) &gt; 1:<br>        numbers.remove(num)<br>Please let me know if the above code is optimal for removing duplicates from string";"for num in numbers:
    while numbers.count(num) > 1:
        numbers.remove(num)
Please let me know if the above code is optimal for removing duplicates from string";1;0
UgxCKKuPzzfpQHyy5RR4AaABAg;None;bjFvcFjJpE0;@vijay11186;UCiRUFya-6HK6aueYjoq_CNA;http://www.youtube.com/@vijay11186;I think it would be great if we also mention some languages like GO, Dart, C#  as good to know in 2020;I think it would be great if we also mention some languages like GO, Dart, C#  as good to know in 2020;34;1
UgzOZfK9FBEQw6UBndJ4AaABAg;None;bjFvcFjJpE0;@namangarg3933;UCcjGJ9sGaHPqYYRA_N9EHDw;http://www.youtube.com/@namangarg3933;Mosh, you way of teaching is just amazing.<br>I have been following your tutorials from quite some time.<br>Your voice is comforting and encouraging.<br>Your style of teaching is awesome.<br>I thoroughly enjoyed this video and will surely be subscribing for your monthly package.<br>The collection of courses on your website is phenomenal.<br>Thanks a lot.;"Mosh, you way of teaching is just amazing.
I have been following your tutorials from quite some time.
Your voice is comforting and encouraging.
Your style of teaching is awesome.
I thoroughly enjoyed this video and will surely be subscribing for your monthly package.
The collection of courses on your website is phenomenal.
Thanks a lot.";5;0
UgwVvw9pJFfg8mD6ZPt4AaABAg;None;bjFvcFjJpE0;@AvadhootDandekar;UChHbfMVxaksQCKXsDEZfOsg;http://www.youtube.com/@AvadhootDandekar;Mosh, believe me. I have listened to hundreds of teachers in programming, but you are one of the best. Thanks 💜😊;Mosh, believe me. I have listened to hundreds of teachers in programming, but you are one of the best. Thanks 💜😊;4;0
UgxnIFU6VV5Z6Z-ZtcR4AaABAg;None;bjFvcFjJpE0;@emekaemmanuel4777;UCzDq45hnKNHyyb0vHx1dO6A;http://www.youtube.com/@emekaemmanuel4777;It a pleasure Mr Mosh. I have always loved programing. I am happy to start this course with hope of been able to program very well and to also teach others some day;It a pleasure Mr Mosh. I have always loved programing. I am happy to start this course with hope of been able to program very well and to also teach others some day;2;0
Ugzb-wC6Nc8mluaqujd4AaABAg;None;bjFvcFjJpE0;@ibrahimabdalla1642;UCcjwRg1UQY8IqvtXTuSDo1Q;http://www.youtube.com/@ibrahimabdalla1642;"Aaw, I wanted C# to be on the list. I for some reason find it easier than Python, maybe it&#39;s because C# gives you more fun graphics and my kid brain needs that to be motivated to continue learning.";Aaw, I wanted C# to be on the list. I for some reason find it easier than Python, maybe it's because C# gives you more fun graphics and my kid brain needs that to be motivated to continue learning.;143;14
UgyUqfLFaSToCHtebex4AaABAg;None;bjFvcFjJpE0;@enterte;UCRDbejhNMq0AdIQTnQkvGdQ;http://www.youtube.com/@enterte;Hey mosh My name is Rashid i just want thank you for making my life easy as far programing is concerned... I am currently doing javascript...;Hey mosh My name is Rashid i just want thank you for making my life easy as far programing is concerned... I am currently doing javascript...;7;1
UgzKM_ETwQVW-NZ_4UJ4AaABAg;None;bjFvcFjJpE0;@sifact1391;UC1UJub1pArk3OKipRBZrjHQ;http://www.youtube.com/@sifact1391;Need django full course.;Need django full course.;84;1
UgyFMdFcVLJBmZPy_FN4AaABAg;None;bjFvcFjJpE0;@gameturner3000;UCO4ppG_RoM5nXXvsSUSHEWQ;http://www.youtube.com/@gameturner3000;"I am already learning python with your videos and it&#39;s great and i am sticking on it to complete it";I am already learning python with your videos and it's great and i am sticking on it to complete it;3;0
UgzIAzPQUV0PtyETKkZ4AaABAg;None;bjFvcFjJpE0;@XaralaAcademy;UCtzF4GCqstzrc6UWUNjlQiQ;http://www.youtube.com/@XaralaAcademy;Prediction :<br>1- Python<br>2- JavaScript<br>3- Java;"Prediction :
1- Python
2- JavaScript
3- Java";223;10
UgzsH5BOeWPh3F53S5R4AaABAg;None;bjFvcFjJpE0;@spacesamurai8306;UCfnovrBzWiHcsQR_LXozcTA;http://www.youtube.com/@spacesamurai8306;"Hey i Mosh!<br>I started your python course yesterday and so far it&#39;s best course!!";"Hey i Mosh!
I started your python course yesterday and so far it's best course!!";2;0
Ugxc4kB7chrgYV2A6Ll4AaABAg;None;bjFvcFjJpE0;@peymannaji;UChmFik3Lx2WcIdmRD2sDI-g;http://www.youtube.com/@peymannaji;"Based on my experience in Scandinavia:<br>The most popular programming languages:<br><br>1- C# ( .net core ) and Java <br>2- Python<br>3- Go<br><br>Scripting languages:<br>1- Java script<br>2- Type script<br><br>Which lead you to learn Node js technology. <br><br>And technology:<br>NodeJs<br><br>Personal decision:<br><br>I am a .net Developer for long time since .net 1 and now .net core 3.1. <br><br>My next choice is Go of course if performance is extremely important to you and your project.<br><br>I learnt python &amp; Django framework which is really great &amp; easy to learn  in short time specially if you  have Java script background. performance and security wise I still prefer .net Core technology if it comes to web apps. If you are familar with c# or java, Node js is also is a good choice. But try it with Typescript. <br><br>In General I love C#, Python, Typescript and Nodejs.<br><br>Let&#39;s see how &quot;Go&quot; works for me :)";"Based on my experience in Scandinavia:
The most popular programming languages:

1- C# ( .net core ) and Java 
2- Python
3- Go

Scripting languages:
1- Java script
2- Type script

Which lead you to learn Node js technology. 

And technology:
NodeJs

Personal decision:

I am a .net Developer for long time since .net 1 and now .net core 3.1. 

My next choice is Go of course if performance is extremely important to you and your project.

I learnt python & Django framework which is really great & easy to learn  in short time specially if you  have Java script background. performance and security wise I still prefer .net Core technology if it comes to web apps. If you are familar with c# or java, Node js is also is a good choice. But try it with Typescript. 

In General I love C#, Python, Typescript and Nodejs.

Let's see how ""Go"" works for me :)";52;12
Ugxo8ak1XHaYM_KS7_d4AaABAg;None;bjFvcFjJpE0;@aggi999;UCHnniz4zlQKrtA6s3wfsFbg;http://www.youtube.com/@aggi999;I just used python in my job for the first time. Made a script that takes excel, creates a csv file from it which I can easily use, creates a dictionary of values in it and then deletes the csv. Then it creates a word file and sorts the data into a table inside word and finally makes it look the way I need it to. <br><br>In short, a script that creates a word file from excel;"I just used python in my job for the first time. Made a script that takes excel, creates a csv file from it which I can easily use, creates a dictionary of values in it and then deletes the csv. Then it creates a word file and sorts the data into a table inside word and finally makes it look the way I need it to. 

In short, a script that creates a word file from excel";0;0
Ugzi5Zgf4jOK0_mAQKJ4AaABAg;None;bjFvcFjJpE0;@pratikkamble9823;UC0lXNNM9wv2JRE-e4go6Ecw;http://www.youtube.com/@pratikkamble9823;i know Java, Golang, javaScript , C, C++.<br>In this year I would preferably learn-<br>1) JavaScript frameworks(mostly React)<br>2)  Python <br>3)  C#;"i know Java, Golang, javaScript , C, C++.
In this year I would preferably learn-
1) JavaScript frameworks(mostly React)
2)  Python 
3)  C#";10;2
UgyAFmRfEdnm_SJp3aN4AaABAg;None;bjFvcFjJpE0;@heisamuel__;UCVGERL_GS0AVMa-RsdXXlNw;http://www.youtube.com/@heisamuel__;Mosh is absolutely the best instructor I have ever watched and listen to. You made me fall in love with programming Sir. Thanks alot;Mosh is absolutely the best instructor I have ever watched and listen to. You made me fall in love with programming Sir. Thanks alot;12;0
UgzDHYkzytbuUyLQqbN4AaABAg;None;bjFvcFjJpE0;@binamralamsal3482;UCUp7v6qx9R8zm68bOMWS1OQ;http://www.youtube.com/@binamralamsal3482;"Please Mosh Hamedani,<br><br><br>I have watched a lot of videos of you. I have started from your C# tutorial. You always explain the each part, keywords, etc. of programming languages in details. I have watched your other tutorials including Java, Python, <a href=""http://asp.net/"">ASP.Net</a>, etc. I understood completely from you. I have watched tutorials of other youtubers also but I am not satisfied with others tutorials because they do not explain whole things and their video is always boring. I am not bored while seeing any of your video and I always watch your videos completely. <br>I just want the tutorial for Kotlin. Please upload full course on kotlin which will help me a lot. I hope you will upload full course on Kotlin. I will be eagerly waiting for Kotlin. <br><br><br>Thank you!";"Please Mosh Hamedani,


I have watched a lot of videos of you. I have started from your C# tutorial. You always explain the each part, keywords, etc. of programming languages in details. I have watched your other tutorials including Java, Python, ASP.Net, etc. I understood completely from you. I have watched tutorials of other youtubers also but I am not satisfied with others tutorials because they do not explain whole things and their video is always boring. I am not bored while seeing any of your video and I always watch your videos completely. 
I just want the tutorial for Kotlin. Please upload full course on kotlin which will help me a lot. I hope you will upload full course on Kotlin. I will be eagerly waiting for Kotlin. 


Thank you!";3;0
Ugx5He3iRW0a5sPpv4R4AaABAg;None;bjFvcFjJpE0;@gamestv4875;UCeqdcbIjfUcFJvIKomNE00A;http://www.youtube.com/@gamestv4875;What is nice about this job is that you can still work under quarantine at home.;What is nice about this job is that you can still work under quarantine at home.;2;0
UgwONocW9ej_VjDIt314AaABAg;None;bjFvcFjJpE0;@someuser257;UCvcMD96yYROA8-UXxeX2Vqg;http://www.youtube.com/@someuser257;Mosh, I’ve learned a lot with your tutorials, they are the most understandable out there, thank you!<br>I wanted to ask: how do I build my backend for an app on React Native?;"Mosh, I’ve learned a lot with your tutorials, they are the most understandable out there, thank you!
I wanted to ask: how do I build my backend for an app on React Native?";34;2
UgzvZxTFYyzH38Nx7Dd4AaABAg;None;bjFvcFjJpE0;@Mijanur4262;UCtWJjHVXYX8UTXaWm3hdYHg;http://www.youtube.com/@Mijanur4262;I was in a lot of chaos, I will learn any language, but after watching your video, the chaos is over, thank you brother.;I was in a lot of chaos, I will learn any language, but after watching your video, the chaos is over, thank you brother.;1;2
UgziDaTMD_BqiIsZp_54AaABAg;None;bjFvcFjJpE0;@fabianstephen1950;UCIoUAwPqPDMGVP8ip6WBj_A;http://www.youtube.com/@fabianstephen1950;"I am an Economist and really want to enhance my knowledge of data analysis and looking to understand Python enough and apply it to work. Thanks for the video of Python for beginners. You&#39;re a rare gem Mosh...";I am an Economist and really want to enhance my knowledge of data analysis and looking to understand Python enough and apply it to work. Thanks for the video of Python for beginners. You're a rare gem Mosh...;6;0
UgxfRFZnaBqKBMsvOsh4AaABAg;None;bjFvcFjJpE0;@mohammedogleh5195;UCCewxYSmnyOm0tEJAbmjSFw;http://www.youtube.com/@mohammedogleh5195;Masha Allah I already know Java and I also learned python less than one week for this channel thank you Mosh;Masha Allah I already know Java and I also learned python less than one week for this channel thank you Mosh;1;0
UgwEhfgSAsc8g37Vq5F4AaABAg;None;bjFvcFjJpE0;@bigmancozmo;UCfRDzwOd2dhDMlcpOBQervg;http://www.youtube.com/@bigmancozmo;"<a href=""https://www.youtube.com/watch?v=bjFvcFjJpE0&amp;t=157"">2:37</a> &quot;There are no curly braces&quot;<br>Me: <b>*sees curly braces wrapped around the num variable*</b>";"2:37 ""There are no curly braces""
Me: **sees curly braces wrapped around the num variable**";21;1
Ugw5Zq4cTpoxSFwzw6J4AaABAg;None;bjFvcFjJpE0;@trishank01;UCVXhlwsCs_b5B9L9AuYCEIA;http://www.youtube.com/@trishank01;"You forget to show JavaScript code <br><br><br> var num = 5;   <br> document.write(&quot;Number = &quot;+num+&quot;&lt;br&gt;&quot;);    if(num % 2 == 0) {       document.write(&#39;Number is even!&#39;);    } else {       document.write(&#39;Number is odd!&#39;);    }";"You forget to show JavaScript code 


 var num = 5;   
 document.write(""Number = ""+num+""<br>"");    if(num % 2 == 0) {       document.write('Number is even!');    } else {       document.write('Number is odd!');    }";1;0
Ugyq9ws4SsA5p0gkPpl4AaABAg;None;bjFvcFjJpE0;@rajsaroj4696;UCKlkteduaU7Lyc5Fxw6ACmw;http://www.youtube.com/@rajsaroj4696;"Hey Mosh u r a true inspiration ! I continued my coding journey just because of you whereas the rest of the crowd is busy playing PUBG, Please start DS and Algo series as programming langs come n go ;)";"Hey Mosh u r a true inspiration ! I continued my coding journey just because of you whereas the rest of the crowd is busy playing PUBG, Please start DS and Algo series as programming langs come n go ;)";11;0
Ugwqso-eWiIDPIeKPtZ4AaABAg;None;bjFvcFjJpE0;@geshakrivoshey2375;UCSHYFvIiaVIwDJuE2U903-g;http://www.youtube.com/@geshakrivoshey2375;Python seems the best for me. I am an accountant and started as a Financial Analyst. Data Science is where I would like to head into;Python seems the best for me. I am an accountant and started as a Financial Analyst. Data Science is where I would like to head into;1;0
UgzEhWnp__usmEoQL5F4AaABAg;None;bjFvcFjJpE0;@TornTech1;UCnfZLV_5U11zWExrvrOa6KA;http://www.youtube.com/@TornTech1;Python didn’t rank as “the most wanted” it was ranked as the Language most developers want to use.. they are two different things.;Python didn’t rank as “the most wanted” it was ranked as the Language most developers want to use.. they are two different things.;4;1
Ugx8zGjDGDNFEWCVHLt4AaABAg;None;bjFvcFjJpE0;@death.elixir;UCi0SBiYzZIjHi16b_BCA6JA;http://www.youtube.com/@death.elixir;"i learned the basics of 2 of these really early , i&#39;m glad i was set on the right path";i learned the basics of 2 of these really early , i'm glad i was set on the right path;0;0
UgxVY8GHNflBD0JK1mZ4AaABAg;None;bjFvcFjJpE0;@gbcodiesIrfan;UChvX_lgVGSt37i09hcE7_CQ;http://www.youtube.com/@gbcodiesIrfan;"Assalam-o-alekum..<br>In 2020 i am learning C# from udemy ;) where you had taught :) <br>Thanks alot Mosh ..... best wishes for you &lt;3 &lt;3";"Assalam-o-alekum..
In 2020 i am learning C# from udemy ;) where you had taught :) 
Thanks alot Mosh ..... best wishes for you <3 <3";5;1
UgyrdHBy5vBDv179L7R4AaABAg;None;bjFvcFjJpE0;@rodanzen;UCSwkASotMpPTg1LcPhyweXg;http://www.youtube.com/@rodanzen;"JUMP to <a href=""https://www.youtube.com/watch?v=bjFvcFjJpE0&amp;t=436"">7:16</a> for final verdict";JUMP to 7:16 for final verdict;1;0
UgyxHHYmrd1FyOzvXEx4AaABAg;None;bjFvcFjJpE0;@razakalsharafy4708;UCA42uAAfqN_hE49Vi4JC-LQ;http://www.youtube.com/@razakalsharafy4708;"Thank you. Your tutorials are very professional with high quality explanation.<br>This video topic is always debatable depending on the application area and developer experience.<br>I am not going to suggest a prog. Lang. but commenting on the selection you made which doesn&#39;t seem academic. Python seems similar to Basic language, which I consider one of the best, but after version 3 it becomes too much branched and added a lot of syntax and approbations which caused a lot confusion. <br>And having some AI lib doesn&#39;t make it main tool in that area !!!! Most prog lang has a AI lib but most prof uses prolog/lisp because they are optimized for that purpose.<br>Java was very promising (open source/multi-platform,  based on c++, with out pointers, ...etc)  but that has changed with time. Oracle starts controlling and security became one of the biggest challenge/headache. We have a big java based application which cost us more than 6m dollars and after 10 years of usage, it was not good choice.<br>JS is useful tool created for supporting HTML not as programming language like Java/cobol/c/fortran. Even after the frame work, it stills a tool and I still can not believe how it considers as Prog Lang and to avoid the Master languages like C# with its IDE?";"Thank you. Your tutorials are very professional with high quality explanation.
This video topic is always debatable depending on the application area and developer experience.
I am not going to suggest a prog. Lang. but commenting on the selection you made which doesn't seem academic. Python seems similar to Basic language, which I consider one of the best, but after version 3 it becomes too much branched and added a lot of syntax and approbations which caused a lot confusion. 
And having some AI lib doesn't make it main tool in that area !!!! Most prog lang has a AI lib but most prof uses prolog/lisp because they are optimized for that purpose.
Java was very promising (open source/multi-platform,  based on c++, with out pointers, ...etc)  but that has changed with time. Oracle starts controlling and security became one of the biggest challenge/headache. We have a big java based application which cost us more than 6m dollars and after 10 years of usage, it was not good choice.
JS is useful tool created for supporting HTML not as programming language like Java/cobol/c/fortran. Even after the frame work, it stills a tool and I still can not believe how it considers as Prog Lang and to avoid the Master languages like C# with its IDE?";3;0
UgxalWESJgr43Z7HIjp4AaABAg;None;bjFvcFjJpE0;@sridharshree5194;UCRhPSTTN2GEd5RLvB8d8ZSg;http://www.youtube.com/@sridharshree5194;Question 1<br>Asteroid Size Estimator<br>A scientific research team is trying to study asteroids sizes in the space to assess the impact of collision on earth. It is not possible<br>size of the asteroid. Hence, they provided the relation of one asteroid size with another one. Given the relative size comparisons in<br>equation, your task is to come up with a program which generates an output with relationship with all the asteroids found. Arrange<br>size in descending order.<br>Develop a program to help the research team convert the input specification to standardized output specification. Your program is<br>the relations data as input and produce an output as per corresponding output specification as output.<br>Please note: Custom input option is not available for this question.<br>Sample Input# 1:<br>A,C,D,E<br>E=5 A<br>C=2 D<br>D=100 E<br>code in java or c++​<br><br>Sir please solve this;"Question 1
Asteroid Size Estimator
A scientific research team is trying to study asteroids sizes in the space to assess the impact of collision on earth. It is not possible
size of the asteroid. Hence, they provided the relation of one asteroid size with another one. Given the relative size comparisons in
equation, your task is to come up with a program which generates an output with relationship with all the asteroids found. Arrange
size in descending order.
Develop a program to help the research team convert the input specification to standardized output specification. Your program is
the relations data as input and produce an output as per corresponding output specification as output.
Please note: Custom input option is not available for this question.
Sample Input# 1:
A,C,D,E
E=5 A
C=2 D
D=100 E
code in java or c++​

Sir please solve this";0;0
UgzE1WpbZBYPVmpePuV4AaABAg;None;bjFvcFjJpE0;@ramlamohamed6558;UC5Oc3Z-f7XNG0P1dByqraGg;http://www.youtube.com/@ramlamohamed6558;"I used all of this three programming language 😅 <br>I&#39;m using JS for now ❤";"I used all of this three programming language 😅 
I'm using JS for now ❤";19;1
Ugxc7FP6T9-7MA0xfFp4AaABAg;None;bjFvcFjJpE0;@KaMZaTa;UCWp87917UL0hIvjYuOiso_A;http://www.youtube.com/@KaMZaTa;"I know they are not programming languages but I&#39;d like a course from you on how to build and organize a graphical web page using NPM, HTML, CSS3, and some CSS frameworks to speed up the frontend development.";I know they are not programming languages but I'd like a course from you on how to build and organize a graphical web page using NPM, HTML, CSS3, and some CSS frameworks to speed up the frontend development.;1;0
Ugzn3mebvLK3bMTH28Z4AaABAg;None;bjFvcFjJpE0;@usama_abbasi;UCZcjniMVw3lesF1JEkFB2-w;http://www.youtube.com/@usama_abbasi;Hi, Mosh<br>Please make tutorial for CSS and HTML<br>And also Django if possible.<br>Thanks, and you are great mentor :);"Hi, Mosh
Please make tutorial for CSS and HTML
And also Django if possible.
Thanks, and you are great mentor :)";4;0
Ugx0cu-Sv_k5IbAx0654AaABAg;None;bjFvcFjJpE0;@kripat2414;UCCbzZlpaM8_ji0bw_1wMuEQ;http://www.youtube.com/@kripat2414;there s not only the language,<br>there is the kind(web,software,games/graphics) , there is the technique (to get your results)(mvvm,mvc,mvp,viper...etc), and more things;"there s not only the language,
there is the kind(web,software,games/graphics) , there is the technique (to get your results)(mvvm,mvc,mvp,viper...etc), and more things";0;0
UgzOHoJzSaV4_K0bQHN4AaABAg;None;bjFvcFjJpE0;@mohammadhasanrahmani888;UCw4i8y8wHCsI5UR_nUfp2jg;http://www.youtube.com/@mohammadhasanrahmani888;"And I think it&#39;s worth also talking about new trending languages and platforms for web/mobile app development such as Dart and Flutter! I just started learning Flutter!<br>It&#39;s super powerful when it comes to performance and debugging. It also translates to native platform applications and the language is well designed especially for client side programming. It is super easy to learn and I really like it!<br>Well that&#39;s true! It&#39;s still new so the community is not that much big and powerful!<br>But wait! Can&#39;t it also count as a good opportunity to become a pioneer in something you can foresee its great future? I think it will!";"And I think it's worth also talking about new trending languages and platforms for web/mobile app development such as Dart and Flutter! I just started learning Flutter!
It's super powerful when it comes to performance and debugging. It also translates to native platform applications and the language is well designed especially for client side programming. It is super easy to learn and I really like it!
Well that's true! It's still new so the community is not that much big and powerful!
But wait! Can't it also count as a good opportunity to become a pioneer in something you can foresee its great future? I think it will!";3;0
UgxXd3Gs257SUeZdT594AaABAg;None;bjFvcFjJpE0;@vinayaktripathi287;UCd4BtpJydtZc89ywFSQw0wA;http://www.youtube.com/@vinayaktripathi287;"My story is a bit similar I was stuck with no job opportunities and can&#39;t perform easy tasks in coding however after learning from this python tutorial I cracked my first job in final year after studying just for a month. Then I purchased his paid course and now I have offers from more than 8 companies in my final year including companies like TCS , Infosys , Wipro,etc. And the rest is history hope you guys liked my story.";My story is a bit similar I was stuck with no job opportunities and can't perform easy tasks in coding however after learning from this python tutorial I cracked my first job in final year after studying just for a month. Then I purchased his paid course and now I have offers from more than 8 companies in my final year including companies like TCS , Infosys , Wipro,etc. And the rest is history hope you guys liked my story.;1;2
UgzGvzES9qCpAz_wvNt4AaABAg;None;2ReR1YJrNOM;@voicingmymind7517;UCZro6MYsVJJoTEpWxuOs-OA;http://www.youtube.com/@voicingmymind7517;I am starting The Odin Project, and this video was in the Git section. Very informative video! Explained Git very briefly and I actually understand what it is. I have spent the last 10-20 minutes setting it up without even understanding what it does. Now I know. Thank you!;I am starting The Odin Project, and this video was in the Git section. Very informative video! Explained Git very briefly and I actually understand what it is. I have spent the last 10-20 minutes setting it up without even understanding what it does. Now I know. Thank you!;591;52
UgxvBdHcFELMtgOfh8x4AaABAg;None;2ReR1YJrNOM;@porobertdev;UCjINGgNdSbZjdD5Lsb0S1gg;http://www.youtube.com/@porobertdev;"Very clear and easy to understand! Good luck to everyone who&#39;s here from The Odin Project!😃";Very clear and easy to understand! Good luck to everyone who's here from The Odin Project!😃;101;0
Ugwx7oeXRPoTHsYlNdF4AaABAg;None;2ReR1YJrNOM;@esahoosa;UCx__jWIvKoAu4fAYgAu-_Ew;http://www.youtube.com/@esahoosa;"What&#39;s up Odin project people!";What's up Odin project people!;149;9
UgxK6iS0nPeJt_u9HX94AaABAg;None;2ReR1YJrNOM;@DatascienceConcepts;UCtjldWnIlGpeTuqcniM9jSQ;http://www.youtube.com/@DatascienceConcepts;Despite using GIT for years now, this was an excellent refresher :);Despite using GIT for years now, this was an excellent refresher :);204;3
Ugzox1tC_NPWPTNvecB4AaABAg;None;2ReR1YJrNOM;@joelikespotatoes8321;UCzQAsYNP72cpkk989hkCtAw;http://www.youtube.com/@joelikespotatoes8321;Just started learning about GIT for software engineering, understood nothing. This clears up so much thank you!;Just started learning about GIT for software engineering, understood nothing. This clears up so much thank you!;7;0
UgzAaO1Ly9xfQSttJ4Z4AaABAg;None;2ReR1YJrNOM;@kalavaidya;UC8lI9xYnF-J3mxAInH1_3Vw;http://www.youtube.com/@kalavaidya;"You are a hero, I love to code today and it&#39;s only because of your simplistic and easy to follow tutorials. You are an awesome tutor!! Kudos to you!!";You are a hero, I love to code today and it's only because of your simplistic and easy to follow tutorials. You are an awesome tutor!! Kudos to you!!;25;0
UgyH2eb-ZG7Cdmsxbul4AaABAg;None;2ReR1YJrNOM;@محمدسلمانبلال;UCwb-7RSQ7Xctax9FAZdEjIg;http://www.youtube.com/@%D9%85%D8%AD%D9%85%D8%AF%D8%B3%D9%84%D9%85%D8%A7%D9%86%D8%A8%D9%84%D8%A7%D9%84;Hi! Sir you are the best<br>i am Salman from Pakistan and i am 13 years old<br>but i love to make softwares and programs<br>i have watched your Python and Javascript tutorial you have teach well<br>i have watch many tutorial on youtube<br>including<br>FreeCodeCamp etc<br>but i like your Tutorial you are the best Guru(Teacher) of Coding;"Hi! Sir you are the best
i am Salman from Pakistan and i am 13 years old
but i love to make softwares and programs
i have watched your Python and Javascript tutorial you have teach well
i have watch many tutorial on youtube
including
FreeCodeCamp etc
but i like your Tutorial you are the best Guru(Teacher) of Coding";5;2
Ugzc86nzJZOU7kQfJAd4AaABAg;None;2ReR1YJrNOM;@groucho-q7z;UCUevlUh1--um46pHcI1c66w;http://www.youtube.com/@groucho-q7z;So calming and satisfying to come here from TOP and see fellow students leaving their comments 👋 Good luck to everyone embarking on this journey 🙏;So calming and satisfying to come here from TOP and see fellow students leaving their comments 👋 Good luck to everyone embarking on this journey 🙏;0;0
Ugw57RSHGieEL7LkTkt4AaABAg;None;2ReR1YJrNOM;@coolnaeemdOoO;UCJR2M3rX7UdlngmRFDL5YNA;http://www.youtube.com/@coolnaeemdOoO;Mosh is a genius by making an intro video for his main (1hr Course) video. <br><br>He used that introduction also as a teaser/advert for his main course <br><br><br>Not in an annoying way that an advertisement usually is. <br>(Both the teaser and course hold value as they teach the viewer about the Subject);"Mosh is a genius by making an intro video for his main (1hr Course) video. 

He used that introduction also as a teaser/advert for his main course 


Not in an annoying way that an advertisement usually is. 
(Both the teaser and course hold value as they teach the viewer about the Subject)";0;0
UgylZFZ5X1nFgczjDeB4AaABAg;None;2ReR1YJrNOM;@tarunsenthilkumar7686;UC1ieq_AG83q_ee9S43WkrXw;http://www.youtube.com/@tarunsenthilkumar7686;Hey Mosh!  You are one of the best tutors I have ever known. Your Python video helped me a lot!;Hey Mosh!  You are one of the best tutors I have ever known. Your Python video helped me a lot!;72;6
Ugwt9lW6P4j2uJvCV5h4AaABAg;None;2ReR1YJrNOM;@fanforges;UCcMcJesSjpUl54WL7dYneoQ;http://www.youtube.com/@fanforges;Big love from Turkey Mosh. You are such a positive person and a great teacher.  Pure inspiration;Big love from Turkey Mosh. You are such a positive person and a great teacher.  Pure inspiration;2;0
UgwebtbdqUC9ouE1Djd4AaABAg;None;2ReR1YJrNOM;@TheChillRoomWithKayGee;UC3ef2btVxOfTt9eSLOJC1Iw;http://www.youtube.com/@TheChillRoomWithKayGee;The Odin Project sent me here. You have a new Subscriber.;The Odin Project sent me here. You have a new Subscriber.;4;0
UgwFkkQAfa8PgXR4iXp4AaABAg;None;2ReR1YJrNOM;@bobbiebernard983;UCvKi0Ummc1iHSmjj1vTECbA;http://www.youtube.com/@bobbiebernard983;"Thank from France, i work on The Odin Project and i wan&#39;t to say thank a lot !!!";Thank from France, i work on The Odin Project and i wan't to say thank a lot !!!;4;0
UgxhR74jVQWehbsdVZl4AaABAg;None;2ReR1YJrNOM;@health-example;UCgr4Lb21f8UAMfNXkCGGK8w;http://www.youtube.com/@health-example;"You&#39;re not alone in thinking that. I use Git for collaboration, but Zippy is my tool for solo flights and experiments. It’s version control without the homework; it just works right out of the box.";"You're not alone in thinking that. I use Git for collaboration, but Zippy is my tool for solo flights and experiments. It’s version control without the homework; it just works right out of the box.";0;0
UgxpLlmzBFA7FJIl4cZ4AaABAg;None;2ReR1YJrNOM;@WhiteVenome;UCwCCK_QNjL0MamMqrvR2jvw;http://www.youtube.com/@WhiteVenome;"I don&#39;t know how to say thanks and how  grateful and thankful I am to you..<br>S9 great.!";"I don't know how to say thanks and how  grateful and thankful I am to you..
S9 great.!";1;0
Ugyz5DPZiEo-cP4ahOh4AaABAg;None;2ReR1YJrNOM;@KayderimGameplays;UCSl6rdnHLNGfQU6_P2tzRwg;http://www.youtube.com/@KayderimGameplays;God bless the creators of TOP, these dudes are amazing;God bless the creators of TOP, these dudes are amazing;1;0
UgzA8olVEwMYeaQunLd4AaABAg;None;2ReR1YJrNOM;@VisibleMRJ;UCCR4XK4jMuf7HbxUTr4fVHw;http://www.youtube.com/@VisibleMRJ;I went through 5 videos until I find what I needed here. Thank you 🙏;I went through 5 videos until I find what I needed here. Thank you 🙏;0;0
UgzisWTqXQ-cUGhea9x4AaABAg;None;2ReR1YJrNOM;@Gideon-kz5cq;UCYkx3wuwMNp0kKaTZIb0g5g;http://www.youtube.com/@Gideon-kz5cq;Odin Is getting me started;Odin Is getting me started;4;3
UgwcvRhDg7Qw8X5KTa14AaABAg;None;2ReR1YJrNOM;@LearnedJohn;UCHYl2FuppbwXzGEH5Lvgpww;http://www.youtube.com/@LearnedJohn;The Odin Project 😁👏;The Odin Project 😁👏;10;2
UgyBAQ6nWG-Xp98cpPp4AaABAg;None;2ReR1YJrNOM;@LegnarYagaShaga;UCvufWAnvhH2eJBlZ3ZjohMA;http://www.youtube.com/@LegnarYagaShaga;The More You Know! GOAT tier video. Thank you Mosh and The Odin Project!;The More You Know! GOAT tier video. Thank you Mosh and The Odin Project!;1;0
UgyRzqgqdOAfe_Qb7PB4AaABAg;None;2ReR1YJrNOM;@deepfriedsrbenda4887;UC7gytyN2RaIjvER3TmXpDMg;http://www.youtube.com/@deepfriedsrbenda4887;Mosh, I have watched your C# beginner course and I just  got 5 (an A) from programming in High School thank you so much :D;Mosh, I have watched your C# beginner course and I just  got 5 (an A) from programming in High School thank you so much :D;0;0
UgzfZkLrQDVbQWzr_sh4AaABAg;None;2ReR1YJrNOM;@TrendZheater;UCJlyVbjM2__oQ1dki2OO_eg;http://www.youtube.com/@TrendZheater;Leaving my footprint here and became a well known developer using TOP;Leaving my footprint here and became a well known developer using TOP;1;0
UgwHxuzBKLWhhYpDNMJ4AaABAg;None;2ReR1YJrNOM;@codewithonkar2377;UCTKg_pQbX7ocmGfVSUe58xQ;http://www.youtube.com/@codewithonkar2377;I think the best git tutorial of the best instructor in the world;I think the best git tutorial of the best instructor in the world;0;0
UgxuvYK170NDVuKpuvV4AaABAg;None;2ReR1YJrNOM;@flowwiththomas;UCLQUNuKA1poJq7EPazOzXTQ;http://www.youtube.com/@flowwiththomas;Also working through the Odin project.  Thanks for this explanation.;Also working through the Odin project.  Thanks for this explanation.;0;0
UgxJOxXyQy4sCDkOh8N4AaABAg;None;2ReR1YJrNOM;@avi933;UCqPIlKBk-Rf0F82iA--hr2A;http://www.youtube.com/@avi933;"Thank you mosh from India🇮🇳<br>I&#39;m following you from last 4 years and that&#39;s my work experience too";"Thank you mosh from India🇮🇳
I'm following you from last 4 years and that's my work experience too";0;1
Ugyv89t-t1-kW6DjRoV4AaABAg;None;2ReR1YJrNOM;@imosama001;UCAGNYF-mGGEHt1z3-xGA6IQ;http://www.youtube.com/@imosama001;"After watching your videos I can&#39;t imagine how much hard work are you doing??👍👍";After watching your videos I can't imagine how much hard work are you doing??👍👍;0;0
UgzknGUKUNn2vGij9v94AaABAg;None;2ReR1YJrNOM;@catonarat;UCl96itHaZzSDT_4McInMWiw;http://www.youtube.com/@catonarat;"i didn&#39;t expect the odin project to be linking me to loads of external resources. not that i&#39;m complaining";i didn't expect the odin project to be linking me to loads of external resources. not that i'm complaining;1;0
UgxvMUnJyhDP3XciN_l4AaABAg;None;2ReR1YJrNOM;@eastwardape9841;UCIfmzmYOtAP51I2EBVv8b4Q;http://www.youtube.com/@eastwardape9841;"Bro you create awesome content with so much hard work. I woke up today got a message saying,&quot; mosh all courses leaked!!!!&quot;. I visited the link. And, i found every single video of every course on your website for free.<br>I felt really really sad for you, i know creators like you don&#39;t deserve this!!!";"Bro you create awesome content with so much hard work. I woke up today got a message saying,"" mosh all courses leaked!!!!"". I visited the link. And, i found every single video of every course on your website for free.
I felt really really sad for you, i know creators like you don't deserve this!!!";1;0
UgwJMQQJ-gnViqJ5ZYF4AaABAg;None;2ReR1YJrNOM;@universal4334;UCSY60nHONvxASp7RoZn4hTg;http://www.youtube.com/@universal4334;"It&#39;s time to start complete machine learning series 😍...";It's time to start complete machine learning series 😍...;2;0
UgxLEbKZLxvrWzoH2gZ4AaABAg;None;2ReR1YJrNOM;@samuelso5315;UCJFaqJjP6nr2z09IYJYHNRg;http://www.youtube.com/@samuelso5315;Hello here from Odin Project!!;Hello here from Odin Project!!;2;0
UgzijlpWuh-cPp6d_4F4AaABAg;None;2ReR1YJrNOM;@kalyanramavath9619;UCSnqVdXZR8gj1cvqt3ZyyXg;http://www.youtube.com/@kalyanramavath9619;Thank you mosh, I have got an intrest towards coding by watching ur python videos. Iam very thank-full to u;Thank you mosh, I have got an intrest towards coding by watching ur python videos. Iam very thank-full to u;1;0
UgwtBpU4SnXQcNXhC5V4AaABAg;None;2ReR1YJrNOM;@dimitargetsov9690;UCc3zB4LbtKZ3_byEBDKP5hQ;http://www.youtube.com/@dimitargetsov9690;Hats off to Professor Mosh!;Hats off to Professor Mosh!;0;0
UgznS1WuCodVVXuDUQh4AaABAg;None;2ReR1YJrNOM;@manjunathr7841;UCol1B_XTO0AlhNTg8DPupGQ;http://www.youtube.com/@manjunathr7841;Big love from India<br>Because of you programming is in my finger tip tq for everything😍😍;"Big love from India
Because of you programming is in my finger tip tq for everything😍😍";62;5
UgxQ-Q26_scTBVWnzMB4AaABAg;None;2ReR1YJrNOM;@Blessed2bFresh;UCVj7EzS2GVyDHedDe0xSFpw;http://www.youtube.com/@Blessed2bFresh;I feel like not knowing Git aside from copy/ paste into the terminal has seriously held me back in my development using Linux.  Gotta start somewhere and there is no time like now;I feel like not knowing Git aside from copy/ paste into the terminal has seriously held me back in my development using Linux.  Gotta start somewhere and there is no time like now;0;0
Ugx7nCdednJT8rqao-h4AaABAg;None;2ReR1YJrNOM;@androsp9105;UCiPVILz2wz14OKdcMROfBzg;http://www.youtube.com/@androsp9105;👍 for paving the way for the next generation of computer nerds.;👍 for paving the way for the next generation of computer nerds.;0;0
Ugw2wQ-_PrHV-iCfHrl4AaABAg;None;2ReR1YJrNOM;@CodingAfterThirty;UCUHcdOLc0iVDc3qi1axYKzQ;http://www.youtube.com/@CodingAfterThirty;Wow.  This is the best explanation I ever heard.  It is amazing how important for is and why any beginner developer should get comfortable using it.;Wow.  This is the best explanation I ever heard.  It is amazing how important for is and why any beginner developer should get comfortable using it.;2;0
UgzHKz5rpXT4zm8b_XZ4AaABAg;None;2ReR1YJrNOM;@killerben6119;UC6YFry6fKeGECe_hxbU607w;http://www.youtube.com/@killerben6119;Thank you very much sir 🙏<br>Respect from India 🖖;"Thank you very much sir 🙏
Respect from India 🖖";0;0
UgybKlL--4JvdmLqK-J4AaABAg;None;2ReR1YJrNOM;@hertechera;UCHaTKW_Qoq5tR2v67gyRieg;http://www.youtube.com/@hertechera;I appreciate that this was straight to the point and was easy to understand. Thank you so much;I appreciate that this was straight to the point and was easy to understand. Thank you so much;0;0
Ugw74lmfwOwPZsv19oN4AaABAg;None;2ReR1YJrNOM;@soniakakkar5043;UCl8Uhq3VczNtCP9TqRU7ulQ;http://www.youtube.com/@soniakakkar5043;sir I from india I am 12 years old  and I have see you evey video   because  you explain such a nice way most video i like java and python video so  sir you are doing  good job when in starting  i see that programming is so difficult but when i see your video it so intersting  now i make my first game with python  and with java   a website which tell about computer parts like CPU and GPU;sir I from india I am 12 years old  and I have see you evey video   because  you explain such a nice way most video i like java and python video so  sir you are doing  good job when in starting  i see that programming is so difficult but when i see your video it so intersting  now i make my first game with python  and with java   a website which tell about computer parts like CPU and GPU;0;0
UgxlonBXNXN-6uYAwZd4AaABAg;None;2ReR1YJrNOM;@BSITVinluanEner;UCohopoUkrV8Lo7w88e_LqLw;http://www.youtube.com/@BSITVinluanEner;hooray  thanks for quik explanation with this git have a nice day kuya mosh;hooray  thanks for quik explanation with this git have a nice day kuya mosh;0;0
UgxwMoCZ3H6QdMxd5Fp4AaABAg;None;2ReR1YJrNOM;@Terms-and-Conditions;UCe0a4N71TTPS7YUg54sEdTA;http://www.youtube.com/@Terms-and-Conditions;1 min needed to understand what people cannot explain with simple words in 6 years (not a real programmer but i kept hearing this word again and again and again);1 min needed to understand what people cannot explain with simple words in 6 years (not a real programmer but i kept hearing this word again and again and again);0;0
Ugy4DaR9JwIUa9JlF7l4AaABAg;None;2ReR1YJrNOM;@om_ashish_soni;UCoCysfMdSLjxRnz-fx9ez8Q;http://www.youtube.com/@om_ashish_soni;Sir please make video for. C and c++;Sir please make video for. C and c++;0;0
UgxwkBsCOCTya224Y1t4AaABAg;None;2ReR1YJrNOM;@danielbark;UCgUCptbp4T5saC5WXePe1sw;http://www.youtube.com/@danielbark;Very nice Mosh! Short and concise.;Very nice Mosh! Short and concise.;0;0
UgwpYBdumDm1bZFE3yd4AaABAg;None;2ReR1YJrNOM;@nikhil5387;UC_irV_I_ILfFoM2373pXD4Q;http://www.youtube.com/@nikhil5387;Your videos are amazing,  in which software do you do this super stuff;Your videos are amazing,  in which software do you do this super stuff;2;0
UgwWPISM1YTnH-toT_p4AaABAg;None;2ReR1YJrNOM;@azatecas;UCOwmqtRPxbccZzcankpi2ng;http://www.youtube.com/@azatecas;i love your classes they are so addictive, however ill wait till the price comes downti fit it into my budget;i love your classes they are so addictive, however ill wait till the price comes downti fit it into my budget;9;0
Ugz64ZPjAOUXSP6yAaZ4AaABAg;None;2ReR1YJrNOM;@marcelocoip7275;UCVqA2eHQN3JHJGBUdrjziHg;http://www.youtube.com/@marcelocoip7275;One of the best video-tutorial that I have ever seen. Then you offer dept with an hour video tutorial, excelent, thank you! (Insert Steve Carell gif here);One of the best video-tutorial that I have ever seen. Then you offer dept with an hour video tutorial, excelent, thank you! (Insert Steve Carell gif here);0;0
UgzOwOc7aKH7xqRP0Qd4AaABAg;None;2ReR1YJrNOM;@user-zc1co;UCkIjYaoRhaZ82608alyI1iw;http://www.youtube.com/@user-zc1co;Your tutorials are amazing and inspiring.;Your tutorials are amazing and inspiring.;2;0
Ugzoo7SyLTqPQQVMURF4AaABAg;None;2ReR1YJrNOM;@sheikhshagor6040;UCVo1pEd3zMiMgjlnQT5t3Vw;http://www.youtube.com/@sheikhshagor6040;Thanks Mosh;Thanks Mosh;0;0
UgwTD2jCCvbO-36tvTl4AaABAg;None;2ReR1YJrNOM;@tharindukumara8955;UCS062Wkm4abtxP4-elDXxIw;http://www.youtube.com/@tharindukumara8955;Please do a video about microservices.Thanks;Please do a video about microservices.Thanks;0;0
UgwhKQXPyd6uNGq180x4AaABAg;None;2ReR1YJrNOM;@saadkhan7891;UC3qskoVycKRx8q2Db9cK1WQ;http://www.youtube.com/@saadkhan7891;"Sir, I&#39;m your student from Pakistan<br>I love your videos so much<br>sir the reason for my texting you is a request that can you please upload tutorial about web scraping with python<br>i watch many videos on youtube but your method of teaching was too good i really loved it<br>can you please do that for your students";"Sir, I'm your student from Pakistan
I love your videos so much
sir the reason for my texting you is a request that can you please upload tutorial about web scraping with python
i watch many videos on youtube but your method of teaching was too good i really loved it
can you please do that for your students";0;0
UgzhIm7U6kXu0ib9lox4AaABAg;None;4_J_CLKwoto;@XXIcenturyblood;UCQaqjKvqPVnmSOcEClCpgXg;http://www.youtube.com/@XXIcenturyblood;"<a href=""https://www.youtube.com/watch?v=4_J_CLKwoto&amp;t=20"">0:20</a> - What is an object initializer?<br><a href=""https://www.youtube.com/watch?v=4_J_CLKwoto&amp;t=29"">0:29</a> - Why need object initializer?<br><a href=""https://www.youtube.com/watch?v=4_J_CLKwoto&amp;t=35"">0:35</a> - Example";"0:20 - What is an object initializer?
0:29 - Why need object initializer?
0:35 - Example";2;0
UgyD2EVrf-1TMXvlYLt4AaABAg;None;4_J_CLKwoto;@DarkCylon;UC5MP-jEGzYw5vnvso3rU4Dw;http://www.youtube.com/@DarkCylon;"So... this is really useful only when fields are public, right?  It&#39;s only useful when we aren&#39;t trying to encapsulate how we&#39;re storing the data?";So... this is really useful only when fields are public, right?  It's only useful when we aren't trying to encapsulate how we're storing the data?;14;3
UgxQgjQPpTjh-XNyohp4AaABAg;None;4_J_CLKwoto;@ibrahimabdalla1642;UCcjwRg1UQY8IqvtXTuSDo1Q;http://www.youtube.com/@ibrahimabdalla1642;"My advice to you, weary commenter is that even though this whole video is just theory, it doesn&#39;t mean you shouldn&#39;t try out the examples yourself.<br><br>EDIT: Also stop procrastinating by looking at the comments.";"My advice to you, weary commenter is that even though this whole video is just theory, it doesn't mean you shouldn't try out the examples yourself.

EDIT: Also stop procrastinating by looking at the comments.";3;0
UgyA3KOuzzLSUo8W_j14AaABAg;None;4_J_CLKwoto;@HugoLopeZ-db1hg;UCF8On2dRjPMJm2NGq6ahR8w;http://www.youtube.com/@HugoLopeZ-db1hg;Can you make a video explaining Lambda expressions with Linq, that would be great!;Can you make a video explaining Lambda expressions with Linq, that would be great!;2;0
UgyNHLXQGdI37XKuoap4AaABAg;None;4_J_CLKwoto;@abomgdam8206;UCPLqUReuTDUIrGv5ZjPIoPA;http://www.youtube.com/@abomgdam8206;"Thanks  a lot  ...actually I love your teaching...but l can&#39;t rejest on your paid course";Thanks  a lot  ...actually I love your teaching...but l can't rejest on your paid course;0;0
UgyCKdFbF1y1a8SXNlx4AaABAg;None;4_J_CLKwoto;@MrBosqi;UCsCIScnp1a1EBphfsBLF3bQ;http://www.youtube.com/@MrBosqi;I feel more comfortable with constructors.;I feel more comfortable with constructors.;1;0
Ugx0uOOiH1w_e4-RzWV4AaABAg;None;4_J_CLKwoto;@PsychicSploob;UC9xGUXicVV2YW7GdA7w9B2Q;http://www.youtube.com/@PsychicSploob;"I&#39;m struggling to find a solid definition for &quot;initialize.&quot; I&#39;m probably over-thinking it, but it would really help to know exactly what the term means in C#";"I'm struggling to find a solid definition for ""initialize."" I'm probably over-thinking it, but it would really help to know exactly what the term means in C#";7;2
UgxRD27UMmCcmeu9CrB4AaABAg;None;4_J_CLKwoto;@AITooMusic;UCk2yo8OFpck9hhj3yul-8mA;http://www.youtube.com/@AITooMusic;Hi, Thank you so much for this video. Can you please help me to find out the best practices of mapping datamodel to view model? Is automapper or any other library is the only way to do it, or we can write our own  mapper, please help me!;Hi, Thank you so much for this video. Can you please help me to find out the best practices of mapping datamodel to view model? Is automapper or any other library is the only way to do it, or we can write our own  mapper, please help me!;0;0
Ugyw6kL37Su6c0y5QHt4AaABAg;None;4_J_CLKwoto;@talatbahar6833;UCOdIe3we25wnnS1P_lmJ6sg;http://www.youtube.com/@talatbahar6833;"why you didnt use constructor&quot;()&quot; end of the object";"why you didnt use constructor""()"" end of the object";0;0
UgxeF5shy0n3X54K3Td4AaABAg;None;4_J_CLKwoto;@antoscofield101;UCkCJpc18obugztmod4wQ6Qw;http://www.youtube.com/@antoscofield101;only for mutable objects;only for mutable objects;0;0
Ugy0FPMuOS7EI4Z_i4p4AaABAg;None;4_J_CLKwoto;@fauzif7086;UCqd7KIHOVTi_Sf2sSXSzenw;http://www.youtube.com/@fauzif7086;"why you are  not using &quot;person person = new person()&quot; ?";"why you are  not using ""person person = new person()"" ?";0;1
UgyEnmufV0N2OfCuD-x4AaABAg;None;4_J_CLKwoto;@nicholaspreston9586;UCuOMf5ldqEcYOco3irZ_guw;http://www.youtube.com/@nicholaspreston9586;"I found someone that&#39;s omitting the &lt;TKey, TValue&gt; typedefs from Dictionary as well as using the [&quot;key&quot;] = &quot;value&quot; initialization, like so:<br><br>        var dictionary = new Dictionary {[address] = address, [person] = person, [biz] = biz};<br><br>Does anyone know how that&#39;s supposed to work?  Rider doesn&#39;t like it and inserts &lt;,&gt; to fix it.";"I found someone that's omitting the <TKey, TValue> typedefs from Dictionary as well as using the [""key""] = ""value"" initialization, like so:

        var dictionary = new Dictionary {[address] = address, [person] = person, [biz] = biz};

Does anyone know how that's supposed to work?  Rider doesn't like it and inserts <,> to fix it.";0;0
Ugyppw2Gkd7ODOKqABJ4AaABAg;None;4_J_CLKwoto;@chrisdumond7707;UCooq84qwqSwu1Dw1wT1v6BA;http://www.youtube.com/@chrisdumond7707;whats a constructor i wish you people doing the tutorials would put one item one thing not ten i dont understand because your not explaining or showing anything you have to explain what it is;whats a constructor i wish you people doing the tutorials would put one item one thing not ten i dont understand because your not explaining or showing anything you have to explain what it is;0;0
UgxFQ3N9E3zYQxoqHhN4AaABAg;None;4_J_CLKwoto;@ngocthe9353;UCn68RqvW77NVwBzUqSApG3w;http://www.youtube.com/@ngocthe9353;"how can printf  &quot;firstname and lastname&quot;  in var Person??";"how can printf  ""firstname and lastname""  in var Person??";0;0
UgwDeyjFxTrCWvHDydx4AaABAg;None;V7TMkZH1AkM;@existence686;UCnDclkq9sq_zU2xJT7Rhl-w;http://www.youtube.com/@existence686;When the world needed him the most HE RETURNED 🔥🔥🔥;When the world needed him the most HE RETURNED 🔥🔥🔥;92;0
UgxjL-8bc01P_1BGRh54AaABAg;None;V7TMkZH1AkM;@juniorMr;UC1T0ptY5d0cLdh4CaK3hKvw;http://www.youtube.com/@juniorMr;Mosh is amazing he master any stack, sometimes he uses express, sometimes he uses django,sometimes ,.net sometimes java... he is the goat🎉;Mosh is amazing he master any stack, sometimes he uses express, sometimes he uses django,sometimes ,.net sometimes java... he is the goat🎉;26;0
Ugx2zuXScUq1uoch2_R4AaABAg;None;V7TMkZH1AkM;@shakhzod_shermatov;UC8mcgg7TKT7d06Vi0i8hy-A;http://www.youtube.com/@shakhzod_shermatov;Wow, that’s exactly what I wanted from Mosh, because he has a gift for teaching.;Wow, that’s exactly what I wanted from Mosh, because he has a gift for teaching.;12;1
UgxvpDuRL1HooDe1RS54AaABAg;None;V7TMkZH1AkM;@danieldevman6686;UCR2HX0n60DWTJ2jAbdX4KfQ;http://www.youtube.com/@danieldevman6686;I wish you put a section about doing something with an agent as well. And what are the best practices of doing agentic flows.;I wish you put a section about doing something with an agent as well. And what are the best practices of doing agentic flows.;2;0
UgydLuasnsib9ZaywF54AaABAg;None;V7TMkZH1AkM;@Softmain-t9o;UCsa6MOy2Lipp_j9vKkp0ycQ;http://www.youtube.com/@Softmain-t9o;"When the master of coding is back, you should be ready to witness precision, effeciency and innovation. Sir Mosh, we&#39;re all set for the big adventure.";When the master of coding is back, you should be ready to witness precision, effeciency and innovation. Sir Mosh, we're all set for the big adventure.;2;0
UgxKZL12Au1ZxVs0qKd4AaABAg;None;V7TMkZH1AkM;@FutureCodingStars;UCXCEXokpYE4oL3-r3hR0ebA;http://www.youtube.com/@FutureCodingStars;It’s exciting to see a new course that uses hands-on projects to teach the foundational principles of building with AI.;It’s exciting to see a new course that uses hands-on projects to teach the foundational principles of building with AI.;4;0
UgwYSFIKrOulsSzIc4Z4AaABAg;None;V7TMkZH1AkM;@SimCoder-z;UCisqgvW6HOqSbxRHElSnQIw;http://www.youtube.com/@SimCoder-z;Really excited for this one, Mosh! A course on building a chatbot is exactly what I’ve been waiting for. Your teaching style makes even the most complex topics feel approachable. Can’t wait to dive in and start building something real. Keep up the amazing work!;Really excited for this one, Mosh! A course on building a chatbot is exactly what I’ve been waiting for. Your teaching style makes even the most complex topics feel approachable. Can’t wait to dive in and start building something real. Keep up the amazing work!;1;0
Ugw_uuOCjkbKibyZ7P94AaABAg;None;V7TMkZH1AkM;@SamiAlzein;UC0vLZ5ks4iyoTGL5awP7_CQ;http://www.youtube.com/@SamiAlzein;All the best Mosh!🎉;All the best Mosh!🎉;3;0
UgyMMZu7YqeoVdZMEul4AaABAg;None;V7TMkZH1AkM;@soheibpapi;UCdNneM3GPTDM6AOsgzDcyqQ;http://www.youtube.com/@soheibpapi;I can’t wait for this course, my fellow countryman!❤❤❤❤❤❤❤❤❤❤;I can’t wait for this course, my fellow countryman!❤❤❤❤❤❤❤❤❤❤;2;0
UgytcDS83AXUt6vDj8N4AaABAg;None;V7TMkZH1AkM;@amna-y3r2c;UCzJhwd7lGS3PYcYvnqFR4oQ;http://www.youtube.com/@amna-y3r2c;"Your videos are always so informative and helpful, love your work! Also noticed the editing&#39;s so clean! Do you edit them yourself or work with an editor?";Your videos are always so informative and helpful, love your work! Also noticed the editing's so clean! Do you edit them yourself or work with an editor?;0;0
UgzC43hI5WHaMWMXU5J4AaABAg;None;V7TMkZH1AkM;@bonBravo254;UCtSBaAtGwIrqshaDbhWxaWA;http://www.youtube.com/@bonBravo254;Looking forward to it i just finished the spring Boot course i am quite confident with it thanks;Looking forward to it i just finished the spring Boot course i am quite confident with it thanks;1;0
UgyVWy7_43A_9uiUKU14AaABAg;None;V7TMkZH1AkM;@Dimon_911z;UCW4reSd5ziLf8ypotfR7DQw;http://www.youtube.com/@Dimon_911z;"Yay! I&#39;m so excited! Essential skills to know in this growing AI tech industry!";Yay! I'm so excited! Essential skills to know in this growing AI tech industry!;1;0
UgyHjLwcBGM9MWdUXSZ4AaABAg;None;V7TMkZH1AkM;@philaphoswa5034;UCauboOjnrZkDUun98IRBkPA;http://www.youtube.com/@philaphoswa5034;"Just last week I was so eager to know Mosh&#39;s point of view in as far as AI is concerned I&#39;m glad he has responded.";Just last week I was so eager to know Mosh's point of view in as far as AI is concerned I'm glad he has responded.;0;0
UgxyHnmiuT6USTBm59F4AaABAg;None;V7TMkZH1AkM;@thembafortune9318;UC6TWhgBHz-96nYUX7e-5ahw;http://www.youtube.com/@thembafortune9318;"Yay Mosh🎉, that&#39;s fantastic news. On which day do you think you&#39;ll be launching the course?";Yay Mosh🎉, that's fantastic news. On which day do you think you'll be launching the course?;0;0
Ugw4Y3PdgjYEEO2CM454AaABAg;None;V7TMkZH1AkM;@mecKe971;UCVjhQO6Kdiw5VGfunQEK4lA;http://www.youtube.com/@mecKe971;Thank you ❤;Thank you ❤;3;0
Ugwm6dGL2i1G2hKXOw94AaABAg;None;V7TMkZH1AkM;@attacheewoo;UCe9oJ9r2hJforOuUbL19Hig;http://www.youtube.com/@attacheewoo;"Mosh is back, bringing the course I&#39;ve been looking forward to. I&#39;m so happy.";Mosh is back, bringing the course I've been looking forward to. I'm so happy.;0;0
UgxkHRgDFHsQA9DULbh4AaABAg;None;V7TMkZH1AkM;@siddharthsharma9376;UCdPH7sL-39gdiZ-tWK4e4zA;http://www.youtube.com/@siddharthsharma9376;"I purchased your spring boot course I&#39;ll buy this too";I purchased your spring boot course I'll buy this too;1;0
Ugy45G4XNnv6A6TxYT54AaABAg;None;V7TMkZH1AkM;@AjabNoor11;UCxZ6KG3vQtDMExW9uyq-Skw;http://www.youtube.com/@AjabNoor11;Thank you mosh 😊❤;Thank you mosh 😊❤;1;0
Ugxp3pN_TcG9PCyJ9th4AaABAg;None;V7TMkZH1AkM;@hv6411;UCOFbFk2h6k63bsa5IR_K4lg;http://www.youtube.com/@hv6411;Yes❤🙏🏼<br>Mosh I was asking myself and wishing yesterday - when is Mosh releasing AI course. TY! the Universe answered🤩;"Yes❤🙏🏼
Mosh I was asking myself and wishing yesterday - when is Mosh releasing AI course. TY! the Universe answered🤩";0;0
UgxACbMY60RepDzrKUl4AaABAg;None;V7TMkZH1AkM;@Latigo;UCNnYyi-PvDvz9m7dzm0qiMw;http://www.youtube.com/@Latigo;Awesome. I did not know it but I was waiting for you to make this announcement!;Awesome. I did not know it but I was waiting for you to make this announcement!;0;0
UgwzbCXUKvowl447xZF4AaABAg;None;V7TMkZH1AkM;@Gideonice4life;UCXycmufHlGmlNZgv6vodfCg;http://www.youtube.com/@Gideonice4life;Small YouTuber let’s gather here and grow 🎉🎉why watching;Small YouTuber let’s gather here and grow 🎉🎉why watching;3;0
Ugx2fuc8JNpYewYRY1Z4AaABAg;None;V7TMkZH1AkM;@mith-hy145;UCHfJNo9ujcevcPuV5jPUBTQ;http://www.youtube.com/@mith-hy145;Super excited for this new project! 🙌 It would be amazing if you could add an auto-dubbed Hindi audio option for Indian viewers 🇮🇳🙏 If not possible, no worries — thank you so much for your continuous support and hard work! ❤;Super excited for this new project! 🙌 It would be amazing if you could add an auto-dubbed Hindi audio option for Indian viewers 🇮🇳🙏 If not possible, no worries — thank you so much for your continuous support and hard work! ❤;0;0
Ugwew_Hq3Zndh8l2ttF4AaABAg;None;V7TMkZH1AkM;@ahmedrajaspeaks;UCKRIwKl9obWqVDxn5fRqjcA;http://www.youtube.com/@ahmedrajaspeaks;Thanks Mosh for being there for us in this ever evolving era of AI.;Thanks Mosh for being there for us in this ever evolving era of AI.;0;0
Ugy_4X-hFRQnjM0263V4AaABAg;None;V7TMkZH1AkM;@kamisoulhunter;UCQg1-F5S6kdV29scnDaEukQ;http://www.youtube.com/@kamisoulhunter;"I really appreciate you mosh for this upcoming course. Please bring us great foundation in AI for creating web apps because it&#39;s new and hard for to turn my head around. definitely purchasing this!🔥🔥🤟";I really appreciate you mosh for this upcoming course. Please bring us great foundation in AI for creating web apps because it's new and hard for to turn my head around. definitely purchasing this!🔥🔥🤟;0;0
UgzANrZP_iwSzlmZr2R4AaABAg;None;V7TMkZH1AkM;@membongchristopher4190;UC5f-Yas3S-Gtb6SOmd0dRgA;http://www.youtube.com/@membongchristopher4190;Watching from Ghana 🇬🇭 mosh you are the best;Watching from Ghana 🇬🇭 mosh you are the best;0;0
UgxMydfOUNFNArLR7pZ4AaABAg;None;V7TMkZH1AkM;@xXHelsingGamingXx;UCCd84zFZ7u9HLaSIQdzOClA;http://www.youtube.com/@xXHelsingGamingXx;Totally waiting for this amazing course!;Totally waiting for this amazing course!;0;0
UgwBQmTltyF-WTbtjut4AaABAg;None;V7TMkZH1AkM;@RezaMarz;UCy_ntgtD-aiiDVESn2yrkTg;http://www.youtube.com/@RezaMarz;Amazing. Thanks Mosh. God bless you.;Amazing. Thanks Mosh. God bless you.;0;0
UgyeI9UaXWg--8XqcLh4AaABAg;None;V7TMkZH1AkM;@AY-TechTaleStudio;UC80xMZl8H4Nm8LZvMmQvuuw;http://www.youtube.com/@AY-TechTaleStudio;When I see Mosh I get goosebumps;When I see Mosh I get goosebumps;1;0
Ugxlcn9ZL3rrkfZ6h494AaABAg;None;V7TMkZH1AkM;@claudistack;UCB_ufU8Rv2rrFjWDrAqo9SQ;http://www.youtube.com/@claudistack;Watching from Rwanda. Waiting for the course....;Watching from Rwanda. Waiting for the course....;0;0
Ugy5513R4dj2VkCzfxx4AaABAg;None;V7TMkZH1AkM;@cristiancustodio7;UCw1NlsvvyzAss_4goapHroQ;http://www.youtube.com/@cristiancustodio7;Finally! Thanks Mosh;Finally! Thanks Mosh;1;0
Ugw67W1Mw1DGGW8V8294AaABAg;None;V7TMkZH1AkM;@Hebrew_Land;UCaIoVzMdu7ZjtNAqCdxxPKg;http://www.youtube.com/@Hebrew_Land;Which languages there is a need to know in order to be ready? <br>Chatbot is via python?;"Which languages there is a need to know in order to be ready? 
Chatbot is via python?";1;0
UgzwrrPHD10Y1FmH6cB4AaABAg;None;V7TMkZH1AkM;@rutpshah;UC_pVaYeSlXDAKVu0rOAtQBg;http://www.youtube.com/@rutpshah;Would love to purchase this. I also hope you will update your existing courses React/Redux/Typescript etc.;Would love to purchase this. I also hope you will update your existing courses React/Redux/Typescript etc.;0;0
UgzT-0Ps_nQ9FJqLTLl4AaABAg;None;V7TMkZH1AkM;@seanymcelroy;UCwifuINVAPgd1_YKFv3t9yA;http://www.youtube.com/@seanymcelroy;Looking forward to this one!;Looking forward to this one!;1;0
UgyHrqv0XXBkXxBsq8V4AaABAg;None;V7TMkZH1AkM;@Antonio-trillanes;UCWCzqWwsvXZ3FoW_mwPsH3Q;http://www.youtube.com/@Antonio-trillanes;Mobile app course 🎉;Mobile app course 🎉;7;3
Ugxi-eItgRvsHiD5ePJ4AaABAg;None;V7TMkZH1AkM;@itzkaida;UCXeT_Dph5wRWZyb0UmGS40g;http://www.youtube.com/@itzkaida;Guys lets support this very obscure upcoming creator known as Mosh 🙏;Guys lets support this very obscure upcoming creator known as Mosh 🙏;0;0
Ugwge_UQG-ORpg_5cJJ4AaABAg;None;V7TMkZH1AkM;@totomomo18;UC9OhfYmYL2jfl7wUcWs74nw;http://www.youtube.com/@totomomo18;Which Ai Tool will you be using ? Cursor . Claude Code. Windsurf just plain Vs Code with Github Copilot or maybe Intellij with his Ai Assistants or Augment Code ?;Which Ai Tool will you be using ? Cursor . Claude Code. Windsurf just plain Vs Code with Github Copilot or maybe Intellij with his Ai Assistants or Augment Code ?;0;0
Ugys1LOKy8zh3AG2IIZ4AaABAg;None;V7TMkZH1AkM;@SaadShafiq-d2t;UCzCd0QlryqDA-ozWpyvKKhg;http://www.youtube.com/@SaadShafiq-d2t;happy to hear about it... any ETA?;happy to hear about it... any ETA?;0;0
UgzRVBiSThhvzyhM7Mp4AaABAg;None;V7TMkZH1AkM;@MDuude1229;UCHi3DPYkDKfeOsS6YuPqvgw;http://www.youtube.com/@MDuude1229;"Nice, can&#39;t wait for this!";Nice, can't wait for this!;1;0
UgxxhgtOSMfBtVDQ9CV4AaABAg;None;V7TMkZH1AkM;@mohamadkadatuan7818;UC-_ztCOqa3OKGyMMoSbrQyg;http://www.youtube.com/@mohamadkadatuan7818;Mosh, this is awesome 👌 👏 👍...<br>While lot of folks talk about vibe coding.  I still believe that knowing how it works under d hood is the real deal.;"Mosh, this is awesome 👌 👏 👍...
While lot of folks talk about vibe coding.  I still believe that knowing how it works under d hood is the real deal.";0;0
Ugwz4muXs1qfWsCuzZ14AaABAg;None;V7TMkZH1AkM;@KTNation-05;UCtlf_7hcmzyw4qugfq8UajQ;http://www.youtube.com/@KTNation-05;"Can&#39;t wait 😁";Can't wait 😁;1;0
UgyN5R-u-2KWUvyFVY54AaABAg;None;V7TMkZH1AkM;@koketsophiri1753;UCBGgPLxqhJ9T1v2JSqmva0g;http://www.youtube.com/@koketsophiri1753;We are waiting 🇿🇦 🎉;We are waiting 🇿🇦 🎉;0;0
UgwzYbtpKHTb9MyNB094AaABAg;None;V7TMkZH1AkM;@arjunsheshadri8927;UC4tVkivrcq1SkeTPxzsSHCg;http://www.youtube.com/@arjunsheshadri8927;Hello Mosh Sir, could you please do a tutorial on rust?;Hello Mosh Sir, could you please do a tutorial on rust?;0;0
UgwD-tEYEy5bUbcuTzZ4AaABAg;None;V7TMkZH1AkM;@ranjithbantu7464;UCw_vx8R1YaFmrup7q4ybtmQ;http://www.youtube.com/@ranjithbantu7464;Do I need to know any programming language,or memorize coding practices or will this course show how to build production apps by using AI tools (e.g., Cursor) to connect the pieces—database/Supabase, auth, APIs, and UI—so it’s workflow‑first rather than syntax‑heavy?;Do I need to know any programming language,or memorize coding practices or will this course show how to build production apps by using AI tools (e.g., Cursor) to connect the pieces—database/Supabase, auth, APIs, and UI—so it’s workflow‑first rather than syntax‑heavy?;0;0
UgyLPE8QjmgwoxHVInh4AaABAg;None;V7TMkZH1AkM;@ahamedm.h.a9205;UCGsTVlFqn4M3QzDuhwwj59Q;http://www.youtube.com/@ahamedm.h.a9205;Mosh back again with the most relevant content for the time.;Mosh back again with the most relevant content for the time.;0;0
UgxVMMzFp8KXntRN0zR4AaABAg;None;V7TMkZH1AkM;@sivanamoah6947;UC5lzTHhLLIKHcLAyaTnb5OA;http://www.youtube.com/@sivanamoah6947;Thanks very much for your efforts, Sir. AI, has come to stay and its good to have such a course from you.;Thanks very much for your efforts, Sir. AI, has come to stay and its good to have such a course from you.;0;0
UgzxAWx-E4M_3IX-khd4AaABAg;None;V7TMkZH1AkM;@bonBravo254;UCtSBaAtGwIrqshaDbhWxaWA;http://www.youtube.com/@bonBravo254;A game development roadmap will be quite useful;A game development roadmap will be quite useful;0;0
Ugzi8R5j238gCTY31Ul4AaABAg;None;V7TMkZH1AkM;@FarhankhanCreations;UCcFHy-F6I2UF20JUPllhJHw;http://www.youtube.com/@FarhankhanCreations;Am too excited and waiting for Sir Mosh ? Sir that would be paid or on Youtube?;Am too excited and waiting for Sir Mosh ? Sir that would be paid or on Youtube?;0;0
UgzgoIVoBsw4f6L_YsZ4AaABAg;None;V7TMkZH1AkM;@natzvales7888;UCyhxSjj9GXf1RyyFUaNCr2A;http://www.youtube.com/@natzvales7888;Go Mosh, I will wait for the launch even if I have experience in integrating springboot app with AI. Still your approach is the best.;Go Mosh, I will wait for the launch even if I have experience in integrating springboot app with AI. Still your approach is the best.;0;0
UgwDc7xKC_J3Z5dbdiV4AaABAg;None;V7TMkZH1AkM;@JOSHUAPRAYER-z4z;UCj11VR38Us7eor2EoXrZe8Q;http://www.youtube.com/@JOSHUAPRAYER-z4z;Love love love it😍;Love love love it😍;1;0
UgycNPPr18BfwCROp_J4AaABAg;None;V7TMkZH1AkM;@abdulwahabyaqbi;UCdJ1FOiPtxgUIlkav6TkF7A;http://www.youtube.com/@abdulwahabyaqbi;Amazing teacher(No you are more than a teacher), Amazing Courses, Thank you my game changer;Amazing teacher(No you are more than a teacher), Amazing Courses, Thank you my game changer;0;0
UgwGAmG1P4jU18htReZ4AaABAg;None;ODjFDZC_TyA;@shahilghale5163;UCwHupSff6nP10BCDEADdurw;http://www.youtube.com/@shahilghale5163;"Please make more of these Exercises for each and different programming languages, having such questions can help us understand and strengthen our programming knowledge and understanding. With solutions to it as well. Seen your Python tutorial and its been a blessing to stumble upon your video! If I do happen to land a job, it&#39;ll be all thanks to you! Much love from Nepal! 🙌🙏";Please make more of these Exercises for each and different programming languages, having such questions can help us understand and strengthen our programming knowledge and understanding. With solutions to it as well. Seen your Python tutorial and its been a blessing to stumble upon your video! If I do happen to land a job, it'll be all thanks to you! Much love from Nepal! 🙌🙏;85;0
Ugxw7pSdQlbInm4hnF94AaABAg;None;ODjFDZC_TyA;@doublebeanieba7633;UCjrTmq2N8D3KehAIVjHN5xA;http://www.youtube.com/@doublebeanieba7633;Just starting my journey with Python! Learning so I can afford AC in this 105 degree weather 🥵. Cant run my laptop between the hours of 12pm - 10pm or it will overheat in 10 mins. So I moslty learn at night. Thank you Mosh for the videos! Hope everyone here is successful in their endeavors 😊;Just starting my journey with Python! Learning so I can afford AC in this 105 degree weather 🥵. Cant run my laptop between the hours of 12pm - 10pm or it will overheat in 10 mins. So I moslty learn at night. Thank you Mosh for the videos! Hope everyone here is successful in their endeavors 😊;6;0
UgwVGjri_4OSpZviCgd4AaABAg;None;ODjFDZC_TyA;@panda9315;UC5Xz9L49b03VEaRNw3x14xg;http://www.youtube.com/@panda9315;"Here&#39;s a different solution for the first exercise:<br>num = []<br>for x in range(2, 10, 2):<br>    print(x)<br>    num.append(x)<br>c = len(num)<br>print(f&#39;We have {c} even numbers&#39;)";"Here's a different solution for the first exercise:
num = []
for x in range(2, 10, 2):
    print(x)
    num.append(x)
c = len(num)
print(f'We have {c} even numbers')";24;3
Ugx3x9HXs1if8gVC5gN4AaABAg;None;ODjFDZC_TyA;@TheDrumtracks;UCMAQxzcAKdxZDnoSsoIhktg;http://www.youtube.com/@TheDrumtracks;"counter = 0<br><br>for x in range(10):<br>    if x &gt; 0:<br>        if x % 2 == 0:<br>            counter += 1<br>            print(x)<br><br>print(&quot;We have&quot;, counter, &quot;even numbers! :)&quot;) <br><br>Thank you! Nice Exercise!";"counter = 0

for x in range(10):
    if x > 0:
        if x % 2 == 0:
            counter += 1
            print(x)

print(""We have"", counter, ""even numbers! :)"") 

Thank you! Nice Exercise!";12;1
UgybAweKF9rOJzzw4WV4AaABAg;None;ODjFDZC_TyA;@RohitKumarRathi91;UC1adwB6SDU5np_GhNorL-8Q;http://www.youtube.com/@RohitKumarRathi91;"for a in range(1,10):<br>    if a%2==0:<br>        print(a)<br>b= a.bit_length()<br>print(f&quot;we have {b} numbers&quot;)";"for a in range(1,10):
    if a%2==0:
        print(a)
b= a.bit_length()
print(f""we have {b} numbers"")";3;0
UgyfBv8s5-zoxDIOfvl4AaABAg;None;ODjFDZC_TyA;@khalilsial1;UCT3ozzJCakGBC4nqikix0Pw;http://www.youtube.com/@khalilsial1;Bro could  you please make one complete video that have only exercises and their solution same like this one  for beginners to the expert level programmers. Thanks;Bro could  you please make one complete video that have only exercises and their solution same like this one  for beginners to the expert level programmers. Thanks;10;0
Ugy-MPOP26H4WiLRnf94AaABAg;None;ODjFDZC_TyA;@Just_Me_Being_Myself;UCQepHjkn1Dw3XKXTofKnQ4Q;http://www.youtube.com/@Just_Me_Being_Myself;Thank you so much for this,! Just getting started with Python (and programming in general), and was having trouble finding excercices like these.;Thank you so much for this,! Just getting started with Python (and programming in general), and was having trouble finding excercices like these.;8;0
UgwftCCsb8Lk7ulOc_x4AaABAg;None;ODjFDZC_TyA;@ericadsuara1283;UCW80Kx1TEvgXv4NxvZubLPw;http://www.youtube.com/@ericadsuara1283;This really helps to brainstorm and have more knowledge if you want to take a course in computer science. Please make more courses in terms of coding and programming since it helps a lot of people who wants to learn the basics and have common knowledge in this course. Also please make more exercises like these so that we can brainstorm.;This really helps to brainstorm and have more knowledge if you want to take a course in computer science. Please make more courses in terms of coding and programming since it helps a lot of people who wants to learn the basics and have common knowledge in this course. Also please make more exercises like these so that we can brainstorm.;4;0
UgzvnkOHVxyZpKgi5ft4AaABAg;None;ODjFDZC_TyA;@matankkanu1937;UCZc63Soav_nic3_BJkgOWxw;http://www.youtube.com/@matankkanu1937;"Syntax :<br>count = 0<br>for i in range ( 1,11):<br>   if (i % 2)==0:<br>        print (i)<br>        count +=1<br>   else:<br>       pass    <br><br>print(f&quot;we have {count} even numbers&quot;)        <br><br>Nice exercise sir";"Syntax :
count = 0
for i in range ( 1,11):
   if (i % 2)==0:
        print (i)
        count +=1
   else:
       pass    

print(f""we have {count} even numbers"")        

Nice exercise sir";0;0
UgyMDso7Z3_mewN8W_B4AaABAg;None;ODjFDZC_TyA;@prashanttiwari120;UCaG2ZbD2TXnc-D3YRggpo1w;http://www.youtube.com/@prashanttiwari120;Hi Mosh please make tutorial on spring boot and especially spring security .It will be very useful for lots of people , especially of you are doing :);Hi Mosh please make tutorial on spring boot and especially spring security .It will be very useful for lots of people , especially of you are doing :);7;0
UgzjgAgIWHHrxEUKAwp4AaABAg;None;ODjFDZC_TyA;@DevineInnovations;UCFOGuPKR3F4tjB-RLIt-g0Q;http://www.youtube.com/@DevineInnovations;"I got everything except for printing &quot;We have 4 numbers&quot; (before I looked at the solution). But in my defense, I don&#39;t think I&#39;ve learned formatted strings yet. I also defined it as a function called evens(x,y), so that evens(1,10) gave me the right numbers.<br><br><br>Thanks, this was a good exercise!";"I got everything except for printing ""We have 4 numbers"" (before I looked at the solution). But in my defense, I don't think I've learned formatted strings yet. I also defined it as a function called evens(x,y), so that evens(1,10) gave me the right numbers.


Thanks, this was a good exercise!";6;1
UgyxZvZSTCTexYrLgaV4AaABAg;None;ODjFDZC_TyA;@KampfhelikopterTiger;UCo6rlPNaIqzLEZiijhpBEfg;http://www.youtube.com/@KampfhelikopterTiger;"Here is a different solution, bc a number with a comma number cant be an int and must be a float:<br>even_num = []<br>for i in range(1, 10):<br>   if i/2 == int(i/2):<br>       even_num.append(i)<br>       print(i)<br>print(&quot;There are &quot; + str(len(even_num)) + &quot; even numbers!&quot;)";"Here is a different solution, bc a number with a comma number cant be an int and must be a float:
even_num = []
for i in range(1, 10):
   if i/2 == int(i/2):
       even_num.append(i)
       print(i)
print(""There are "" + str(len(even_num)) + "" even numbers!"")";3;0
UgxP2qWZ5f2F-qhrFIV4AaABAg;None;ODjFDZC_TyA;@Flamecasts;UCwP6QUA-PqtC03J5lSsrHLA;http://www.youtube.com/@Flamecasts;"for integers in range(2,10,2):<br>  print(integers)<br>  <br><br>print(&#39;We have 4 even numbers&#39;)<br><br>Ez pz";"for integers in range(2,10,2):
  print(integers)
  

print('We have 4 even numbers')

Ez pz";2;0
UgwfvBX4Qqx6E2MFwUV4AaABAg;None;ODjFDZC_TyA;@ExcelTutorials1;UC_fOtAiIL4Gf1adarvs1wsw;http://www.youtube.com/@ExcelTutorials1;I really appreciate the help man!!!;I really appreciate the help man!!!;7;0
Ugw9dPsMkiyp0d8N10Z4AaABAg;None;ODjFDZC_TyA;@pastehl;UCWi1jLqI-cgU2alfphirZHw;http://www.youtube.com/@pastehl;"c = 0<br>for i in range (10):<br>    if(i % 2 == 0 and i!= 0):<br>        print(i)<br>        c+= 1<br>print(&quot;There is &quot;+str(c)+ &quot; even numbers&quot;)";"c = 0
for i in range (10):
    if(i % 2 == 0 and i!= 0):
        print(i)
        c+= 1
print(""There is ""+str(c)+ "" even numbers"")";1;0
UgxyPdBeUoUyB9dQ6k54AaABAg;None;ODjFDZC_TyA;@prynsh7737;UCpbblfcuzMJBWzZLsg3yhaA;http://www.youtube.com/@prynsh7737;For i in range(1,10):<br>    If i % 2 == 0:<br>        Print(i)<br>Print(“we have 4 even numbers”);"For i in range(1,10):
    If i % 2 == 0:
        Print(i)
Print(“we have 4 even numbers”)";10;0
UgyjQPFXovTxEYiurh94AaABAg;None;ODjFDZC_TyA;@spriteguy7819;UCQdbJ-3RJlhUKYMzZfj7Agg;http://www.youtube.com/@spriteguy7819;"for x in range(1,10):<br>    if x%2 ==0:<br>        print(x)<br>        <br>print(&#39;We Have 4 Even Numbers&#39;)<br><br># I did this to get the output in the video";"for x in range(1,10):
    if x%2 ==0:
        print(x)
        
print('We Have 4 Even Numbers')

# I did this to get the output in the video";1;0
UgzlKZsxpMihFXyxVel4AaABAg;None;ODjFDZC_TyA;@ReaperofGods01;UCTa3x1U6i6gvT3ZsMaYUJeQ;http://www.youtube.com/@ReaperofGods01;"for i in range(1, 10):<br>    if i % 2 == 0:<br>        print(i)<br>    i = i + 1<br>(Didn&#39;t know he explained it in the video before I had done it.)";"for i in range(1, 10):
    if i % 2 == 0:
        print(i)
    i = i + 1
(Didn't know he explained it in the video before I had done it.)";0;0
UgyPCGYN3lfVdbkkhVh4AaABAg;None;ODjFDZC_TyA;@shruts_thegirl;UCoAsY3bFi0Nv-zTBv8gmgaw;http://www.youtube.com/@shruts_thegirl;for i in range(1,21):<br> if(i%2==0):<br>  print(i);"for i in range(1,21):
 if(i%2==0):
  print(i)";1;0
UgyL8UYbRGnD8lLZ9Ip4AaABAg;None;ODjFDZC_TyA;@radekspilka273;UCUjO-nDU9WbYqFxy5mIU0mw;http://www.youtube.com/@radekspilka273;i am only one who feel so dumb after watching this?;i am only one who feel so dumb after watching this?;309;25
UgzfuTye4r8w-n7mpgR4AaABAg;None;ODjFDZC_TyA;@pablosantos1860;UC6JOv7b7LSLsSZovsSsAMUA;http://www.youtube.com/@pablosantos1860;"contador = 0<br><br>for x in range (1,10):<br>    if x % 2 == 0:<br>        contador += 1<br>        print(x)<br>print(f&quot;Nós temos {contador} números pares.&quot;)";"contador = 0

for x in range (1,10):
    if x % 2 == 0:
        contador += 1
        print(x)
print(f""Nós temos {contador} números pares."")";0;0
UgwRlZbBnqlVX_J7KU14AaABAg;None;ODjFDZC_TyA;@ruandemeneses9513;UCzlzDHGCm6vAlqAi91HbcAQ;http://www.youtube.com/@ruandemeneses9513;"for i in range(1,10,1):<br>    # se o resto da divisão de I (variavel coringa do loop for) for = a 0 imprima o I)<br>    if i % 2 == 0:<br>        print(i)<br>print(&quot;we have 4 even numbers !&quot;)";"for i in range(1,10,1):
    # se o resto da divisão de I (variavel coringa do loop for) for = a 0 imprima o I)
    if i % 2 == 0:
        print(i)
print(""we have 4 even numbers !"")";0;0
UgzA6Ysz0O4VKyj-rxJ4AaABAg;None;ODjFDZC_TyA;@JSRJS;UCqnfAO3s8j8hTY308ODhsCQ;http://www.youtube.com/@JSRJS;"Holy cow I did this a totally different way but it worked.  I basically divided each number in the range by 2 and if that number % 2 equaled 0 then I put that number into a array and also printed that number.  Then at the end of the program I just counted the length of the array. Thoughts?  Here&#39;s my code<br><br>nums = range(1, 10)<br>array = []<br>for items in nums:<br>    mod = items % 2<br>    if mod == 0:<br>        array.append(items)<br>        print(items)<br>print(&quot;We have &quot; +str(len(array))+ &quot; even numbers&quot;)";"Holy cow I did this a totally different way but it worked.  I basically divided each number in the range by 2 and if that number % 2 equaled 0 then I put that number into a array and also printed that number.  Then at the end of the program I just counted the length of the array. Thoughts?  Here's my code

nums = range(1, 10)
array = []
for items in nums:
    mod = items % 2
    if mod == 0:
        array.append(items)
        print(items)
print(""We have "" +str(len(array))+ "" even numbers"")";0;0
Ugz8yL_iJX1yPazcdvB4AaABAg;None;ODjFDZC_TyA;@efendimdayi;UCzs-lWQw-1WRhn8wIi2GWpw;http://www.youtube.com/@efendimdayi;a = range(1, 5)<br>for x in a:<br>      print(x+x)<br>print(“We are only even numbers”)<br><br>After the for loop,<br>Add b = x + 1 then print(x+b)<br>to make it all odd numbers instead of even,<br><br>Thoughts ???;"a = range(1, 5)
for x in a:
      print(x+x)
print(“We are only even numbers”)

After the for loop,
Add b = x + 1 then print(x+b)
to make it all odd numbers instead of even,

Thoughts ???";0;0
UgyhQOLDNO0BdmLf-4t4AaABAg;None;ODjFDZC_TyA;@wesley25101;UC12QH4hOeer4yWdS_mR-Arw;http://www.youtube.com/@wesley25101;"Thank you for the video! &lt;3 Helped a lot! Greetings from Brazil!";Thank you for the video! <3 Helped a lot! Greetings from Brazil!;9;2
UgzaG4r9fdI9Z48M2MN4AaABAg;None;ODjFDZC_TyA;@metalman2140;UCweZ2mCNQVCcX5tsXg3IZ5w;http://www.youtube.com/@metalman2140;"I&#39;m not sure if this would be considered a valid solution:<br><br>import math<br>upper_limit = int(input(&quot;What is the highest number within this range?&quot;))<br>upper_limit_halved = math.ceil(upper_limit/2)<br><br>even_num = []<br><br>for i in range(1,upper_limit_halved):<br>    print(i*2)<br>    even_num.append(i)<br><br>print(f&quot;We have {str(len(even_num))} even numbers!&quot;)<br><br>The thought behind this is that whatever range we have could be halved (and rounded up in the case of an odd upper limit to the range). Then every integer within our new range could be multiplied by two to give us our even list.";"I'm not sure if this would be considered a valid solution:

import math
upper_limit = int(input(""What is the highest number within this range?""))
upper_limit_halved = math.ceil(upper_limit/2)

even_num = []

for i in range(1,upper_limit_halved):
    print(i*2)
    even_num.append(i)

print(f""We have {str(len(even_num))} even numbers!"")

The thought behind this is that whatever range we have could be halved (and rounded up in the case of an odd upper limit to the range). Then every integer within our new range could be multiplied by two to give us our even list.";0;0
Ugxcdbkcj-IUdYwQ5mp4AaABAg;None;ODjFDZC_TyA;@chandanaparanavithana8965;UCxvTTAqltzBe1lVhcXsC-5Q;http://www.youtube.com/@chandanaparanavithana8965;This is the best channel to learn about python among the YouTube, Thank you Sir Mosh. 🙏👌;This is the best channel to learn about python among the YouTube, Thank you Sir Mosh. 🙏👌;0;0
Ugx5SjjPXSHhBRZ2Pm54AaABAg;None;ODjFDZC_TyA;@C5trueGaming;UCiIoAL73gcD3F6zqaBRfibQ;http://www.youtube.com/@C5trueGaming;"Thanks I learned (1,10) because I&#39;ve tried <br>for x in range(10): <br>     if x % 2 == 0:<br>         if x != 0:<br>             count += 1<br>             print(x)<br>then comeback to this and realized before I see the whole correct answer:<br>for x in range(1, 10): <br>     if x % 2 == 0:<br>         count += 1<br>         print(x)";"Thanks I learned (1,10) because I've tried 
for x in range(10): 
     if x % 2 == 0:
         if x != 0:
             count += 1
             print(x)
then comeback to this and realized before I see the whole correct answer:
for x in range(1, 10): 
     if x % 2 == 0:
         count += 1
         print(x)";0;0
UgxIPTahFVWq6iYifMd4AaABAg;None;ODjFDZC_TyA;@ompatel9971;UCXRCKOL3Dx23BNa3DXUGfIA;http://www.youtube.com/@ompatel9971;Please make some tutorials on c++.<br>Not only me but many students would be thankful to you as we students need it for schools;"Please make some tutorials on c++.
Not only me but many students would be thankful to you as we students need it for schools";4;1
Ugyi7Qy8Oya8Oaazzbx4AaABAg;None;ODjFDZC_TyA;@Prongssiee;UCGCIsr3cqFHTDX-1UhstrfA;http://www.youtube.com/@Prongssiee;"I used the following code:<br>for item in range(0,10,2):<br>    print(item)<br>print(str(len(range(0,10,2))) + &quot; are the amount of even numbers between 1 to 10&quot;)";"I used the following code:
for item in range(0,10,2):
    print(item)
print(str(len(range(0,10,2))) + "" are the amount of even numbers between 1 to 10"")";0;0
UgxZtRW7kMM8k-M9yk54AaABAg;None;ODjFDZC_TyA;@pacosmosisx8607;UCyBDmg3RlSV2peBkzPo4LvQ;http://www.youtube.com/@pacosmosisx8607;"This is how I solved this exercise:<br><br>numbers = range(1, 10)<br>count = 0<br><br>for i in numbers:<br>    if i % 2 == 0:<br>        count += 1<br>        print(i)<br><br>print(f&quot;We have {count} even numbers&quot;)";"This is how I solved this exercise:

numbers = range(1, 10)
count = 0

for i in numbers:
    if i % 2 == 0:
        count += 1
        print(i)

print(f""We have {count} even numbers"")";1;2
UgyyAWhs7geQTQC1xgZ4AaABAg;None;ODjFDZC_TyA;@LowGameplays;UCi5Rhca1H17T7kfk5WbO2sw;http://www.youtube.com/@LowGameplays;"My code:<br><br>r = range(1, 10)<br>even = 0<br>for i in r:<br>   if not i % 2:<br>      print(i)<br>      even += 1<br>print(&quot;We have &quot; + str(even) + &quot; even numbers&quot;";"My code:

r = range(1, 10)
even = 0
for i in r:
   if not i % 2:
      print(i)
      even += 1
print(""We have "" + str(even) + "" even numbers""";1;0
UgxO9lVTEpybsBSCpIZ4AaABAg;None;ODjFDZC_TyA;@billionare_Quotes..;UCnRGl57KQJVBEiSL46Ms_Lw;http://www.youtube.com/@billionare_Quotes..;"For number in range(4):<br>    number += 1<br>Print (number * 2)<br>Print (&quot;we have count 4 numbers&quot;)<br><br>Good";"For number in range(4):
    number += 1
Print (number * 2)
Print (""we have count 4 numbers"")

Good";0;0
UgxzqD_oWx5CWjs1VRx4AaABAg;None;ODjFDZC_TyA;@ah_zuzanka567;UCOEGKB-uGCqL0ejPmSM-xvg;http://www.youtube.com/@ah_zuzanka567;We can do that also by making a empty list and adding even numbers to this list. Then print the list 😀;We can do that also by making a empty list and adding even numbers to this list. Then print the list 😀;4;1
UgwqhXeKj01d00_wq0t4AaABAg;None;ODjFDZC_TyA;@devontathomas8571;UCtysG3hgtqGBSDyfC2xYVfw;http://www.youtube.com/@devontathomas8571;"nums = [2,4,6,8,]<br>for items in nums:<br>    print(items)<br>    <br>print(&quot;we even have 4 &quot;)";"nums = [2,4,6,8,]
for items in nums:
    print(items)
    
print(""we even have 4 "")";0;0
UgxuNfKZLi6aPwklm6N4AaABAg;None;ODjFDZC_TyA;@S-cl9sl;UCmVuzBeFICwDexrlf35GOkA;http://www.youtube.com/@S-cl9sl;"even_numbers = [str(i) + &quot;\n&quot; for i in range(1, 10) if i % 2 == 0]<br><br>print(*even_numbers)<br><br>print(&quot;There are four even numbers from the range 1 to 10.&quot;)";"even_numbers = [str(i) + ""\n"" for i in range(1, 10) if i % 2 == 0]

print(*even_numbers)

print(""There are four even numbers from the range 1 to 10."")";0;0
UgwEXmywsa2gvPkPZbZ4AaABAg;None;ODjFDZC_TyA;@Fishian.;UCrdsPMiw0fe_HLA88dfc8pQ;http://www.youtube.com/@Fishian.;"i = 2<br>for num in range(1, 10):<br>    print(i)<br>    i+= 2<br>    if i == 10:<br>        break<br>print(&quot;We have 4 even numbers&quot;)";"i = 2
for num in range(1, 10):
    print(i)
    i+= 2
    if i == 10:
        break
print(""We have 4 even numbers"")";0;0
UgyG0fkF7XgH_Zya8Yd4AaABAg;None;ODjFDZC_TyA;@snehas4500;UCG-xKSwN1sEcxO2-tA9gLJg;http://www.youtube.com/@snehas4500;"count = 0<br>for item in range(1, 20):<br>  x = item<br>  result = x % 2 == 0<br>  count += result<br>  if result:<br>    print(x)<br>print(f&quot;we have {count} even numbers&quot;)";"count = 0
for item in range(1, 20):
  x = item
  result = x % 2 == 0
  count += result
  if result:
    print(x)
print(f""we have {count} even numbers"")";0;0
UgzA3fZ_dM_Edd6RIpF4AaABAg;None;ODjFDZC_TyA;@mishab8064;UCQQVLMauO2u8vS_xW2b4JQA;http://www.youtube.com/@mishab8064;"even_numbers=[]<br><br>for x in range (1,10):<br>    if x % 2==0:<br>        even_numbers.append(x)<br>        print(x)<br><br>amnt_of_even_numbers=len(even_numbers)<br>print(f&quot;We have {amnt_of_even_numbers}. even numbers&quot; )";"even_numbers=[]

for x in range (1,10):
    if x % 2==0:
        even_numbers.append(x)
        print(x)

amnt_of_even_numbers=len(even_numbers)
print(f""We have {amnt_of_even_numbers}. even numbers"" )";0;0
UgzYNiKmnFhEzNIn2EN4AaABAg;None;ODjFDZC_TyA;@RedeitN;UC-AHdwCTLf7kJH6e-jzI4zQ;http://www.youtube.com/@RedeitN;"count=0<br>for i in range(1,10):<br>    if i%2==0:<br>        print(i)<br>        count+=1<br>print(&quot;we have&quot;,count,&quot;even number&quot;)";"count=0
for i in range(1,10):
    if i%2==0:
        print(i)
        count+=1
print(""we have"",count,""even number"")";0;0
UgxGuUHWPPuX3HO3-0V4AaABAg;None;ODjFDZC_TyA;@REESSTT;UCwYMUuGtSzRXq27ZDjtOjZw;http://www.youtube.com/@REESSTT;"here&#39;s my solution:<br><br>numbers = range(2, 9, 2)<br>for item in numbers:<br>    print(item)<br>if len(numbers) == 4:<br>    print(&quot;We have 4 even numbers &quot;)<br>else:<br>    print(&quot;That&#39;s it&quot;)";"here's my solution:

numbers = range(2, 9, 2)
for item in numbers:
    print(item)
if len(numbers) == 4:
    print(""We have 4 even numbers "")
else:
    print(""That's it"")";0;0
UgzUqPPtPjmt0TpuDBB4AaABAg;None;ODjFDZC_TyA;@iabdulmoiz;UCJ16FMoUPEu35vhY628yQhQ;http://www.youtube.com/@iabdulmoiz;Please create complete website with python so it will be more interested series;Please create complete website with python so it will be more interested series;3;2
Ugx5x2ON49xYPU-sLql4AaABAg;None;ODjFDZC_TyA;@رينشاد_أ;UCnG6YflgWlXMuzrKikJABkA;http://www.youtube.com/@%D8%B1%D9%8A%D9%86%D8%B4%D8%A7%D8%AF_%D8%A3;"eve = [i for i in range(1,10) if i%2==0]; print(eve); print(f&quot;we have {len(eve)} even numbers&quot;)";"eve = [i for i in range(1,10) if i%2==0]; print(eve); print(f""we have {len(eve)} even numbers"")";0;0
Ugyka1NsF0Hhr9LnVwJ4AaABAg;None;ODjFDZC_TyA;@WithGoggles;UCJCr26Siz5jv6wIaUNmvAuw;http://www.youtube.com/@WithGoggles;"Here we go!<br><br>for a in range (2,10,2):<br>       print(a)<br>print(&quot;We have 4 even numbers&quot;) -ik this one is awful😂<br>Thanks! Keep doin&#39; whatcha doin&#39;";"Here we go!

for a in range (2,10,2):
       print(a)
print(""We have 4 even numbers"") -ik this one is awful😂
Thanks! Keep doin' whatcha doin'";0;0
UgxoIe5hDesXFytZu_V4AaABAg;None;ODjFDZC_TyA;@mishab8064;UCQQVLMauO2u8vS_xW2b4JQA;http://www.youtube.com/@mishab8064;"even_numbers = [x for x in range(1, 10) if x % 2 == 0]<br>print(f&quot;We have {len(even_numbers)} even numbers.&quot;)";"even_numbers = [x for x in range(1, 10) if x % 2 == 0]
print(f""We have {len(even_numbers)} even numbers."")";0;0
UgwYe8Pq4WWgfym1Wl14AaABAg;None;ODjFDZC_TyA;@mariammallah4975;UCWl2HaJYXTN-xAl1Cn7jp2w;http://www.youtube.com/@mariammallah4975;It’s 1am, i have a test on this tomorrow and i need to know far more than this, but im learning the basics still;It’s 1am, i have a test on this tomorrow and i need to know far more than this, but im learning the basics still;0;0
UgyfZPNysRmuTt2T0h94AaABAg;None;ODjFDZC_TyA;@guidc;UCN1bC6seRcKDUiunO2FtEMw;http://www.youtube.com/@guidc;we need more quick exercises like this;we need more quick exercises like this;0;0
UgwKGS8P_Zibg9mXjR94AaABAg;None;ODjFDZC_TyA;@mc_rami9;UCdX_bnsXIoQ3i1XOMsaZWiA;http://www.youtube.com/@mc_rami9;"I solved it but I didn&#39;t do your solution I did :<br>i = 2<br>for i in range(10):<br>  i = i * 2<br>  print(i)<br>  if i == 8:<br>      break<br>print(&quot;we have 4 even numbers&quot;)<br>But your solution is more clearly than mine, I started learning programming python at may 20 .";"I solved it but I didn't do your solution I did :
i = 2
for i in range(10):
  i = i * 2
  print(i)
  if i == 8:
      break
print(""we have 4 even numbers"")
But your solution is more clearly than mine, I started learning programming python at may 20 .";0;0
UgxBQHx8QLe2oLoGjLl4AaABAg;None;ODjFDZC_TyA;@faithsuh;UCFutUwfeoLdNVr3BDjFAU0w;http://www.youtube.com/@faithsuh;for i in range(1, 10):<br>      if i % 2 == 0:<br>            print(i)<br>      else:<br>            continue;"for i in range(1, 10):
      if i % 2 == 0:
            print(i)
      else:
            continue";0;0
Ugw-0PVC3uwLsOm5G_p4AaABAg;None;9ueMumuFv6g;@matthieu_fulhaber;UCwoRBa_hk-L-b8P7ogof-sg;http://www.youtube.com/@matthieu_fulhaber;thx for the video, im learning python at school and trying to improve :);thx for the video, im learning python at school and trying to improve :);3;0
UgxRtu44vbQWdKw06Ol4AaABAg;None;9ueMumuFv6g;@Rajadahana;UClgiIQ8Dt6I9m_LCNc-z6DA;http://www.youtube.com/@Rajadahana;"Before watching this video, I didn&#39;t know about &quot;Enumerate&quot; so I did the following :-D<br>letters = [&quot;a&quot;, &quot;b&quot;, &quot;c&quot;]<br>for letter in letters:<br>  print(f&quot;{letters.index(letter)} , {letter}&quot;)<br><br>I got the following result<br><br>0 , a<br>1 , b<br>2 , c";"Before watching this video, I didn't know about ""Enumerate"" so I did the following :-D
letters = [""a"", ""b"", ""c""]
for letter in letters:
  print(f""{letters.index(letter)} , {letter}"")

I got the following result

0 , a
1 , b
2 , c";1;0
UgyvLZsNz6EsG5ddEEN4AaABAg;None;9ueMumuFv6g;@rahulchauhan496;UCwyOui6UZ8cx3fZAoxYGyUA;http://www.youtube.com/@rahulchauhan496;Great Sir......❤❤;Great Sir......❤❤;1;0
UgwtKwIxcD5xBbzGhgt4AaABAg;None;9ueMumuFv6g;@genedenman1286;UC5itRkDFUBgn4O2EhD0cNxA;http://www.youtube.com/@genedenman1286;Thank you for your very simple video. It helped me to fix my problem very quickly. Thank you so much!!!!;Thank you for your very simple video. It helped me to fix my problem very quickly. Thank you so much!!!!;0;0
UgwS7UCwR0CutLoL-WV4AaABAg;None;9ueMumuFv6g;@tymothylim6550;UCaj9C1IcJwalhq7lPGJ4AwQ;http://www.youtube.com/@tymothylim6550;Thank you Mosh for the video! It was helpful for me.;Thank you Mosh for the video! It was helpful for me.;0;0
UgzaiQS3tXz81qwz51t4AaABAg;None;9ueMumuFv6g;@Dopeboyz789;UCKlGdAPuiM5pCAIvZHXUagA;http://www.youtube.com/@Dopeboyz789;How do you enumerate with a function instead of loop?;How do you enumerate with a function instead of loop?;5;0
UgwCKnFvhOvtcRjJE6B4AaABAg;None;9ueMumuFv6g;@mohammadanarul624;UCJtAOEdlMCI1xUSQH3spg-w;http://www.youtube.com/@mohammadanarul624;Awesome sir...;Awesome sir...;1;0
Ugz3Nl_ZhE6u3wgiC_Z4AaABAg;None;9ueMumuFv6g;@muhammadbilalmemon6982;UCcpz8Vks9JwcGMVPZFkAJbQ;http://www.youtube.com/@muhammadbilalmemon6982;"Great Sir &lt;3";Great Sir <3;2;0
UgwgpBXUBuZ3S7koR8l4AaABAg;None;9ueMumuFv6g;@cfdgilbert;UCqE8ZSHe5YauILqdvV0Bjsw;http://www.youtube.com/@cfdgilbert;thank you so much!;thank you so much!;1;0
UgxwqVLAuYyWjE-tx-l4AaABAg;None;9ueMumuFv6g;@riadasgupta2737;UC9Q-EgA9fFq38t3fntJ0WIg;http://www.youtube.com/@riadasgupta2737;"letters = [&quot;a&quot;, &quot;b&quot;, &quot;c&quot;]<br>for index in range(len(letters)):<br>    print(index, letters[index])<br><br>This will work too.... But it was great to know about enumerate function and unpacking.";"letters = [""a"", ""b"", ""c""]
for index in range(len(letters)):
    print(index, letters[index])

This will work too.... But it was great to know about enumerate function and unpacking.";2;0
UgyH4zpIGEJGT7DEQGl4AaABAg;None;9ueMumuFv6g;@streambtsalishacruz2860;UCqV3k4Vo5gHyrDwcltWY3lA;http://www.youtube.com/@streambtsalishacruz2860;thanks man!;thanks man!;0;0
UgzLbrjJzuT9R5KARcJ4AaABAg;None;9ueMumuFv6g;@aesposito696;UCPcnkbxHG0tegfr3oOSl0dA;http://www.youtube.com/@aesposito696;Hi Mosh, Which theme of vscode are you using?<br>Thanks for the videos!;"Hi Mosh, Which theme of vscode are you using?
Thanks for the videos!";2;1
Ugx-qPBesFNjbcnr0FR4AaABAg;None;9ueMumuFv6g;@amgaddoumet1364;UCFjWEBQb03-g_1i49IeEgdw;http://www.youtube.com/@amgaddoumet1364;when i write the first list and make (alt + cuntol+e) i could not move to the second row with space in the second row but i move to the first;when i write the first list and make (alt + cuntol+e) i could not move to the second row with space in the second row but i move to the first;2;0
UgxJXX7r1_S37JZytvF4AaABAg;None;9ueMumuFv6g;@engycation;UCKv5m5AsRwQGni8iz8yRhwQ;http://www.youtube.com/@engycation;nice video;nice video;0;0
Ugz8DROelMICDI-JNhB4AaABAg;None;9ueMumuFv6g;@DeEditsz;UCtO7IBbGUrOA_kzx9AG9NIQ;http://www.youtube.com/@DeEditsz;Hey i am having one question.. where i need to do these exercises;Hey i am having one question.. where i need to do these exercises;0;0
UgzAgHxfs9Y4MRQPSAN4AaABAg;None;9ueMumuFv6g;@nihal3816;UCvXQsFfbo7OfAHNi9edOKQw;http://www.youtube.com/@nihal3816;Which code editor do u use?;Which code editor do u use?;0;0
UgyQ2awhZutnMi6v2pB4AaABAg;None;9ueMumuFv6g;@pythonlucas;UCSgghB6L3eiwzipfCrv3VPw;http://www.youtube.com/@pythonlucas;Thank you for this video about lists, it helped me out to solve the problem I was stuck with, which result I uploaded on my own channel. I like your content, your explanation is very clear. I hope my own script can be as clean, if someone could give me some feedback, I would really appreciate it. Thank you!;Thank you for this video about lists, it helped me out to solve the problem I was stuck with, which result I uploaded on my own channel. I like your content, your explanation is very clear. I hope my own script can be as clean, if someone could give me some feedback, I would really appreciate it. Thank you!;1;0
UgxRuVJwXhtQivQYkJ54AaABAg;None;9ueMumuFv6g;@1982iniceman;UCRMKjaB0Twu7eMOE-eBcBZQ;http://www.youtube.com/@1982iniceman;Good one;Good one;0;0
Ugzef-Xlm0tf6cZ4uSN4AaABAg;None;9ueMumuFv6g;@canwing4573;UCmLL4VH54aybZ2o6VDkigcA;http://www.youtube.com/@canwing4573;Confusing;Confusing;2;0
Ugwt0pmbg6CK99tW-M14AaABAg;None;9ueMumuFv6g;@cynthiahmulwo8737;UCdOQgU4D9YND8pDT9pmrD9Q;http://www.youtube.com/@cynthiahmulwo8737;What if I want my list to be<br>1.a<br>2.b<br>3.c;"What if I want my list to be
1.a
2.b
3.c";0;0
UgyP9S3IgCXOndj31Hl4AaABAg;None;9ueMumuFv6g;@shadowhawk9355;UCHqQvAkyvBE40xPl0I5Vd1Q;http://www.youtube.com/@shadowhawk9355;nice;nice;0;0
UgxPubpQkzSaIFHpOjF4AaABAg;None;9ueMumuFv6g;@TanjinNMitu;UC7Yc9gVqCiJ5g6ngVqD648Q;http://www.youtube.com/@TanjinNMitu;"Whenever i open the terminal by ctrl+` i can&#39;t get back to the output. It repeatedly opens terminal i don&#39;t get any output. I installed code runner bt every time i press ctrl+alt+ n it says code is already running.. How to fix that??";Whenever i open the terminal by ctrl+` i can't get back to the output. It repeatedly opens terminal i don't get any output. I installed code runner bt every time i press ctrl+alt+ n it says code is already running.. How to fix that??;0;0
UgztHrQJRdu0jO1Nihp4AaABAg;None;9ueMumuFv6g;@nonyabusiness665;UCHhhKx8ycYkfH36sSb19nig;http://www.youtube.com/@nonyabusiness665;"Ok but, how do we do it without enumerate? It&#39;s somewhat incomplete.";Ok but, how do we do it without enumerate? It's somewhat incomplete.;0;0
UgyVqHHogjqFva4Os9d4AaABAg;None;9ueMumuFv6g;@maj954;UCeqY__B8IweVW5Se0qeqzBg;http://www.youtube.com/@maj954;Thank you. <br>Please stop using the white phase out at the end of your videos they’re burning my retinas;"Thank you. 
Please stop using the white phase out at the end of your videos they’re burning my retinas";1;0
UgyBgIVIhhSDS7EISAd4AaABAg;None;9ueMumuFv6g;@khalilsial1;UCT3ozzJCakGBC4nqikix0Pw;http://www.youtube.com/@khalilsial1;QUESTION: Kindly tell me the IDE that you are using i like it the way it shows every keyword with different color.;QUESTION: Kindly tell me the IDE that you are using i like it the way it shows every keyword with different color.;2;5
UgxejS7fye8fsQsqdpZ4AaABAg;None;9ueMumuFv6g;@ErkanOkman;UCfItBmrBzj7ZBDaWESUeCHg;http://www.youtube.com/@ErkanOkman;👍👏;👍👏;0;0
UgygQj2a5oOSvH9_hVx4AaABAg;None;9ueMumuFv6g;@chengxiaoshi3461;UCEpbXjJIhcIpQBsSd1qBXAQ;http://www.youtube.com/@chengxiaoshi3461;Bro i was losst in the first 30 seconds;Bro i was losst in the first 30 seconds;0;0
UgxFuMaSnTGAymSR23l4AaABAg;None;9ueMumuFv6g;@supaflylob;UCtix1THkBnaSQtt98nmkXFQ;http://www.youtube.com/@supaflylob;Tooople;Tooople;1;0
UgywK7THlc3_Er0Z39p4AaABAg;None;9ueMumuFv6g;@varshilpatel2118;UCKZF7IsneD_F27hhXZN9wuw;http://www.youtube.com/@varshilpatel2118;First;First;0;0
Ugym-ljDJUW17iBPxd94AaABAg;None;YRJbhFLLPyE;@shagunfood;UC7826gyne0PyJJin1qANqFg;http://www.youtube.com/@shagunfood;Love that there was no unnecessary intro ❤ You jumped straight to the point. Much needed relief in these times of clickbaits and irrelevant speeches at the beginning 😅;Love that there was no unnecessary intro ❤ You jumped straight to the point. Much needed relief in these times of clickbaits and irrelevant speeches at the beginning 😅;313;1
Ugzt9b7P_4PMDYwOA-F4AaABAg;None;YRJbhFLLPyE;@frederickzoreta6617;UCuLk73p1GuAuQPABLBEoBwQ;http://www.youtube.com/@frederickzoreta6617;"This is really a great video. I’d also<br>Like to add that one doesn’t need to learn all nor most just be an entry level data analyst. And I’m talking from experience &amp; observing my inner circle too. <br><br>I’ve seen peeps get jobs by being good at excel &amp; intermediate sql skills . Or excel and other PBI or Tableau. Ofcourse some understanding of stats too. <br><br>And one thing I noticed is that showing a portfolio of projects, even if gained via academic, bootcamp or volunteer would go a long , long way.";"This is really a great video. I’d also
Like to add that one doesn’t need to learn all nor most just be an entry level data analyst. And I’m talking from experience & observing my inner circle too. 

I’ve seen peeps get jobs by being good at excel & intermediate sql skills . Or excel and other PBI or Tableau. Ofcourse some understanding of stats too. 

And one thing I noticed is that showing a portfolio of projects, even if gained via academic, bootcamp or volunteer would go a long , long way.";71;1
Ugxd_2QeN48LL2HEsKh4AaABAg;None;YRJbhFLLPyE;@luckkerr;UChJVK8qtSGsv8AWgwAGHbEw;http://www.youtube.com/@luckkerr;This roadmap is amazing nosh, I’m account and I wanna be a data analyst for to grow on my profesional degreee as an accountant.<br>I’ve finished your python course for beginners.<br>Now you’re the best YouTuber that I ever watched.;"This roadmap is amazing nosh, I’m account and I wanna be a data analyst for to grow on my profesional degreee as an accountant.
I’ve finished your python course for beginners.
Now you’re the best YouTuber that I ever watched.";65;4
Ugz3IK0ftI9PsXG6HGR4AaABAg;None;YRJbhFLLPyE;@deepakmishra96;UCFYQNixbQxZdgbqoZN_xkHw;http://www.youtube.com/@deepakmishra96;This is for data science not for the data analysis role.;This is for data science not for the data analysis role.;16;0
UgxsimmgRYHJxA23Aot4AaABAg;None;YRJbhFLLPyE;@DataDrivenChart;UCNRPYUIufe-_nCcEJ2g5V6g;http://www.youtube.com/@DataDrivenChart;"Thanks for the great video. In my part I&#39;m exploring the data visualization from raw data. (Excel and Flourish)";Thanks for the great video. In my part I'm exploring the data visualization from raw data. (Excel and Flourish);6;0
UgwX3iWihsQqUk9qArN4AaABAg;None;YRJbhFLLPyE;@SolutionBuffet;UCjNtWkogN8uXTNx0-iDJyvA;http://www.youtube.com/@SolutionBuffet;I went through the PDF you mentioned. Very well done. Thank you. You have become a brand that I trust. Keep it up! 💪;I went through the PDF you mentioned. Very well done. Thank you. You have become a brand that I trust. Keep it up! 💪;18;5
UgyLvXUWpZwV0UUAP_94AaABAg;None;YRJbhFLLPyE;@ujjwalranaa;UCi-o64VmeRimQdBfnHfZEDw;http://www.youtube.com/@ujjwalranaa;I saw your video related to DATA ANALYST but my concern is which is the best place to learn all those which you have suggested for DATA ANALYST. if you could guide us to that as well then it will great help to follow;I saw your video related to DATA ANALYST but my concern is which is the best place to learn all those which you have suggested for DATA ANALYST. if you could guide us to that as well then it will great help to follow;15;0
UgwO2v9QtOy4zHqcsax4AaABAg;None;YRJbhFLLPyE;@samarthvanpariya2997;UCkQS9mj46c6sx9s0HutO80g;http://www.youtube.com/@samarthvanpariya2997;Thanks man, i appreciate your efforts ,in last video i asked you to prepare a data analyst roadmap and here you are with it;Thanks man, i appreciate your efforts ,in last video i asked you to prepare a data analyst roadmap and here you are with it;31;0
UgzkD8Fmmo7zB1CmyZ54AaABAg;None;YRJbhFLLPyE;@gbTechieNinja;UCHQmW9pTmCPg8AcThkb3CjA;http://www.youtube.com/@gbTechieNinja;Concise and lovable! ❤;Concise and lovable! ❤;15;0
UgziGaUD7pqc8SKFc8l4AaABAg;None;YRJbhFLLPyE;@mahkishouma;UCtDrEodRdyd0mVYtOLegfPw;http://www.youtube.com/@mahkishouma;i heard that if youre just starting, an aspiring junior data analyst, you can learn Excel/spreadsheets, SQL, and data visualization at first and land a junior DA job, then learn the next skills as you start your journey.;i heard that if youre just starting, an aspiring junior data analyst, you can learn Excel/spreadsheets, SQL, and data visualization at first and land a junior DA job, then learn the next skills as you start your journey.;1;0
UgxXC6wCMlK9hmXpd7V4AaABAg;None;YRJbhFLLPyE;@BMM-op4ou;UCeyfHtg2C3iJnW26FuuzJag;http://www.youtube.com/@BMM-op4ou;I think your timeline is just too long, i would encourage 2 weeks on excel, 2 weeks sql, 1-2 months on Tableau, 3-months for python;I think your timeline is just too long, i would encourage 2 weeks on excel, 2 weeks sql, 1-2 months on Tableau, 3-months for python;45;17
Ugxi9DwIq8mIZsxb8G14AaABAg;None;YRJbhFLLPyE;@Abdelati_um6p572;UCu-zlONzTrpafy4aANeijIw;http://www.youtube.com/@Abdelati_um6p572;"Such a good professor. hats off to you for your braveness some Youtubers make it easy like 6 months you become a data analyst. Now I have a full background from scratch <a href=""UCkszU2WH9gy1mb0dV-11UJg/G8AfY6yWGuKuhL0PlbiA2AE""></a>";Such a good professor. hats off to you for your braveness some Youtubers make it easy like 6 months you become a data analyst. Now I have a full background from scratch ;10;0
UgxNP5YGkpPcPh7QaY14AaABAg;None;YRJbhFLLPyE;@Emmanuel-Agbojule;UCgpcJOXvyDoJ8jNRjyboCcw;http://www.youtube.com/@Emmanuel-Agbojule;"Don&#39;t you have a full tutorial on  Excel?<br><br>Very enlightening video btw";"Don't you have a full tutorial on  Excel?

Very enlightening video btw";5;0
Ugz55fo2okFVGimwpsx4AaABAg;None;YRJbhFLLPyE;@ogonemokgalagadi9556;UCvg6MScORfDUX5qltKnYtfA;http://www.youtube.com/@ogonemokgalagadi9556;Hi mosh your videos help many understand basic concepts on understanding how technology works I think for your next video a cloud development road map would be beneficial.;Hi mosh your videos help many understand basic concepts on understanding how technology works I think for your next video a cloud development road map would be beneficial.;4;0
UgyO_cK9Hx8ldxEYdoF4AaABAg;None;YRJbhFLLPyE;@shivam_kumar1994;UC6OHsCFLaU8FBOerBLvKFFg;http://www.youtube.com/@shivam_kumar1994;Just go through the PDF. It’s quite neat and clean, just like your videos. The way you explain which skills we need and which topics should be addressed is absolutely amazing. I knew that statistics and mathematics are important for data analysis, but I was never able to understand from where to begin and which topics should be covered under this.<br>Thank you so much mosh❤❤ <br>Only one request please provide free sources of learning those skills especially statistics/maths;"Just go through the PDF. It’s quite neat and clean, just like your videos. The way you explain which skills we need and which topics should be addressed is absolutely amazing. I knew that statistics and mathematics are important for data analysis, but I was never able to understand from where to begin and which topics should be covered under this.
Thank you so much mosh❤❤ 
Only one request please provide free sources of learning those skills especially statistics/maths";5;1
UgxagEwajIfuGFMeuZN4AaABAg;None;YRJbhFLLPyE;@iwealasam;UCEm46TnQMpJP5gtqrkKi4yQ;http://www.youtube.com/@iwealasam;Coming across this is huge for me. Although I am unable to download the free roadmap from the link.;Coming across this is huge for me. Although I am unable to download the free roadmap from the link.;4;0
UgwMEWsZXZMQK6fqV9x4AaABAg;None;YRJbhFLLPyE;@FutureCodingStars;UCXCEXokpYE4oL3-r3hR0ebA;http://www.youtube.com/@FutureCodingStars;"This is an excellent roadmap for beginners. The emphasis on statistics is spot on. It&#39;s the true foundation.<br>I&#39;ve found that breaking down big concepts into simple projects is key. It helps new learners build confidence and makes it all feel achievable.";"This is an excellent roadmap for beginners. The emphasis on statistics is spot on. It's the true foundation.
I've found that breaking down big concepts into simple projects is key. It helps new learners build confidence and makes it all feel achievable.";0;0
UgxYAEJorJoujlmNxgJ4AaABAg;None;YRJbhFLLPyE;@hope_faith04;UC7DcQ-yy9Czl8bnwB0YO_Yw;http://www.youtube.com/@hope_faith04;Even though im from non English speaking countries, the roadmap seems almost the same as that in my country. That’s so helpful thanks !;Even though im from non English speaking countries, the roadmap seems almost the same as that in my country. That’s so helpful thanks !;0;0
Ugyg4tI3bQshdgrz-nl4AaABAg;None;YRJbhFLLPyE;@Nina_May626;UC_cSZ4_mimmrLBUl7XsQxyg;http://www.youtube.com/@Nina_May626;Im a biotechnologist, fresh grad. During my internship, i had to use R for transcriptome analysis. I quickly fell in love with it, never knew i had a talent for it. <br><br><br>Now, strangely enough.... i think i want to dedicate my career towards data analytics. The problem is, i have bachelors in biotechnology which is pretty far from data analytics/programming etc.;"Im a biotechnologist, fresh grad. During my internship, i had to use R for transcriptome analysis. I quickly fell in love with it, never knew i had a talent for it. 


Now, strangely enough.... i think i want to dedicate my career towards data analytics. The problem is, i have bachelors in biotechnology which is pretty far from data analytics/programming etc.";2;2
UgwPHSRHWEOo9BtXJap4AaABAg;None;YRJbhFLLPyE;@BarklignMulatu;UCEDUm7k3LaqM6AnYSU-9xWw;http://www.youtube.com/@BarklignMulatu;This really helped me. I had been using this road map for the last three months before came across this video. Thanks Mosh;This really helped me. I had been using this road map for the last three months before came across this video. Thanks Mosh;0;0
UgxDilIMg3XB63Tp5Ud4AaABAg;None;YRJbhFLLPyE;@raeesahmed7283;UCMvh8fXJBP7_zG7tVl3VLTw;http://www.youtube.com/@raeesahmed7283;Next Cyber Security plz;Next Cyber Security plz;27;0
UgwpIt_cwZ0sW8-QBAB4AaABAg;None;YRJbhFLLPyE;@Simplon_ai;UCKYfF0TX35fhImh7obE1KyQ;http://www.youtube.com/@Simplon_ai;Thank You a lot Mosh for this beautiful video but I recommend this to everyone the point is not to learn tools the point is to analyze data and then learn tools for it this made me very depressed in the early stages;Thank You a lot Mosh for this beautiful video but I recommend this to everyone the point is not to learn tools the point is to analyze data and then learn tools for it this made me very depressed in the early stages;0;0
UgzhfD5WdqwO3tiEECh4AaABAg;None;YRJbhFLLPyE;@poguprashanth;UCQ43VpCU4XlPwyzOsjHMz3w;http://www.youtube.com/@poguprashanth;Really loved it, could you please upload the full videos on it. So, that we could become Data Analyst.;Really loved it, could you please upload the full videos on it. So, that we could become Data Analyst.;1;0
UgxpCfDVIZGafVChMnl4AaABAg;None;YRJbhFLLPyE;@JamalGhazniwal-xr4wc;UCO6SeNxa6M_llSTEyTkfZmw;http://www.youtube.com/@JamalGhazniwal-xr4wc;Hi mosh! thank you for releasing useful contents.<br>Can you please make one roadmap for blockchain software development?;"Hi mosh! thank you for releasing useful contents.
Can you please make one roadmap for blockchain software development?";2;0
UgwRND_L6CUCBS47hip4AaABAg;None;YRJbhFLLPyE;@SC-RGX7;UCn1ClE-YN44kC80Fc85CYyw;http://www.youtube.com/@SC-RGX7;I would recommend you learn to use Jupyter notebooks.<br><br>It enables you to run Python, R and Julia in parallel. Also you can show data reports in a modular manner.;"I would recommend you learn to use Jupyter notebooks.

It enables you to run Python, R and Julia in parallel. Also you can show data reports in a modular manner.";0;0
Ugw5OJiHfyMHiaIJ2yx4AaABAg;None;YRJbhFLLPyE;@yunoussisan;UC_WMhc_mqghDEPK_mV2FCpQ;http://www.youtube.com/@yunoussisan;Next data engineer and business intelligence;Next data engineer and business intelligence;1;0
Ugw6mGcDeTBTm_KhJF14AaABAg;None;YRJbhFLLPyE;@CodeNestHub;UCwLByXh-lUYnWKwvYnhD4IQ;http://www.youtube.com/@CodeNestHub;Thanks Man , For that;Thanks Man , For that;2;0
Ugxt1of5yP0O163scv14AaABAg;None;YRJbhFLLPyE;@omowomaroland1880;UCRJKd85djgzhrlVT0oKE2Kw;http://www.youtube.com/@omowomaroland1880;I love Mosh any day. Thank you for this straight to the point video.;I love Mosh any day. Thank you for this straight to the point video.;0;0
UgxYY3ozJi2Anu-3ofd4AaABAg;None;YRJbhFLLPyE;@prisoner0016;UC1mW0y76J_aY5gW08472VRw;http://www.youtube.com/@prisoner0016;thank you very much for this free video and free pdf roadmap;thank you very much for this free video and free pdf roadmap;1;0
UgwikRRhEDBY3KrCoNl4AaABAg;None;YRJbhFLLPyE;@Def_not_alex-btw;UCOKdPbf-xEaamS1sTFV7P3w;http://www.youtube.com/@Def_not_alex-btw;Mosh is a W, bro knows literally everything ❤;Mosh is a W, bro knows literally everything ❤;0;0
UgxIdEySECnBVXc4Iep4AaABAg;None;YRJbhFLLPyE;@PeterIkpabi;UCnp-CbDODWCVLyFl9mSVacQ;http://www.youtube.com/@PeterIkpabi;Very educative and informative..The goal is to get better.<br>Thanks.;"Very educative and informative..The goal is to get better.
Thanks.";0;0
UgyWwB9H2bSmmBzTcVR4AaABAg;None;YRJbhFLLPyE;@yogij17;UCjimI2uqH0QzHBdnsfS87VQ;http://www.youtube.com/@yogij17;Thank you for your hardwork Mosh ❤<br>Can you make a video on cybersecurity road map;"Thank you for your hardwork Mosh ❤
Can you make a video on cybersecurity road map";2;0
UgwHNLpK6onQFa65brZ4AaABAg;None;YRJbhFLLPyE;@nandagopal375;UCwUgDXji68YUqrQqULQjggw;http://www.youtube.com/@nandagopal375;Thank you for providing valuable information 🙏🙏🙏;Thank you for providing valuable information 🙏🙏🙏;0;0
UgxJs6INr76TY_NuFzR4AaABAg;None;YRJbhFLLPyE;@SoussouBrou;UCIUhVZIB6zfe7muZzOfOHKw;http://www.youtube.com/@SoussouBrou;Thank you Mosh for this Roadmap, I really appreciate it;Thank you Mosh for this Roadmap, I really appreciate it;0;0
UgyhLwReM5qvLQ9g4CN4AaABAg;None;YRJbhFLLPyE;@RandyAinsworth-tx6vn;UCN2lqyt7r2kvpnwhJ-61bZw;http://www.youtube.com/@RandyAinsworth-tx6vn;Spring boot course would be cool;Spring boot course would be cool;1;0
UgzYQZ7fOILr3d9TbHh4AaABAg;None;YRJbhFLLPyE;@kishan4278;UC7L1Vzyrou3NREBQuj6Hs6g;http://www.youtube.com/@kishan4278;Pls make roadmap on cybersecurity like  ethical hacking, cybersecurity engineer, pentester, cybersecurity analyst ,etc.<br>I m waiting...;"Pls make roadmap on cybersecurity like  ethical hacking, cybersecurity engineer, pentester, cybersecurity analyst ,etc.
I m waiting...";1;0
UgyG09YR_zXibXqiVVB4AaABAg;None;YRJbhFLLPyE;@iyimogajosephnana1801;UCgRHUOSqjNNLqHMrZLYNA-w;http://www.youtube.com/@iyimogajosephnana1801;Thank you Mosh.  You are a great teacher!;Thank you Mosh.  You are a great teacher!;0;0
UgwhRyxwoRrL6g71Arh4AaABAg;None;YRJbhFLLPyE;@BekaMan323;UC99r4g3uTGPl8CFk9IXDaUg;http://www.youtube.com/@BekaMan323;That was AWESOME ❤❤<br><br>Can you make a video on DevOps engineer Roadmap;"That was AWESOME ❤❤

Can you make a video on DevOps engineer Roadmap";1;0
Ugy9Zef9K6vEVxX8LIB4AaABAg;None;YRJbhFLLPyE;@onlineentrepreneur8530;UCPUwQfyQ0qy8NH8Npa-p9Fg;http://www.youtube.com/@onlineentrepreneur8530;Dedicate 3-5 hours a day for the next 8-16 months 😂😂😂;Dedicate 3-5 hours a day for the next 8-16 months 😂😂😂;347;18
UgyPTYwiAEjgQWCe0j54AaABAg;None;YRJbhFLLPyE;@NirvanaNidhi;UCAJSQs1w4DynHnODxFjMngg;http://www.youtube.com/@NirvanaNidhi;Thanks, that was to the way to the point..;Thanks, that was to the way to the point..;1;0
UgyLWhKfKlKqtvkClxx4AaABAg;None;YRJbhFLLPyE;@jackdavid-t7h;UCgPOubBm2s-JC1_gfGwMYtg;http://www.youtube.com/@jackdavid-t7h;"thank you bro it&#39;s a very clean  roadmap";thank you bro it's a very clean  roadmap;0;0
UgyAqCgXM_QRwbY7hHR4AaABAg;None;YRJbhFLLPyE;@CustAndCode;UCOX5mshFHpU_HSTdxEM8H8w;http://www.youtube.com/@CustAndCode;pretty cool! 😎 now I know why I am not a Data Analyst 🤪;pretty cool! 😎 now I know why I am not a Data Analyst 🤪;0;0
UgxxZ2Z6baeHCwg042p4AaABAg;None;YRJbhFLLPyE;@nowie4007;UCCr53C8GrnL1xY8XCtKrn2w;http://www.youtube.com/@nowie4007;Always bringing quality information, loved this video ❤❤❤;Always bringing quality information, loved this video ❤❤❤;0;0
UgzVyNsrmv5UbsbgQEZ4AaABAg;None;YRJbhFLLPyE;@MDHOSSAIN-gj5ve;UCF40ipcdDSpk53VmiIYgedQ;http://www.youtube.com/@MDHOSSAIN-gj5ve;Hi Mosh, can you please create a roadmap for Data Engineering.;Hi Mosh, can you please create a roadmap for Data Engineering.;56;1
Ugw4siAFX1ixHpjo7Mh4AaABAg;None;YRJbhFLLPyE;@Qmul-g8j;UC-4Xs6Leu0oiZ4Sin9VutMA;http://www.youtube.com/@Qmul-g8j;Thanks for the video, it gives me some insight into what I need to know to become a Data Analyst, I am a couple of weeks into learning Python but there is a long road to go. Thanks for the Road Map.;Thanks for the video, it gives me some insight into what I need to know to become a Data Analyst, I am a couple of weeks into learning Python but there is a long road to go. Thanks for the Road Map.;4;0
Ugzz0_2c4C7RqoexP1R4AaABAg;None;YRJbhFLLPyE;@arijeetchakraborty7069;UCU040_i6jxqTkEl-W0Fl8-Q;http://www.youtube.com/@arijeetchakraborty7069;please make a complete roadmap on how to become a Cyber Security engineer!;please make a complete roadmap on how to become a Cyber Security engineer!;1;1
UgxsDOFWh06nca7h8vR4AaABAg;None;YRJbhFLLPyE;@Cutecatencat;UC7a-ZPaa1sv0_yhRLsAkLXA;http://www.youtube.com/@Cutecatencat;Thanks boss sharing your knowledge ❤;Thanks boss sharing your knowledge ❤;0;0
Ugz9xRhKSQ5dpVh-5VB4AaABAg;None;YRJbhFLLPyE;@Hindu-bhaijan;UC2YhWUK9_ttHEGsz2t6vi9w;http://www.youtube.com/@Hindu-bhaijan;"Data Engineer is very Great job compare than other data Jobs. Very high demand &amp; high salary.❤❤❤";Data Engineer is very Great job compare than other data Jobs. Very high demand & high salary.❤❤❤;1;0
Ugx91fY5GTwBXuuEwCZ4AaABAg;None;YRJbhFLLPyE;@A-alam;UCHeDl0KPUpbyqrLZBo6McnA;http://www.youtube.com/@A-alam;"&quot;I don&#39;t have a computer science degree. I did a Bachelor&#39;s in Commerce. I learned about finance, such as income tax and GST.&quot;";"""I don't have a computer science degree. I did a Bachelor's in Commerce. I learned about finance, such as income tax and GST.""";0;0
Ugzm4h33LoR2ZrVWzkl4AaABAg;None;YRJbhFLLPyE;@AsimAzhar-y2r;UCv-pcP-Bb1ogXw5aTtqJx1Q;http://www.youtube.com/@AsimAzhar-y2r;Hey Mosh! kindly do make a Cybersecurity  Roadmap as well.;Hey Mosh! kindly do make a Cybersecurity  Roadmap as well.;0;0
Ugzw7ERDgkvwpa9MHAZ4AaABAg;None;pEbIhUySqbk;@uksteves;UCz-EoHd0CfHFj8ndzE3np2A;http://www.youtube.com/@uksteves;"I&#39;ve been learning React using your course over the past few weeks, and it&#39;s already given me enough of a grounding to write my first React based page (in production).  Thanks!";I've been learning React using your course over the past few weeks, and it's already given me enough of a grounding to write my first React based page (in production).  Thanks!;13;0
UgykCkfXvUyeaqH5Knx4AaABAg;None;pEbIhUySqbk;@nuketoto3868;UCYIl7eHQK4mnJvhLdXXOUEg;http://www.youtube.com/@nuketoto3868;my favorite is Angular, all in one and now the dist is really light;my favorite is Angular, all in one and now the dist is really light;6;0
UgzhY50ds1gvfoSptXJ4AaABAg;None;pEbIhUySqbk;@HSTechExp;UCY1iMcxrygIKkqiPMVis8Eg;http://www.youtube.com/@HSTechExp;Thanks Mosh for guiding on courses. Now I am on the right track.;Thanks Mosh for guiding on courses. Now I am on the right track.;10;0
UgweHo2sYgLG6uDcLY54AaABAg;None;pEbIhUySqbk;@DrivenByWordsOfficial;UCU7Xc5z6aK65dcE3pDeBZnA;http://www.youtube.com/@DrivenByWordsOfficial;"Mosh, we&#39;re curiously waiting for your Django tutorial 🔥 .. I hope your next update is Django ..";Mosh, we're curiously waiting for your Django tutorial 🔥 .. I hope your next update is Django ..;18;0
UgyBV4BDCrJ3hSEw0r54AaABAg;None;pEbIhUySqbk;@victorminero;UC9R9fQFAVe6HhSYCDeZBLig;http://www.youtube.com/@victorminero;"This video and the replies you&#39;re giving here in the comments are gold.<br><br>I&#39;m from Mexico and I&#39;m taking the JS fullstack road in your platform. You&#39;re a great teacher and an inspiration to become a really great developer. Thanks for everything Mosh.";"This video and the replies you're giving here in the comments are gold.

I'm from Mexico and I'm taking the JS fullstack road in your platform. You're a great teacher and an inspiration to become a really great developer. Thanks for everything Mosh.";5;1
UgzqwAgORgwks5ZTIBB4AaABAg;None;pEbIhUySqbk;@shawkisukkar7922;UC4nhGdTO9lF4mtq34vtLiyw;http://www.youtube.com/@shawkisukkar7922;"Can you do screencasts on TDD or a simple project following by the best practices (testing,architecture,simple design....) ?<br>It&#39;s will be awesome from you";"Can you do screencasts on TDD or a simple project following by the best practices (testing,architecture,simple design....) ?
It's will be awesome from you";24;1
UgxAB6KBW3IF8l3AEKB4AaABAg;None;pEbIhUySqbk;@anonyme4778;UCITPFGSvi4Vk8mz2X9A_6wg;http://www.youtube.com/@anonyme4778;"Thank u mosh u the best I&#39;ave learned js with your course now looking to start learn a framework";Thank u mosh u the best I'ave learned js with your course now looking to start learn a framework;4;0
UgwVQOG0PI59N08AV7B4AaABAg;None;pEbIhUySqbk;@jephthahefereyan7431;UCNo1AjG0bCHmbr8h04PnIWg;http://www.youtube.com/@jephthahefereyan7431;Excellent, clear, concise insight into the JS library/framework world you provided in this video. Great job. I am enjoying taking your courses Mosh. Thank you for all the hard work.;Excellent, clear, concise insight into the JS library/framework world you provided in this video. Great job. I am enjoying taking your courses Mosh. Thank you for all the hard work.;3;0
UgyKP3QJ9RywA8_BTJ54AaABAg;None;pEbIhUySqbk;@radiantWarriors-d4x;UCZ2ULOPW5fBc_LVTG_qS2TA;http://www.youtube.com/@radiantWarriors-d4x;Your videos are consistently exceptional, but as someone who sometimes struggles with longer content, I would greatly appreciate it if you could consider dividing your videos into bite-sized, iterative segments. This would bring me even more joy and engagement.;Your videos are consistently exceptional, but as someone who sometimes struggles with longer content, I would greatly appreciate it if you could consider dividing your videos into bite-sized, iterative segments. This would bring me even more joy and engagement.;2;0
UgzGBqcOTwrNc0XBoG94AaABAg;None;pEbIhUySqbk;@mustlearnmore4884;UCNw1RQXObamf0XbSRCoeh-g;http://www.youtube.com/@mustlearnmore4884;Finally a video on the best framework/library that actually gives a straight answer! Thank you, sir.;Finally a video on the best framework/library that actually gives a straight answer! Thank you, sir.;1;0
UgxYI87ZAeefqvL5sE54AaABAg;None;pEbIhUySqbk;@makkianjum1199;UCTXrHNI7cf0q0V69GLvwTKw;http://www.youtube.com/@makkianjum1199;"My Favourite is the &quot;Reactjs&quot;. Now Hooks made it more interesting. &lt;3";"My Favourite is the ""Reactjs"". Now Hooks made it more interesting. <3";12;0
UgwwXTuj2fqzAQEmShN4AaABAg;None;pEbIhUySqbk;@raahi8581;UCaXAvI16_enXfN7nXLq64hw;http://www.youtube.com/@raahi8581;After watching few of your videos I decided to tell you that I am truly impressed by your knowledge and the ability to impart that knowledge. You are an excellent communicator despite English being your second language (I am assuming). Thank you for sharing your invaluable knowledge so diligently.;After watching few of your videos I decided to tell you that I am truly impressed by your knowledge and the ability to impart that knowledge. You are an excellent communicator despite English being your second language (I am assuming). Thank you for sharing your invaluable knowledge so diligently.;2;0
UgxfEYMX_SEUsBRSvjN4AaABAg;None;pEbIhUySqbk;@agustinbs;UCq07w1G7yb89QeW1g4OcXGA;http://www.youtube.com/@agustinbs;After using react and vue, i end up with vue. Never looking back;After using react and vue, i end up with vue. Never looking back;6;0
UgxuHajmqwhZL9Xr5FR4AaABAg;None;pEbIhUySqbk;@nlkhoshiro;UCF6SBHB0RwmeVafrW5Mx1kg;http://www.youtube.com/@nlkhoshiro;"I work as a developer and currently i do web development, I agree that react is simple but I can say it&#39;s prone to many problems (specially if you didn&#39;t wrote the code from the begining) vs angular<br>imagine your entire project needs to have a facelift. it&#39;s look is old and amaturish(not to mention bad user experience in functional matters) - since react gives you the freedom. a person can avoid mvc, your logic and view will be mixed up to a degree that in order to do a style change in react you&#39;ll need to work way harder than if for eg. you want to do it in angular - things are highly seperated because the framework seperate each component to css,html,ts   angular have concepts like two way binding. @outputs which makes your life way easier instead of relying on writing callbacks<br>and ofc bind your function - a constructor with tons of this.f1=this.f1.bind(this); just to achieve @output behaviour. doing something reasonably useful in react requires you to install libraries such as axios for http requests, react-route for routing(seriously is there something more stupid than that...) and you get everything with angular, if you&#39;re a developer and know oop , learning ts and angular would be fast. react isn&#39;t bad but it&#39;s enough that the project wasn&#39;t designed right and  it&#39;s shitty experience.<br>react is faster i&#39;ll give it that. it&#39;s enough to know js and you&#39;re pretty much good to go.<br>angular takes time to learn but overall i think it&#39;s worth it.";"I work as a developer and currently i do web development, I agree that react is simple but I can say it's prone to many problems (specially if you didn't wrote the code from the begining) vs angular
imagine your entire project needs to have a facelift. it's look is old and amaturish(not to mention bad user experience in functional matters) - since react gives you the freedom. a person can avoid mvc, your logic and view will be mixed up to a degree that in order to do a style change in react you'll need to work way harder than if for eg. you want to do it in angular - things are highly seperated because the framework seperate each component to css,html,ts   angular have concepts like two way binding. @outputs which makes your life way easier instead of relying on writing callbacks
and ofc bind your function - a constructor with tons of this.f1=this.f1.bind(this); just to achieve @output behaviour. doing something reasonably useful in react requires you to install libraries such as axios for http requests, react-route for routing(seriously is there something more stupid than that...) and you get everything with angular, if you're a developer and know oop , learning ts and angular would be fast. react isn't bad but it's enough that the project wasn't designed right and  it's shitty experience.
react is faster i'll give it that. it's enough to know js and you're pretty much good to go.
angular takes time to learn but overall i think it's worth it.";2;0
UgwvAWIvArLVReFUJQh4AaABAg;None;pEbIhUySqbk;@guillermoprados7631;UCc5aQ8YJ_LnY8uHxgkr3y8g;http://www.youtube.com/@guillermoprados7631;Ok, I´m trying to finish the node.js course now, and I think I´m going to jump to the react tutorial next.. althought some backend fellows told me to use vue because it really rocks.. but I think I can learn react and then jump to vue :). Thanks for your tutos, they are really great.;Ok, I´m trying to finish the node.js course now, and I think I´m going to jump to the react tutorial next.. althought some backend fellows told me to use vue because it really rocks.. but I think I can learn react and then jump to vue :). Thanks for your tutos, they are really great.;2;0
UgwkRJ4aJro_Or8HRcZ4AaABAg;None;pEbIhUySqbk;@pavelisel4127;UCvXRtFDwR2xk2fpCbwanM7A;http://www.youtube.com/@pavelisel4127;"Are you working in a React Native Tutorial, if you&#39;re not you should. I took your mastering react course and it was live changing for me. I think next step should be React Native, pls";Are you working in a React Native Tutorial, if you're not you should. I took your mastering react course and it was live changing for me. I think next step should be React Native, pls;8;1
UgwBF8IcQwrXFOvP8bt4AaABAg;None;pEbIhUySqbk;@boris.stanojevic;UCkTtfNRfISlqXeMSdne-gsQ;http://www.youtube.com/@boris.stanojevic;For those of you asking for Angular, Vue... Mosh already made a course on React, and instead of creating a course on every other technology/language/framework, I think it would be more useful if he created a course on, say, algorithms and data structures or design patterns.;For those of you asking for Angular, Vue... Mosh already made a course on React, and instead of creating a course on every other technology/language/framework, I think it would be more useful if he created a course on, say, algorithms and data structures or design patterns.;31;6
Ugz2QY1ChpPJHqnp3Sx4AaABAg;None;pEbIhUySqbk;@ammarhassan_;UC6iL5RjId7fi81ALhPMh-ww;http://www.youtube.com/@ammarhassan_;Great video mosh! I was working in vue for the last 8 months but now cannot find any new contract for vue as market is full of React so learning now is a bad idea. I would say that Vue and React are so similar it shld be learned parallel. The only difference is React is OOPJS.;Great video mosh! I was working in vue for the last 8 months but now cannot find any new contract for vue as market is full of React so learning now is a bad idea. I would say that Vue and React are so similar it shld be learned parallel. The only difference is React is OOPJS.;1;0
Ugw8i-lrKpwGTvo3Hx14AaABAg;None;pEbIhUySqbk;@Christian-hu8jn;UC-EVHpQBi43MxVg3deuoXrQ;http://www.youtube.com/@Christian-hu8jn;Started learning React and Vue at the same time. After a while I found Vue easier and funnier, so I dropped React at the end.;Started learning React and Vue at the same time. After a while I found Vue easier and funnier, so I dropped React at the end.;88;12
UgwrTi10UbjjUBejHiB4AaABAg;None;pEbIhUySqbk;@ugur.nurcan;UCLoaPJ4j7PjmcnljVmd6PRg;http://www.youtube.com/@ugur.nurcan;Last time I checked the course, React Hooks, Context etc were not included in the course also in one of the videos, you had promised to cover advanced topics in your React Advanced course which seems even is not in your agenda for 2019. At least, when are you going to update the course with new features. Thanks. Keep up the good work.;Last time I checked the course, React Hooks, Context etc were not included in the course also in one of the videos, you had promised to cover advanced topics in your React Advanced course which seems even is not in your agenda for 2019. At least, when are you going to update the course with new features. Thanks. Keep up the good work.;2;0
UgyJaeWIV0Suvm7FCkd4AaABAg;None;pEbIhUySqbk;@chriscodes2085;UCMWAPrl4Jif3aGmgrzHtulg;http://www.youtube.com/@chriscodes2085;Hard to choose when picking what to learn. Will always say React over Angular but obviously a lot of people will go against that. React seemed to be the easiest and fastest to pick up for me. <br><br>Keep making great content Mosh you inspire me;"Hard to choose when picking what to learn. Will always say React over Angular but obviously a lot of people will go against that. React seemed to be the easiest and fastest to pick up for me. 

Keep making great content Mosh you inspire me";8;2
UgywBk4LiF9EynqwgHR4AaABAg;None;pEbIhUySqbk;@awaisraza2285;UCMVFO5dj0E5Tf17K_kG2_Lg;http://www.youtube.com/@awaisraza2285;"Really sad to see Angular is losing its spot :(  Love Angular, It was the first Framework that i learned from your Angular course and Build an eommerce Application.  Gained a lot of Knowledge from you. Then also learn Node and React too from you and when will you upload the vue js tutorials i will definitely enroll too because here in pakistan the job opportunities of vue dominating with laravel as a backend. Eagerly waiting for your vue course &lt;3";Really sad to see Angular is losing its spot :(  Love Angular, It was the first Framework that i learned from your Angular course and Build an eommerce Application.  Gained a lot of Knowledge from you. Then also learn Node and React too from you and when will you upload the vue js tutorials i will definitely enroll too because here in pakistan the job opportunities of vue dominating with laravel as a backend. Eagerly waiting for your vue course <3;4;3
UgwLMxmswUDoD3kIBa54AaABAg;None;pEbIhUySqbk;@DGRAID;UC7pX1jAQXpPLaK3JWECMLuw;http://www.youtube.com/@DGRAID;You are soooooo coooool!!! Thank you!! Your courses are the Best of the Best!!;You are soooooo coooool!!! Thank you!! Your courses are the Best of the Best!!;1;0
UgwWDzZ2n64oRBH8Zmx4AaABAg;None;pEbIhUySqbk;@wilsonsfiso3310;UCt_G3zNDZ_M05hhHVy-QfVw;http://www.youtube.com/@wilsonsfiso3310;all the way from South Africa.... Mosh you are the best!!;all the way from South Africa.... Mosh you are the best!!;0;0
Ugw4OvqWDivkq5E0W3l4AaABAg;None;pEbIhUySqbk;@ylvict;UCDWSxdubmB-4R-ssL-YVvLQ;http://www.youtube.com/@ylvict;"In China here, vue.js is the most popular framework. it&#39;s probably because initial author (Evan You) of vue.js is a Chinese.";In China here, vue.js is the most popular framework. it's probably because initial author (Evan You) of vue.js is a Chinese.;1;1
Ugw7ghB6VkM86Z9wWgh4AaABAg;None;pEbIhUySqbk;@umarsiddique511;UC84eewfinOyVoTBi-KsarDw;http://www.youtube.com/@umarsiddique511;"thank u mosh I relly appreciated your hardworking.  I&#39;m learn a lot from you tutorials";thank u mosh I relly appreciated your hardworking.  I'm learn a lot from you tutorials;0;0
UgwgW_FHCq8Bm-02lFJ4AaABAg;None;pEbIhUySqbk;@hkdelhivlogs;UCcWUbaeyoW4zijMj6OGCfkQ;http://www.youtube.com/@hkdelhivlogs;Microservices and cluster ,elastic search using node js,load balancer in node js and so on.;Microservices and cluster ,elastic search using node js,load balancer in node js and so on.;0;0
Ugwgvas7Jczur860XD54AaABAg;None;pEbIhUySqbk;@rajatmehra2186;UCPS1bUBApJq45ulNTkEGbkQ;http://www.youtube.com/@rajatmehra2186;"Hi Sir Can u plz make a course of HTML &amp; CSS with Projects.....thank you";Hi Sir Can u plz make a course of HTML & CSS with Projects.....thank you;4;0
UgzrA_FD1YDovdHEKMt4AaABAg;None;pEbIhUySqbk;@GfoxSim;UCrmepHwMwDcMvfD6h_mxllg;http://www.youtube.com/@GfoxSim;Great advice! I needed this, thank you!;Great advice! I needed this, thank you!;0;0
UgyUWaCWylYxIABLeXh4AaABAg;None;pEbIhUySqbk;@tajpouria;UCn5lek5mhqE2IrQnyu-Wm4w;http://www.youtube.com/@tajpouria;Awesome like always😍;Awesome like always😍;1;0
UgyZrAwd9LrVFP_TfBl4AaABAg;None;pEbIhUySqbk;@sohrabgharavi8862;UCAFyfxqaSuAoave4_CrmVdg;http://www.youtube.com/@sohrabgharavi8862;مرسی مشفق جان ، مثل همه آموزش هات، عالی بود;مرسی مشفق جان ، مثل همه آموزش هات، عالی بود;0;1
Ugx-HTlqGuegV2SLq254AaABAg;None;pEbIhUySqbk;@olabodebowoto1442;UCO2koXWXSEkcYldF9bHO-XA;http://www.youtube.com/@olabodebowoto1442;Thanks mosh for providing more clarity on these subjects. on the way forward.Thanks a bunch!.;Thanks mosh for providing more clarity on these subjects. on the way forward.Thanks a bunch!.;0;1
UgzNG3XOg_of3yCg0Kt4AaABAg;None;pEbIhUySqbk;@ZA-we6ii;UCFCSJase_P3KjHUmyGdl3AQ;http://www.youtube.com/@ZA-we6ii;"FOR PEOPLE WHO SAY MASTER JAVASCRIPT FIRST !!!<br><br><br>1- In the title of this video, he said &quot;to get a front-end job&quot;, not &quot;to be a better programmer&quot; or  &quot;to solve javascript problems&quot;.<br><br><br>2- If you dedicate lot of time learning and mastering javascript, instead of starting to build stuff with react and master it, you will likely not find any job, because only big companies cares about your javascript code, and they will hire a middle/senior not a junior. <br><br><br>3-  If you watch this video, you are probably a beginner so just learn the fundamentals of javascript, build some small projects with it and start with React as quick as possible so you can get hired.<br><br><br>4- When you find a job and start being comfortable with react, then you can start going deeper into javascript, or learn other frameworks.";"FOR PEOPLE WHO SAY MASTER JAVASCRIPT FIRST !!!


1- In the title of this video, he said ""to get a front-end job"", not ""to be a better programmer"" or  ""to solve javascript problems"".


2- If you dedicate lot of time learning and mastering javascript, instead of starting to build stuff with react and master it, you will likely not find any job, because only big companies cares about your javascript code, and they will hire a middle/senior not a junior. 


3-  If you watch this video, you are probably a beginner so just learn the fundamentals of javascript, build some small projects with it and start with React as quick as possible so you can get hired.


4- When you find a job and start being comfortable with react, then you can start going deeper into javascript, or learn other frameworks.";0;1
UgwCg4-PgPUTCKDyV9B4AaABAg;None;pEbIhUySqbk;@networks_guy;UCNi2OE84pFih_YMN14-0BEQ;http://www.youtube.com/@networks_guy;"You say a library and a framework are different things. You call React a library, but also name it as one of the three main frameworks. What&#39;s the catch?";You say a library and a framework are different things. You call React a library, but also name it as one of the three main frameworks. What's the catch?;46;3
Ugx3QBlUdk2C0izJ-7B4AaABAg;None;pEbIhUySqbk;@dogoku;UCoxD551FmmXDM7wwbXcXJJg;http://www.youtube.com/@dogoku;"I respectfully disagree with this video. If you want to be a front end developer, you have to know the fundamentals. Knowing a framework, will not get you far... <br><br>I&#39;m a FE team lead and I have interviewed dozens of React or Angular &quot;experts&quot; and the vast majority of them fail my interview because they don&#39;t know how the language (JavaScript) or the browser actually works. You might get away with it as a junior, but any mid-senior role I hire for, I expect candidates to know HTML, CSS and JS to a very good degree, without the need of a framework. <br><br>For seniors, they need to be able to reason about what framework, libraries or design principle to use (and not just go with the most popular, but actually understand the pros and cons of each).<br><br>Just throwing a blanket statement like &quot;Just learn React&quot; is the worst advise you can give to someone who is serious about becoming a FE developer";"I respectfully disagree with this video. If you want to be a front end developer, you have to know the fundamentals. Knowing a framework, will not get you far... 

I'm a FE team lead and I have interviewed dozens of React or Angular ""experts"" and the vast majority of them fail my interview because they don't know how the language (JavaScript) or the browser actually works. You might get away with it as a junior, but any mid-senior role I hire for, I expect candidates to know HTML, CSS and JS to a very good degree, without the need of a framework. 

For seniors, they need to be able to reason about what framework, libraries or design principle to use (and not just go with the most popular, but actually understand the pros and cons of each).

Just throwing a blanket statement like ""Just learn React"" is the worst advise you can give to someone who is serious about becoming a FE developer";133;15
UgyEIKv0jq3K7RGQmHt4AaABAg;None;pEbIhUySqbk;@codelucky;UCBhbFhO6UXsvQTQhZzrgjNQ;http://www.youtube.com/@codelucky;Kindly make a course on Vue.js from scratch.;Kindly make a course on Vue.js from scratch.;8;10
UgzyAD4_MGSei3jspat4AaABAg;None;pEbIhUySqbk;@johnconnor9787;UCcZM-aZPx_4b1W7YvBOGnhg;http://www.youtube.com/@johnconnor9787;Awesome! This video clarified a lot of confusion. Thank you very much, Mosh!;Awesome! This video clarified a lot of confusion. Thank you very much, Mosh!;0;1
UgwFUkZJVI5kFGns4NB4AaABAg;None;pEbIhUySqbk;@pilotandy_com;UCcU9gxbUyqeP-T4CxYLVDhA;http://www.youtube.com/@pilotandy_com;Angular was a lot easier for me to learn over React. I dropped React like a bad habit. But to each their own.;Angular was a lot easier for me to learn over React. I dropped React like a bad habit. But to each their own.;14;4
UgxnmURCUeP0To_7G_94AaABAg;None;pEbIhUySqbk;@bulp9893;UCE8c4V0PtUbuuJhXgSlE3RA;http://www.youtube.com/@bulp9893;I am waiting for vue mosh course.<br><br>I worked in these three frameworks <br><br>1.I love vue than react (i miss cross platform)<br>I believe  vue beat react<br>2.React cross  platform is very good to develop in native  devices<br><br>3.angular little  bit complex  than above two frameworks;"I am waiting for vue mosh course.

I worked in these three frameworks 

1.I love vue than react (i miss cross platform)
I believe  vue beat react
2.React cross  platform is very good to develop in native  devices

3.angular little  bit complex  than above two frameworks";5;0
UgzFYalKqfhh3aokLNV4AaABAg;None;pEbIhUySqbk;@anuraganand2736;UCpPOSiqKw-YaONXB4eBwzQA;http://www.youtube.com/@anuraganand2736;please make a video on hooks in stateless functional components which were rolled out recently;please make a video on hooks in stateless functional components which were rolled out recently;0;0
UgxFeco6LYfHTwMZIHd4AaABAg;None;pEbIhUySqbk;@jaygis5831;UCIHGennUfhpwFgqstgVijew;http://www.youtube.com/@jaygis5831;Hello Mosh, always happy with your contents. I have a quite technical question about IP (intellectual property) and code obfuscation regarding using angular, react and all those new libraries and frameworks. How can one protect the code written when all of it is exposed through the navigator? Of course, first and critical layers is server side yet an extensive javascript or angular application can still contain a lot of critical codes. thank for your feedback.;Hello Mosh, always happy with your contents. I have a quite technical question about IP (intellectual property) and code obfuscation regarding using angular, react and all those new libraries and frameworks. How can one protect the code written when all of it is exposed through the navigator? Of course, first and critical layers is server side yet an extensive javascript or angular application can still contain a lot of critical codes. thank for your feedback.;4;0
UgznbNHPtRJTwt2UmNl4AaABAg;None;pEbIhUySqbk;@alansmith4655;UC81SGauRUj3I4_3QjzcRdzA;http://www.youtube.com/@alansmith4655;"Angular.  That is all.  And to people who complain about large bundle sizes in Angular, (a they&#39;re really not and (b the Ivy renderer which uses incremental DOM instead of virtual DOM is due to be released by summer this year.  Enjoy.";Angular.  That is all.  And to people who complain about large bundle sizes in Angular, (a they're really not and (b the Ivy renderer which uses incremental DOM instead of virtual DOM is due to be released by summer this year.  Enjoy.;0;0
Ugx__sBy1CCcIo6QD8h4AaABAg;None;pEbIhUySqbk;@sandiptamang2713;UCa-eAXq8Ny1Dd5P0fo85hFg;http://www.youtube.com/@sandiptamang2713;Thanks Mosh your videos are so helpful.;Thanks Mosh your videos are so helpful.;0;0
Ugwcct0gLZZC-RrpcA14AaABAg;None;pEbIhUySqbk;@abdulrahimbangura448;UC-8NN3eD76FpmX8l89MNo5w;http://www.youtube.com/@abdulrahimbangura448;This Video is a sign that we are expecting React Native Course from Mosh. Anyways React is awesome pretty much when the course is created by you.;This Video is a sign that we are expecting React Native Course from Mosh. Anyways React is awesome pretty much when the course is created by you.;1;1
UgxsNUV68FuFsXN8tbx4AaABAg;None;pEbIhUySqbk;@Taj_ElWikar;UCWvgEkYSxsreed5V2QrQdYw;http://www.youtube.com/@Taj_ElWikar;Thanks you my teacher! I am very happy to you!;Thanks you my teacher! I am very happy to you!;0;0
Ugx74BmMNNnDsrE8fMx4AaABAg;None;pEbIhUySqbk;@skrezwan12;UCWaBPN5pfmsu7NfZqsmIQXg;http://www.youtube.com/@skrezwan12;Learning Vue as a Laravel Developer;Learning Vue as a Laravel Developer;1;0
UgxLNzcxiOUTYAHJ4EN4AaABAg;None;pEbIhUySqbk;@prashanttiwari120;UCaG2ZbD2TXnc-D3YRggpo1w;http://www.youtube.com/@prashanttiwari120;Hi Mosh please make tutorial on spring boot and especially spring security .It will be very useful for lots of people , especially of you are doing :);Hi Mosh please make tutorial on spring boot and especially spring security .It will be very useful for lots of people , especially of you are doing :);1;0
UgyThRMaERXYf3tzQnF4AaABAg;None;pEbIhUySqbk;@abdelhameedkhaled3403;UC2wrOBB5olWmVt-yGsVUTxw;http://www.youtube.com/@abdelhameedkhaled3403;Mosh could you consider making a tutorial for ionic framework for beginners and does it worth learning? please answer my questions and thanks in advance.;Mosh could you consider making a tutorial for ionic framework for beginners and does it worth learning? please answer my questions and thanks in advance.;1;0
UgzvhrC1_f3k4UE90Sp4AaABAg;None;pEbIhUySqbk;@ehabobaid;UCOzSMdLoSnON-_4iISFAa8Q;http://www.youtube.com/@ehabobaid;"I&#39;m so grateful to you, the best courses from the best trainer";I'm so grateful to you, the best courses from the best trainer;0;0
Ugw9pqDOCQVDZuQ2AOB4AaABAg;None;Y8Tko2YC5hA;@capyargentino;UC0cuT5HBoEBopDwPEMFDyIg;http://www.youtube.com/@capyargentino;"I really recommend you the book &quot;Automate the boring stuff with Python&quot; if you&#39;re starting learning Python. It&#39;s a great book for beginners!";"I really recommend you the book ""Automate the boring stuff with Python"" if you're starting learning Python. It's a great book for beginners!";843;24
UgwcyyzSQ-5NJiEnXCB4AaABAg;None;Y8Tko2YC5hA;@EEDVANCEMENT;UCVGfnEYLzq0zfi21duCIKyQ;http://www.youtube.com/@EEDVANCEMENT;"Teacher: Write sorry 100 times.<br>Student: for x in range(100):<br>                               print(&quot;sorry&quot;)";"Teacher: Write sorry 100 times.
Student: for x in range(100):
                               print(""sorry"")";1639;56
UgyxnagHIy7fiETl9Nl4AaABAg;None;Y8Tko2YC5hA;@rhondascraftobsessions5817;UCLYdEXewG4DK7UHY9-R2eSQ;http://www.youtube.com/@rhondascraftobsessions5817;In college, I worked with C++ and a bit of SQL. I learned about Python from a story I was reading and had to look this program up.  When you said that this was an easy program to learn, you had me at EASY!;In college, I worked with C++ and a bit of SQL. I learned about Python from a story I was reading and had to look this program up.  When you said that this was an easy program to learn, you had me at EASY!;23;0
UgyDeTsEdETxCJh3hIV4AaABAg;None;Y8Tko2YC5hA;@younglee6718;UCBHA4O12hjDhRVFe3CWDO_g;http://www.youtube.com/@younglee6718;I just started to learn Python in my university this year and I had a hard time understanding the basic existence of it since I’m not familiar with programming whatsoever. Your video explanation made it a lot easier! Thank you for the information!;I just started to learn Python in my university this year and I had a hard time understanding the basic existence of it since I’m not familiar with programming whatsoever. Your video explanation made it a lot easier! Thank you for the information!;61;2
UgyxPW8PqNrXqbPgKLl4AaABAg;None;Y8Tko2YC5hA;@SisuYeti;UCsCLuR37E7mGgB_KQLUjFJw;http://www.youtube.com/@SisuYeti;wanted to check, what is python after coding it for 6 long years :D;wanted to check, what is python after coding it for 6 long years :D;908;31
Ugz8lEyzeNYAZ2dlz5V4AaABAg;None;Y8Tko2YC5hA;@veronicajoerg4364;UCXwLFIqds6mhe3uZZkv5r0Q;http://www.youtube.com/@veronicajoerg4364;I am brand new at this. I know absolutely zero about Python and coding, but I am so excited about learning. Thank you for sharing your knowledge with everyone. I’ve subscribed to your channel just because the comments are so impressive.;I am brand new at this. I know absolutely zero about Python and coding, but I am so excited about learning. Thank you for sharing your knowledge with everyone. I’ve subscribed to your channel just because the comments are so impressive.;3;0
UgwyPDgq1V74d-aI6PB4AaABAg;None;Y8Tko2YC5hA;@johnpekkala6941;UCDZoR1LI2E5itpDX6b21raA;http://www.youtube.com/@johnpekkala6941;Python is a great language because It is both a good beginner language, easy to read and debug in general and also very powerful having many great high potential uses. Python is used in all sorts of things things like teaching programming, web development, game development(PyGame and Godot Engine are 2 great examples), AI (Tensorflow is the biggest AI framework and it is a Python library. Tensorflow is used to program self driving cars and other AI based machines and devices), general machine control and science applications (including control scripts for Large Hadron Collider). Python is for sure an easy to learn/use powerful universal language! And its a fav of mine too;Python is a great language because It is both a good beginner language, easy to read and debug in general and also very powerful having many great high potential uses. Python is used in all sorts of things things like teaching programming, web development, game development(PyGame and Godot Engine are 2 great examples), AI (Tensorflow is the biggest AI framework and it is a Python library. Tensorflow is used to program self driving cars and other AI based machines and devices), general machine control and science applications (including control scripts for Large Hadron Collider). Python is for sure an easy to learn/use powerful universal language! And its a fav of mine too;27;1
UgxTiHNBJKmv2EPQd6l4AaABAg;None;Y8Tko2YC5hA;@nickjames2651;UCEGLn-oBhMvuYt4_8FoG4VQ;http://www.youtube.com/@nickjames2651;"I&#39;m an electrical engineer but I had no coding experience whatsoever before freshmen year. They just threw us in the fire with no help and horrible teaching at a fast pace! I struggled so much and never really got the full picture or a high level understanding of anything! This was partly my fault for not taking the initiative but mostly the teacher&#39;s fault for being horrible. After the first week, the professor was shocked by how many kids were coming to him and asking how to even download Python on their computers lol. Finally in the beginning of one of our classes he was like &quot;Okay it seems like most of you have never coded before? I thought you would all be experts at this point... This might be a rough semester for some of you.&quot; For an intro class????? Well long story short the majority of kids did horrible (myself included) and the course was curved soo much that I got a B by getting 40&#39;s and 60&#39;s on my exam. I passed but probably shouldn&#39;t have. I was traumatized that I never wanted to touch it again!!! A few years later now and I am trying to go back and learn it for work and I&#39;m enjoying it so much! Learning at a reasonable pace with teachers that aren&#39;t horrible is a game changer...Plus it&#39;s free/cheap! Thank goodness I found these videos and other resources! Everything is clicking now, I just wish I found this sooner SMH";"I'm an electrical engineer but I had no coding experience whatsoever before freshmen year. They just threw us in the fire with no help and horrible teaching at a fast pace! I struggled so much and never really got the full picture or a high level understanding of anything! This was partly my fault for not taking the initiative but mostly the teacher's fault for being horrible. After the first week, the professor was shocked by how many kids were coming to him and asking how to even download Python on their computers lol. Finally in the beginning of one of our classes he was like ""Okay it seems like most of you have never coded before? I thought you would all be experts at this point... This might be a rough semester for some of you."" For an intro class????? Well long story short the majority of kids did horrible (myself included) and the course was curved soo much that I got a B by getting 40's and 60's on my exam. I passed but probably shouldn't have. I was traumatized that I never wanted to touch it again!!! A few years later now and I am trying to go back and learn it for work and I'm enjoying it so much! Learning at a reasonable pace with teachers that aren't horrible is a game changer...Plus it's free/cheap! Thank goodness I found these videos and other resources! Everything is clicking now, I just wish I found this sooner SMH";6;0
UgxLpytZ93WdK-7aEEp4AaABAg;None;Y8Tko2YC5hA;@Jessicanimation;UCffD-a_Km7KkTcxwSF2muiw;http://www.youtube.com/@Jessicanimation;"I&#39;m taking my first introduction to python class this summer!";I'm taking my first introduction to python class this summer!;13;0
UgwnsRD2XZqBN66JDG14AaABAg;None;Y8Tko2YC5hA;@RandomShowerThoughts;UC7U2JJU5BFtxljv_WtKcktg;http://www.youtube.com/@RandomShowerThoughts;I personally use python for everything. Deep learning with Keras, parsing data,  working with dataframes, webscraping;I personally use python for everything. Deep learning with Keras, parsing data,  working with dataframes, webscraping;31;2
UgwI0K86l3px3D-n7Yd4AaABAg;None;Y8Tko2YC5hA;@Gernatch;UCmRLg8R43TVYCwb3ns2v0jg;http://www.youtube.com/@Gernatch;No joke. It’s important. I’m using it daily at my job.;No joke. It’s important. I’m using it daily at my job.;14;0
UgzHbPG4oWFmZt8Xowp4AaABAg;None;Y8Tko2YC5hA;@9jul25;UCjdg1AhWHZ3JbqYHFh3uigw;http://www.youtube.com/@9jul25;I love the way you teach. Thank you for all of your efforts.;I love the way you teach. Thank you for all of your efforts.;15;0
UgwoqmYIYvremmZOO1h4AaABAg;None;Y8Tko2YC5hA;@HassanMohd;UCEW8eq9W24tvZvuJNUfOM7g;http://www.youtube.com/@HassanMohd;I actually want to expand my programming skills whenever I watch your videos. Very influential and impressive. Keep up the awesome work.;I actually want to expand my programming skills whenever I watch your videos. Very influential and impressive. Keep up the awesome work.;96;2
Ugx0TZdYPQoHLDu5l6V4AaABAg;None;Y8Tko2YC5hA;@ricardomadleno564;UCFNUyQayiY4uFyXc_uiCrGw;http://www.youtube.com/@ricardomadleno564;Python is a powerful tool that will allow you to do a lot of valuable work and if you master it you’re probably on your way to get a well payed job. It’s also not that hard to learn it. It’s already incredibly rewarding and it will only get more requested in the future.;Python is a powerful tool that will allow you to do a lot of valuable work and if you master it you’re probably on your way to get a well payed job. It’s also not that hard to learn it. It’s already incredibly rewarding and it will only get more requested in the future.;6;0
Ugywt3InaCKSFSTsVV54AaABAg;None;Y8Tko2YC5hA;@kainja5503;UCobiK9FvPzlbzNavPEzJjAA;http://www.youtube.com/@kainja5503;Front pic - What is Python? <br>Me - Python is a Snake.;"Front pic - What is Python? 
Me - Python is a Snake.";220;4
UgxXrUbruPTEMT1NxoZ4AaABAg;None;Y8Tko2YC5hA;@olalekefasanye6048;UCBJd8WacUr1qpvBjSLTuxUQ;http://www.youtube.com/@olalekefasanye6048;Wow! This is really something. I just finished subscribing for a JavaScript course and not too long after I hear this.;Wow! This is really something. I just finished subscribing for a JavaScript course and not too long after I hear this.;13;1
UgwNNa18S051c9iMFIB4AaABAg;None;Y8Tko2YC5hA;@thestovietunion790;UCmh2k178t_yPRB6fVPWrf0w;http://www.youtube.com/@thestovietunion790;"<a href=""https://www.youtube.com/watch?v=Y8Tko2YC5hA&amp;t=159"">2:39</a> My existential crisis is back again, thanks for the motivation.";2:39 My existential crisis is back again, thanks for the motivation.;43;0
UgxXV_2T79qLG84aINN4AaABAg;None;Y8Tko2YC5hA;@mervinmarias9283;UCHltCH0dwrAO2bsGEWOalIg;http://www.youtube.com/@mervinmarias9283;Easier is not always better. That extra description is there for a reason. It is a function name that you call to act on your variable. For example what if you wanted the middle three letters, or the last three letters? Or you wanted to swap the first three letters with the last three? C# and Javascript may not be as succinct as Python, but that extra verbosity sure comes in handy when you want to do power programming.;Easier is not always better. That extra description is there for a reason. It is a function name that you call to act on your variable. For example what if you wanted the middle three letters, or the last three letters? Or you wanted to swap the first three letters with the last three? C# and Javascript may not be as succinct as Python, but that extra verbosity sure comes in handy when you want to do power programming.;67;2
UgybDGzPYdSb0j0SbRN4AaABAg;None;Y8Tko2YC5hA;@christianjamesguevarra6257;UCyXy57WuCwKufNQ96yhA4OA;http://www.youtube.com/@christianjamesguevarra6257;C# - clean and elegant statically typed language<br><br>Python - clean and elegant dynamically typed language<br><br>Cant wait to to use either language in webassembly for truly fullstack development;"C# - clean and elegant statically typed language

Python - clean and elegant dynamically typed language

Cant wait to to use either language in webassembly for truly fullstack development";82;10
Ugzl4Xsobm9CKoJCwpB4AaABAg;None;Y8Tko2YC5hA;@bibekbam3869;UCntNP3JAYQlTQT-dI6SBnJg;http://www.youtube.com/@bibekbam3869;I am about to start the subject of programming in my uni. And, Python is new to me but from the video, I learned that it is simple and has multiple applications in diverse fields. I am excited more about the automation utility of Python.<br>Thankyou for bringing out this brilliantly presented video.;"I am about to start the subject of programming in my uni. And, Python is new to me but from the video, I learned that it is simple and has multiple applications in diverse fields. I am excited more about the automation utility of Python.
Thankyou for bringing out this brilliantly presented video.";1;0
UgxwvszWQIrbIS_yjH54AaABAg;None;Y8Tko2YC5hA;@AJ-et3vf;UCYTb79L_IlA_7Jd_tjlPTIQ;http://www.youtube.com/@AJ-et3vf;"Thank you for making this Python playlist! I&#39;m interested in learning and becoming fluent in Python so I quite appreciate this free online learning resource.";Thank you for making this Python playlist! I'm interested in learning and becoming fluent in Python so I quite appreciate this free online learning resource.;16;2
UgyboZuPM6llRZn9bvV4AaABAg;None;Y8Tko2YC5hA;@kashifriaz5952;UCB6lnG3fRCNIntfTo2KsyRA;http://www.youtube.com/@kashifriaz5952;Today, I made a committment to start learning Python and this is 1st video i saw on youtube. Thanks for introducing me to python.;Today, I made a committment to start learning Python and this is 1st video i saw on youtube. Thanks for introducing me to python.;2;2
UgzfWU3PbYRavALAot54AaABAg;None;Y8Tko2YC5hA;@jaimerojas6578;UCueQk6vNB_53TvGyOSfOCmA;http://www.youtube.com/@jaimerojas6578;Hahaha this was just what I was looking for After the other course xD;Hahaha this was just what I was looking for After the other course xD;24;0
UgwQ_VExTwaVonD6Pad4AaABAg;None;Y8Tko2YC5hA;@arvelyt2188;UC2WMUpfbqfWzScWxfjsaQVg;http://www.youtube.com/@arvelyt2188;I’m learning python right now Senior year on High school and I’m absorbing everything like a sponge!! I’m going to learn it again in College and also learn Java and C++;I’m learning python right now Senior year on High school and I’m absorbing everything like a sponge!! I’m going to learn it again in College and also learn Java and C++;1;0
UgzjV_pgW37XyKzbcux4AaABAg;None;Y8Tko2YC5hA;@demonbazillionz;UC867reyKP2sSQJm0UAr0FZQ;http://www.youtube.com/@demonbazillionz;Im new to programming, started 2025 im going to master the python.;Im new to programming, started 2025 im going to master the python.;43;15
Ugy6-YhrwJgl5T6cvCd4AaABAg;None;Y8Tko2YC5hA;@slackjaw4467;UC11SzB2x9GLDQbej6oDjj-A;http://www.youtube.com/@slackjaw4467;Really enjoyed this. Going to dig deeper into Python and watch your other videos as well. Thanks for sharing;Really enjoyed this. Going to dig deeper into Python and watch your other videos as well. Thanks for sharing;1;0
Ugyka3GQHU3RA0jBbWN4AaABAg;None;Y8Tko2YC5hA;@prashanttiwari120;UCaG2ZbD2TXnc-D3YRggpo1w;http://www.youtube.com/@prashanttiwari120;Hi Mosh please make tutorial on spring boot and especially spring security .It will be very useful for lots of people , especially of you are doing :);Hi Mosh please make tutorial on spring boot and especially spring security .It will be very useful for lots of people , especially of you are doing :);5;0
UgwJ5Ao-6Wu3TGWWse54AaABAg;None;Y8Tko2YC5hA;@mohammedalansi7878;UCnbkC0L6SsLolvK-DNRQkcw;http://www.youtube.com/@mohammedalansi7878;"it&#39;s really new starting for me to be programming and inshallah ill do it because her in my country unfortunately the war decrease the educational process Determination in the programmatic and technological field";it's really new starting for me to be programming and inshallah ill do it because her in my country unfortunately the war decrease the educational process Determination in the programmatic and technological field;2;0
UgxD9NoNKZj0rWiunWd4AaABAg;None;Y8Tko2YC5hA;@coinslotto2683;UCaNzuGhZhPSrzpK8HjX0bXg;http://www.youtube.com/@coinslotto2683;I have absolutely no idea what the people in the comment section are talking about;I have absolutely no idea what the people in the comment section are talking about;158;3
UgwzB9a57W2arg4c4754AaABAg;None;Y8Tko2YC5hA;@coldchorizo9088;UCBUWb_F9WvKJDWfqCW3MmjA;http://www.youtube.com/@coldchorizo9088;"I bought the crash course for python beginners edition 2 today only $30 and I have a feeling it&#39;s gonna change my life I&#39;m going to dedicate myself to putting this book in my brain and I will come back and write some code when I&#39;ve done it 😊";I bought the crash course for python beginners edition 2 today only $30 and I have a feeling it's gonna change my life I'm going to dedicate myself to putting this book in my brain and I will come back and write some code when I've done it 😊;4;1
UgyuIj3YJvxt6yCs6_x4AaABAg;None;Y8Tko2YC5hA;@PaulA-zp7hn;UC5BXW3hXwgpVVjNKLsSMyOg;http://www.youtube.com/@PaulA-zp7hn;"in 2015, python was always sitting at about 4th, 5th or 6th place on &quot;top programming language&quot; lists. <br><br><br>Now I am seeing it at the top of all of them.";"in 2015, python was always sitting at about 4th, 5th or 6th place on ""top programming language"" lists. 


Now I am seeing it at the top of all of them.";5;0
Ugyg38jdrh4kI17tE214AaABAg;None;Y8Tko2YC5hA;@nxk5116;UCStpChAdhdeXvvsdqpiVpVQ;http://www.youtube.com/@nxk5116;"python&#39;s ez <a href=""https://www.youtube.com/watch?v=Y8Tko2YC5hA&amp;t=130"">2:10</a> ...<br><br><br>Python takes every basic knowledge away from you, even tho in C would be more lines, you at least get the basics <br>with python not so much <br><br><br>with python i feel like &quot;U beautiful&quot; <br>instead with C &quot;You&#39;re beautiful&quot;";"python's ez 2:10 ...


Python takes every basic knowledge away from you, even tho in C would be more lines, you at least get the basics 
with python not so much 


with python i feel like ""U beautiful"" 
instead with C ""You're beautiful""";47;2
Ugycd1xxlT9FuKijFjt4AaABAg;None;Y8Tko2YC5hA;@Fasyx;UCCSpwOsERx7ppNO17-4H6tQ;http://www.youtube.com/@Fasyx;Great video, as always. Maybe next time mention the drawbacks of a language like Python, compared to C++ for example? Overall I get the point, as a beginner I would prefer Python all day long, since it is easy to start with.;Great video, as always. Maybe next time mention the drawbacks of a language like Python, compared to C++ for example? Overall I get the point, as a beginner I would prefer Python all day long, since it is easy to start with.;36;4
UgwUv0M0IUnVwF1l3JV4AaABAg;None;Y8Tko2YC5hA;@ayodeleodaro-osayande5336;UCleOiIrlDe6DMJLZtFzSbrw;http://www.youtube.com/@ayodeleodaro-osayande5336;You are a great teacher for Phyton 😊;You are a great teacher for Phyton 😊;2;0
Ugway9Ihv0GFxEAp1bB4AaABAg;None;Y8Tko2YC5hA;@avi933;UCqPIlKBk-Rf0F82iA--hr2A;http://www.youtube.com/@avi933;Great... After watching your javascript tutorials. Now ready to learn new language. Thank you so much 🙏🙏🙏;Great... After watching your javascript tutorials. Now ready to learn new language. Thank you so much 🙏🙏🙏;3;2
UgzgwaaiQQq2SJpXHXl4AaABAg;None;Y8Tko2YC5hA;@bradfitzgerald2856;UC1Cumvka7mqc-tCGCRC5BVw;http://www.youtube.com/@bradfitzgerald2856;The code to get the first three letters would be str[:2], not str[:3]. A string is an iterable object and therefore str[:3] would slice the first 4 letters.;The code to get the first three letters would be str[:2], not str[:3]. A string is an iterable object and therefore str[:3] would slice the first 4 letters.;0;0
UgwesNMFfDPvbLh1lY14AaABAg;None;Y8Tko2YC5hA;@jenniferjeffery1258;UCleJlhj9VinBqQLmfV1Gl5w;http://www.youtube.com/@jenniferjeffery1258;Thanks so much for posting this information. Really helpful!;Thanks so much for posting this information. Really helpful!;3;0
UgzO3at7tz-qphsaCCt4AaABAg;None;Y8Tko2YC5hA;@MrIMacro;UCzkw4T6XSCVjtDOy4riPUWA;http://www.youtube.com/@MrIMacro;One of the biggest problems beginners face is how to convert their code ( or assets ) to a functional app. Youtubers should address this issue more than coding itself.;One of the biggest problems beginners face is how to convert their code ( or assets ) to a functional app. Youtubers should address this issue more than coding itself.;0;0
UgxnyP7LRgACjJFd_rN4AaABAg;None;Y8Tko2YC5hA;@lonwabomgudlwa8243;UC6vc1e6i9uwnGkk9Rmo8ACw;http://www.youtube.com/@lonwabomgudlwa8243;I am starting to learn Python and this seem to be the best I have found;I am starting to learn Python and this seem to be the best I have found;3;2
UgwjewZOjHrq9lym-Bx4AaABAg;None;Y8Tko2YC5hA;@mfaizan24;UCcqmiLFwZujiHKMEqjTj_eA;http://www.youtube.com/@mfaizan24;"python doesn&#39;t show compile time error related to datatypes, whereas c# clearly shows you where the error caught";python doesn't show compile time error related to datatypes, whereas c# clearly shows you where the error caught;0;0
Ugz6_naXWBvd15M4JZB4AaABAg;None;Y8Tko2YC5hA;@sanjanaselvaraj6898;UCWp-q6oLVYNv53L3ukBdfzg;http://www.youtube.com/@sanjanaselvaraj6898;"Really sir... hats off to you. Thank you for your great work. I really like the way you explain every process. Thanks a lottt. Great effort sir. I wish you to upload videos related to &quot;web security&quot;. It will be very useful.";"Really sir... hats off to you. Thank you for your great work. I really like the way you explain every process. Thanks a lottt. Great effort sir. I wish you to upload videos related to ""web security"". It will be very useful.";18;0
UgwDR30vUfo6PdDxUQR4AaABAg;None;Y8Tko2YC5hA;@affiliatejunkie9611;UCP02jXeerDZAXC1wyyxXqOQ;http://www.youtube.com/@affiliatejunkie9611;Just curious which video making tool did you use to create this amazing video ?;Just curious which video making tool did you use to create this amazing video ?;1;0
Ugxu6ZN3uP7yNC64F_Z4AaABAg;None;Y8Tko2YC5hA;@michaldanco2848;UC-4ou0Y6zNfq_gE-Bi0k7uA;http://www.youtube.com/@michaldanco2848;"I really like your design, animations and also your amazing knowledge ;) Thank you for sharing with us ;)";"I really like your design, animations and also your amazing knowledge ;) Thank you for sharing with us ;)";11;0
UgwKpnCNDPlB48OabUR4AaABAg;None;Y8Tko2YC5hA;@BensonWanjala822;UCeZZt8H-usdbmf3f-HU3W6A;http://www.youtube.com/@BensonWanjala822;i am curious of knowing more about codding and want to make it my job;i am curious of knowing more about codding and want to make it my job;1;0
Ugx-AD-k6QPfiqS9rrx4AaABAg;None;Y8Tko2YC5hA;@drumroll7073;UCSmmX0GgG8mRS2qwoNzgcPw;http://www.youtube.com/@drumroll7073;I supply my daily needs with Python.<br>In short I just coded my life;"I supply my daily needs with Python.
In short I just coded my life";7;1
UgzBiXtMmmcEgOGDrU54AaABAg;None;Y8Tko2YC5hA;@PR03;UC_KOru3HMS1oDpEY0eOVqcg;http://www.youtube.com/@PR03;It was a great introduction for Python . Thanks for your awesome work !!;It was a great introduction for Python . Thanks for your awesome work !!;1;0
UgwJzCtdcGae83pIStp4AaABAg;None;Y8Tko2YC5hA;@_miyu;UCqJV6zPkcRTURbqOR9fKLWQ;http://www.youtube.com/@_miyu;Shorter syntax is not always better because it reduces readability. str[0:3] shows no information about what the function will produce. str.Substring(0,3) at least shows that it will manipulate the string and reveals some information about 0 to 3. That helps a lot for reading it back at a later time. In a proper IDE all the script you showed is typed out in just a few keystrokes (autocomplete). So the winning syntax should default to the more readable syntax in my book. No body types out all those characters anymore anyway. But we need seriously the ability to read it back in the future.;Shorter syntax is not always better because it reduces readability. str[0:3] shows no information about what the function will produce. str.Substring(0,3) at least shows that it will manipulate the string and reveals some information about 0 to 3. That helps a lot for reading it back at a later time. In a proper IDE all the script you showed is typed out in just a few keystrokes (autocomplete). So the winning syntax should default to the more readable syntax in my book. No body types out all those characters anymore anyway. But we need seriously the ability to read it back in the future.;71;15
Ugym3tNanGyaX9qqMjp4AaABAg;None;Y8Tko2YC5hA;@nperm9459;UCDkkMeberY5SbiJgrHNUZ_Q;http://www.youtube.com/@nperm9459;"In <a href=""https://www.youtube.com/watch?v=Y8Tko2YC5hA&amp;t=120"">2:00</a> ,  str[0:3]  can be abbreviated to str[:3]";In 2:00 ,  str[0:3]  can be abbreviated to str[:3];1;0
UgxKR0upARGFDpCLKDp4AaABAg;None;Y8Tko2YC5hA;@Hennessy198;UC17OoeJqHVEn2Ae7rsGDsRw;http://www.youtube.com/@Hennessy198;"I find it ironic how I&#39;m a business major and I&#39;ve already taken a few programing courses as part of my graduation requirements. This would have been unheard of just a decade ago. Now I&#39;ve already finished off SQL &amp; R and I&#39;ve only got Python left before I graduate.";I find it ironic how I'm a business major and I've already taken a few programing courses as part of my graduation requirements. This would have been unheard of just a decade ago. Now I've already finished off SQL & R and I've only got Python left before I graduate.;11;1
UgxbvEuCye2KKrQrE4p4AaABAg;None;Y8Tko2YC5hA;@sunpreetsingh5143;UCxqVduMut-QfE737TISfBUw;http://www.youtube.com/@sunpreetsingh5143;i really enjoyed your node js course ...you r one of the best teacher ...;i really enjoyed your node js course ...you r one of the best teacher ...;1;0
UgxWhEjfJHFDqFkUhxh4AaABAg;None;uVwtVBpw7RQ;@erwinmesi;UCd37aLDjCUiscenbTld_fVg;http://www.youtube.com/@erwinmesi;Here in YT, There are so many channels that teaches programming, but among them, Mosh is the only one who gives GREAT value to the quality of his videos. Nice animations. Simple, clean-looking. Interesting. Eye-catchy. Understandable.;Here in YT, There are so many channels that teaches programming, but among them, Mosh is the only one who gives GREAT value to the quality of his videos. Nice animations. Simple, clean-looking. Interesting. Eye-catchy. Understandable.;282;6
UgyT0AxoD4Xi05DQCxJ4AaABAg;None;uVwtVBpw7RQ;@vivekdandare;UCNgdnYQ5nSkHxxrfZ4z5jeQ;http://www.youtube.com/@vivekdandare;I am watching everything you are teaching Mosh. You are the best teacher ever.;I am watching everything you are teaching Mosh. You are the best teacher ever.;10;0
UgxhiHaX5YxXiWtkhmJ4AaABAg;None;uVwtVBpw7RQ;@nicksmith418;UCBenoprqezn7SZRM4VMsa5w;http://www.youtube.com/@nicksmith418;"I&#39;m starting to learn node now and this fired me up.";I'm starting to learn node now and this fired me up.;5;0
Ugw91HWkpp1fgwTRrWl4AaABAg;None;uVwtVBpw7RQ;@bryanwagoki2071;UCOLwHVoRSs8vp6_XipDxyGw;http://www.youtube.com/@bryanwagoki2071;"Here from TOP<a href=""UCkszU2WH9gy1mb0dV-11UJg/KsIfY6LzFoLM6AKanYDQAg""></a>";Here from TOP;138;5
UgyiIbLFCkt2ty3zYLd4AaABAg;None;uVwtVBpw7RQ;@gregcassar2359;UCW4tUZruXXkJZNPEapLF6GA;http://www.youtube.com/@gregcassar2359;Excellent videos.  Mosh you are the best at explaining dev stuff;Excellent videos.  Mosh you are the best at explaining dev stuff;13;0
UgzHBcifz3sXRAcxmVl4AaABAg;None;uVwtVBpw7RQ;@XodiyevAcademy;UCy8e4qCTmvTlsELlLv1hHlw;http://www.youtube.com/@XodiyevAcademy;Mosh respect for you You are great teacher in youtube;Mosh respect for you You are great teacher in youtube;2;0
UgwmITydcjVYhu-eTkd4AaABAg;None;uVwtVBpw7RQ;@hanro50;UCjRAu7m1nJS50GM4l-0U-jg;http://www.youtube.com/@hanro50;As a person currently transitioning a java backend to NodeJS...I can believe that PayPal stuff;As a person currently transitioning a java backend to NodeJS...I can believe that PayPal stuff;28;0
Ugy1Wed9tuq4XGPiXjx4AaABAg;None;uVwtVBpw7RQ;@iqramalik.3604;UCG2aXqnGOqY-7FPm-bHGTHQ;http://www.youtube.com/@iqramalik.3604;You explain  with technical language, while a beginner knows all of this from different articles and is looking for something easy to understand, please try to explain in easy language, Thanks :);You explain  with technical language, while a beginner knows all of this from different articles and is looking for something easy to understand, please try to explain in easy language, Thanks :);6;0
UgzK7HuP-dmINjI0FaR4AaABAg;None;uVwtVBpw7RQ;@chessbrahh2068;UCG8o5LJyANKaK3e-P2vtlYg;http://www.youtube.com/@chessbrahh2068;this helped me prepare for an interview. thank you!;this helped me prepare for an interview. thank you!;2;0
UgyWoqIBxQPx_Z-0tXZ4AaABAg;None;uVwtVBpw7RQ;@Kyou5th;UC8opl7J466mPat1X_gypoXw;http://www.youtube.com/@Kyou5th;came here from the odin project;came here from the odin project;18;3
UgyHcyJyRemTPHt-6Ut4AaABAg;None;uVwtVBpw7RQ;@マジカルクッキー-k9h;UCTlcQAgY5PuHJ2_agQrqRCw;http://www.youtube.com/@%E3%83%9E%E3%82%B8%E3%82%AB%E3%83%AB%E3%82%AF%E3%83%83%E3%82%AD%E3%83%BC-k9h;Thank you for your awesome explanation, Mosh! It’s very helpful XD;Thank you for your awesome explanation, Mosh! It’s very helpful XD;10;0
Ugwz5_yUziGE2eS8OVN4AaABAg;None;uVwtVBpw7RQ;@ganapathipranesh8506;UCfBgzJESD494opqodqGmvfw;http://www.youtube.com/@ganapathipranesh8506;"I&#39;ve already started checking your website daily for this course!";I've already started checking your website daily for this course!;9;1
UgyX6Q1IjqNrnaWJUex4AaABAg;None;uVwtVBpw7RQ;@TruthSeekerClub;UCoY7dB5ALuO3YdbW50l7sDg;http://www.youtube.com/@TruthSeekerClub;"man !<br>i have read many articles, and still can&#39;t imagine how things works behind the scene.<br>am starting to get depression because of this<br>most of blogs and videos repeating the same talk without clear explination.<br>you are the only one to get close with statistical information.<br>can u do a video and show us ho things are working and connected in order ? !<br>can u scratch the part inside my head where i can imagine things ?<br>................<br>i will really be thankful.<br>i digged deeper into what is event loop and asynchronouns, and nonblocking.<br>but reading and researching fom many articles is like +10 chefs cooking the dinner and non of these chefs have any idea what the other chef did to my head !";"man !
i have read many articles, and still can't imagine how things works behind the scene.
am starting to get depression because of this
most of blogs and videos repeating the same talk without clear explination.
you are the only one to get close with statistical information.
can u do a video and show us ho things are working and connected in order ? !
can u scratch the part inside my head where i can imagine things ?
................
i will really be thankful.
i digged deeper into what is event loop and asynchronouns, and nonblocking.
but reading and researching fom many articles is like +10 chefs cooking the dinner and non of these chefs have any idea what the other chef did to my head !";1;1
UgxBfBQuhe6pHEGsul94AaABAg;None;uVwtVBpw7RQ;@clevelandshowfan4209;UC9bRAQQD2GUPozM_J4yBMFQ;http://www.youtube.com/@clevelandshowfan4209;"You&#39;re videos make me feel like I have a good high";You're videos make me feel like I have a good high;7;0
UgwIRgpbNbpJFlW78a94AaABAg;None;uVwtVBpw7RQ;@thatXoBett;UChPQKS-OOdBckqRM0NpYenw;http://www.youtube.com/@thatXoBett;"Love your videos!! Coming proudly from TOP! :D, to anyone who&#39;s also from TOP, let&#39;s keep it up!!";Love your videos!! Coming proudly from TOP! :D, to anyone who's also from TOP, let's keep it up!!;0;0
UgyxlbQKmWUXjmhb_FN4AaABAg;None;uVwtVBpw7RQ;@folarinwilliams7955;UCIp7Lg5Qxg29xNNoY5y7pwA;http://www.youtube.com/@folarinwilliams7955;Very good and interesting musical permutation and combination.<br>Well done Lanre D. <br>Well done Chopins<br>Dr Chf Folarin Williams.<br>Logemo of Egbaland;"Very good and interesting musical permutation and combination.
Well done Lanre D. 
Well done Chopins
Dr Chf Folarin Williams.
Logemo of Egbaland";0;0
UgzyoBgaTNq9HageiZt4AaABAg;None;uVwtVBpw7RQ;@cheopys;UCcR4Klfi70L49yn8X9oooRQ;http://www.youtube.com/@cheopys;"I don&#39;t consider using JavaScript to be an advantage.  I can learn a new language in a few days, but a year with JS and it still makes no sense.  And React makes me want to break things, and I&#39;m not a breaking things kind of guy.";I don't consider using JavaScript to be an advantage.  I can learn a new language in a few days, but a year with JS and it still makes no sense.  And React makes me want to break things, and I'm not a breaking things kind of guy.;30;10
Ugw8BeV9sl_RsbikEgB4AaABAg;None;uVwtVBpw7RQ;@goodnight6202;UCFyTsMsTFKXIak83FNrl5Ag;http://www.youtube.com/@goodnight6202;HERE FROM TOP!;HERE FROM TOP!;7;2
UgxUwsbEEAZEaPGSAJt4AaABAg;None;uVwtVBpw7RQ;@cktorm;UCq7L4Iam21CsGpS5LOhBSCA;http://www.youtube.com/@cktorm;TOP brought me here.;TOP brought me here.;2;0
UgybWHwHWvftxOfKzwd4AaABAg;None;uVwtVBpw7RQ;@markadell;UCFtklQ4h8JxWQFSnFuLlfLw;http://www.youtube.com/@markadell;Excited, what topics are you going to cover?;Excited, what topics are you going to cover?;1;0
Ugx6ze59jXMK4y-Diuh4AaABAg;None;uVwtVBpw7RQ;@mouhamethfadalmarabyaidara4935;UCBwMwxTkeh7OK4I_hd7WMfg;http://www.youtube.com/@mouhamethfadalmarabyaidara4935;Great Explanation Mosh .<br>Thanks a lot .;"Great Explanation Mosh .
Thanks a lot .";7;0
UgyWUDy2cQ363aA8pU14AaABAg;None;uVwtVBpw7RQ;@BhavinWithAtlas;UCKLITJmEvrDxduNe-P7Rs3Q;http://www.youtube.com/@BhavinWithAtlas;Hey Sir I like The way you Teach I have Watched The video for c# please<br>Make videos For C and C++ please<br>Request I am Not That Talented to operate those Programs. Sorry Your Help will Help me alot;"Hey Sir I like The way you Teach I have Watched The video for c# please
Make videos For C and C++ please
Request I am Not That Talented to operate those Programs. Sorry Your Help will Help me alot";3;0
UgwSuwLtHaWo8T6MkGR4AaABAg;None;uVwtVBpw7RQ;@OriginalStraight;UCXBQMseLV4GdXHive7Ej-wA;http://www.youtube.com/@OriginalStraight;great video,  no clue what node is still;great video,  no clue what node is still;1;0
UgzKXikwpPKIo6PnC6F4AaABAg;None;uVwtVBpw7RQ;@michimichikatsu;UCR7GVlAe7N9HmgwbF3Yp8_g;http://www.youtube.com/@michimichikatsu;odin;odin;1;0
Ugyy8iJbZD3fYCV5AFN4AaABAg;None;uVwtVBpw7RQ;@valikonen;UCWH-fN7hZcrQtB3sRsB36Mw;http://www.youtube.com/@valikonen;I hope there will be  big app example, like you did in angular course!;I hope there will be  big app example, like you did in angular course!;0;0
UgwmZAhn-ramvRB6cFl4AaABAg;None;uVwtVBpw7RQ;@ZA-fo2rn;UC2GyTBNANMhECBYExuSexqg;http://www.youtube.com/@ZA-fo2rn;I understood my doubt .I still have to learn a lot but I cleared my doubt .;I understood my doubt .I still have to learn a lot but I cleared my doubt .;0;0
Ugye77GwmQV2pgrMk0h4AaABAg;None;uVwtVBpw7RQ;@leopardblack5022;UC_jKzgUpCqZ9kOaeMLEJMhw;http://www.youtube.com/@leopardblack5022;love you mosh 💜;love you mosh 💜;0;0
UgzLX8_HSgxfcMLy8iB4AaABAg;None;uVwtVBpw7RQ;@MavMoZu;UCA8X2F_FRDJ8d0H3P__Id5A;http://www.youtube.com/@MavMoZu;"TOP is here <a href=""UCkszU2WH9gy1mb0dV-11UJg/HvgfY93GEYmqvwLUuYDwAQ""></a>";TOP is here ;5;0
UgycDDT7lcoakV01YBZ4AaABAg;None;uVwtVBpw7RQ;@machimuse7526;UCHZEEUcoqr0DERWAAIjMKgw;http://www.youtube.com/@machimuse7526;Very well explained for the uninitiated 👍;Very well explained for the uninitiated 👍;0;0
UgxFBIryjPslSgmt-Rp4AaABAg;None;uVwtVBpw7RQ;@wompwomp-g2n;UCP4GuizO7pJrtsk3ZAKK_Og;http://www.youtube.com/@wompwomp-g2n;really helpful thanks a lot man;really helpful thanks a lot man;0;0
UgxlQtV_Vuk6zsZiYvl4AaABAg;None;uVwtVBpw7RQ;@gyros9162;UCntWSCC3e8dAkWTaLOtr69A;http://www.youtube.com/@gyros9162;You are the best!;You are the best!;2;0
Ugwm5zHq4fjOqD03EE94AaABAg;None;uVwtVBpw7RQ;@chandrakantht3738;UCJyEXuYuMIvgsSPzW7l0vtQ;http://www.youtube.com/@chandrakantht3738;Hey mosh, <br><br>Can you please provide architectural patterns for note to manage enterprise applications.<br>That helps a lot for to learn to develop enterprise applications;"Hey mosh, 

Can you please provide architectural patterns for note to manage enterprise applications.
That helps a lot for to learn to develop enterprise applications";1;0
UgwKVksqVZJDJXM6T0t4AaABAg;None;uVwtVBpw7RQ;@jimh472;UCOqV5xUKlMcJB4BdIgcCkFA;http://www.youtube.com/@jimh472;"He says &quot;JavaScript everywhere&quot; like it&#39;s a good thing.";"He says ""JavaScript everywhere"" like it's a good thing.";0;0
Ugxff6mq0e80fSiw9LF4AaABAg;None;uVwtVBpw7RQ;@ubaidfarooqui;UC38pry52infoD-QGbk5dz_w;http://www.youtube.com/@ubaidfarooqui;Hey mosh when this will be published on Udemy, would it be project based like your other courses ? If yes i am on-board! I already have taken 4 courses of yours from Udemy and must say those are absolutely fantastic;Hey mosh when this will be published on Udemy, would it be project based like your other courses ? If yes i am on-board! I already have taken 4 courses of yours from Udemy and must say those are absolutely fantastic;5;0
Ugw6JgudYE9za-2q54x4AaABAg;None;uVwtVBpw7RQ;@thiskode;UCKeI8S2mLG4jeG6LmVRDtLw;http://www.youtube.com/@thiskode;Came from the Odin Project;Came from the Odin Project;6;4
UgwogKYIbMtbqO5mVSd4AaABAg;None;uVwtVBpw7RQ;@DrWho2008t101;UC3UcRjxZb1PqLFTtsMJDvTQ;http://www.youtube.com/@DrWho2008t101;thanks for the video.;thanks for the video.;0;0
UgxXtWlDDTIYr6LYnkR4AaABAg;None;uVwtVBpw7RQ;@MEHDIBOUSSARHANE;UCcsSSGb_HIf2yyNW5lhpQYw;http://www.youtube.com/@MEHDIBOUSSARHANE;Really simple. very good;Really simple. very good;0;0
UgzhdJSRRMOvJlodPux4AaABAg;None;uVwtVBpw7RQ;@developerbhaiya;UCML_Vm-d3EqzTjhdRWttvHg;http://www.youtube.com/@developerbhaiya;Plz make video on promise in nodejs.;Plz make video on promise in nodejs.;0;0
UgxiDO93KWkMPV5pKt94AaABAg;None;uVwtVBpw7RQ;@wardenpataski2882;UCweNO3eMAfirVEFjxAUbXAQ;http://www.youtube.com/@wardenpataski2882;thank you Mosh!;thank you Mosh!;0;0
UgwFIoPJtHisIA5acyZ4AaABAg;None;uVwtVBpw7RQ;@maddisonmiles2151;UCM01jGHHitl3HKjeVLXKNQw;http://www.youtube.com/@maddisonmiles2151;"It&#39;s that thing, that does the thing.";It's that thing, that does the thing.;0;0
UgxbFAt4AE1lHqGFuix4AaABAg;None;uVwtVBpw7RQ;@munapadhi8723;UCQwHGbXfe8q5r3qCA0F1_jw;http://www.youtube.com/@munapadhi8723;Hi Mosh,<br><br><br>Please make video for Vuejs , Docker, Kubernet. i have brought your udemy all course.;"Hi Mosh,


Please make video for Vuejs , Docker, Kubernet. i have brought your udemy all course.";0;0
Ugyby2FFMQ1ffktV1Fl4AaABAg;None;uVwtVBpw7RQ;@feathgoose9097;UCJeXy76Bw5sw8X1erdGNqAg;http://www.youtube.com/@feathgoose9097;pros and cons of node;pros and cons of node;0;0
Ugzqr-fovb1kVQ3dhI94AaABAg;None;uVwtVBpw7RQ;@TechEase10;UCpt4Y20TNwJL2SnKRsBdMPA;http://www.youtube.com/@TechEase10;"After finishing this tutorial what&#39;s next to learn in nodejs/expressjs backend development?";After finishing this tutorial what's next to learn in nodejs/expressjs backend development?;1;0
UgzkoAdNoQJKdRCjAYd4AaABAg;None;uVwtVBpw7RQ;@trye-r9s;UCOEmuqaWwXJPZuW0oZU7r-Q;http://www.youtube.com/@trye-r9s;thanks you mosh;thanks you mosh;0;0
UgzQmXBhVCMKCXmSkJ54AaABAg;None;uVwtVBpw7RQ;@aliotman9610;UCvqUDyouD6gQPfAfNZ6NJdg;http://www.youtube.com/@aliotman9610;great job but i want to know how to connect to the oracledb;great job but i want to know how to connect to the oracledb;1;0
Ugz5uXZvtJXxkv_miot4AaABAg;None;uVwtVBpw7RQ;@Mohseni.poetrymusic;UCsCJ8Qs3jV1gOMeQweB5S7A;http://www.youtube.com/@Mohseni.poetrymusic;Very best🎉;Very best🎉;0;0
UgwlY4Ce14psftUw8oN4AaABAg;None;uVwtVBpw7RQ;@kayyelle;UC6HKO7Y37-txtPu6P4zKQaQ;http://www.youtube.com/@kayyelle;I am excited .. when is this course releasing ? :-);I am excited .. when is this course releasing ? :-);1;1
UgzyNudL9tf5GkcM6VV4AaABAg;None;uVwtVBpw7RQ;@leopardblack5022;UC_jKzgUpCqZ9kOaeMLEJMhw;http://www.youtube.com/@leopardblack5022;love you mosh;love you mosh;0;0
UgxYDHCUzJh9lwViw6p4AaABAg;None;uVwtVBpw7RQ;@HeyKevinYT;UCFTj2EJNalWejVb1KVW4-ag;http://www.youtube.com/@HeyKevinYT;Good day, sir!;Good day, sir!;0;0
Ugzr95098ftHa2Im5Rt4AaABAg;None;uVwtVBpw7RQ;@PatrikRasch;UCpjnRoDsTGii6ZsgYOmhD1w;http://www.youtube.com/@PatrikRasch;Thank you;Thank you;0;0
UgwrsBMxBleaCE_FREV4AaABAg;None;NClmyC6olC0;@Anusha-3113;UCaMT52CAlGCcrydWyCBFkFg;http://www.youtube.com/@Anusha-3113;"According to video -<br>1. Python<br><a href=""http://2.java/"">2.Java</a><br>3.Javascript - Typescript <br>4.SQL<br>5.C++<br><br><br>Thanks Mosh!";"According to video -
1. Python
2.Java
3.Javascript - Typescript 
4.SQL
5.C++


Thanks Mosh!";347;16
UgysmfvNFtGHLj3jRRN4AaABAg;None;NClmyC6olC0;@ApexConstructions-j8y;UCqtDHRvuOZE-cJmGvPguo0g;http://www.youtube.com/@ApexConstructions-j8y;I am a 54 year old veteran, I know Cobol, Java and PHP. I still get good job offers.;I am a 54 year old veteran, I know Cobol, Java and PHP. I still get good job offers.;180;14
UgzkNlKDs5m8N-maXmJ4AaABAg;None;NClmyC6olC0;@HakeemAlimi984;UCyTjvpjMkphRvb7F19jNKUA;http://www.youtube.com/@HakeemAlimi984;"Thanks Mosh. It&#39;s very important to specialize in one particular language and build real world impact projects ❤";Thanks Mosh. It's very important to specialize in one particular language and build real world impact projects ❤;18;1
Ugxg3kHHhhlmGduzFfR4AaABAg;None;NClmyC6olC0;@smshohag6205;UCD9HnNuHpua0_T_3jtPsHEQ;http://www.youtube.com/@smshohag6205;Mosh, could you please make a Rust language course? There are so many Rust courses, but I love your teaching style! 😻😻;Mosh, could you please make a Rust language course? There are so many Rust courses, but I love your teaching style! 😻😻;32;3
UgwW3mMrd758Ul3P1Nx4AaABAg;None;NClmyC6olC0;@wahedshuvo;UCaqQmOhRtZKzVukTdpXAfOw;http://www.youtube.com/@wahedshuvo;Start with something that you are comfortable with. Anything can be build with anything. Find something that you are passionate about. Just start shipping and stop following hype.;Start with something that you are comfortable with. Anything can be build with anything. Find something that you are passionate about. Just start shipping and stop following hype.;11;0
UgzYYyslVLfpQ8-vGxN4AaABAg;None;NClmyC6olC0;@lee.gallagher;UC8fV-2przAlwwcp86CPc6FQ;http://www.youtube.com/@lee.gallagher;Currently learning Python, JavaScript (and React.js along with that) and C#, so two out of three of those are on the list so I guess my intuition for what to learn as a relative beginner can’t be too bad.;Currently learning Python, JavaScript (and React.js along with that) and C#, so two out of three of those are on the list so I guess my intuition for what to learn as a relative beginner can’t be too bad.;11;0
Ugxv2AgyN9qmYOX2RU94AaABAg;None;NClmyC6olC0;@menukfernando1180;UCpOv9x8lZHpH_iNYzyi-LtA;http://www.youtube.com/@menukfernando1180;"Don’t just chase the ‘top’ programming language. The real joy comes from working in something you love. Start from the fundamentals—everyone should appreciate the beauty of Assembly and how it shapes the way we understand computers at the core. Then move on to languages like C#, and you’ll begin to appreciate how each language brings its own unique strengths. It was never about finding the ‘best’ language; it’s about understanding the craft, mastering the fundamentals, and enjoying the journey of learning and creating. Embrace the process, and the rewards will follow.";"Don’t just chase the ‘top’ programming language. The real joy comes from working in something you love. Start from the fundamentals—everyone should appreciate the beauty of Assembly and how it shapes the way we understand computers at the core. Then move on to languages like C#, and you’ll begin to appreciate how each language brings its own unique strengths. It was never about finding the ‘best’ language; it’s about understanding the craft, mastering the fundamentals, and enjoying the journey of learning and creating. Embrace the process, and the rewards will follow.";65;7
UgyR05ZCmVolO55UsNR4AaABAg;None;NClmyC6olC0;@asadanik5987;UCbBeUQoPz6yVgXhNVzDHpaA;http://www.youtube.com/@asadanik5987;TypeScript + Python is my combo for Fullstack Mobile Development.;TypeScript + Python is my combo for Fullstack Mobile Development.;10;2
UgxzQquzCH_Evxn-aBp4AaABAg;None;NClmyC6olC0;@Myndale;UCxg8nfts6QwpYwzrbiXdlsg;http://www.youtube.com/@Myndale;"Definitely should add C# to that  list. And if you want to do mobile you&#39;ll need Kotlin for Android and Swift for iOS.";Definitely should add C# to that  list. And if you want to do mobile you'll need Kotlin for Android and Swift for iOS.;5;0
UgwrFY9vwkFFl57rCQR4AaABAg;None;NClmyC6olC0;@dufeedem8868;UC443BNVQvunulOw8Lbv9SEA;http://www.youtube.com/@dufeedem8868;This is awesome!<br>As always, thanks Mosh for the insightful content 🙏;"This is awesome!
As always, thanks Mosh for the insightful content 🙏";7;0
UgyQ51bTXIcE5bDMOYZ4AaABAg;None;NClmyC6olC0;@donaldnwajiaku2919;UClZIW4BO5rQHMAWo-NGckdA;http://www.youtube.com/@donaldnwajiaku2919;My favorite JavaScript, python, typescript;My favorite JavaScript, python, typescript;14;1
Ugw0RUnwgil4Dv90Z_Z4AaABAg;None;NClmyC6olC0;@theglobaldeola;UCYzJInFYmLD2oQE6Kb3e0dA;http://www.youtube.com/@theglobaldeola;"Python is on my 2025 learning goal. I&#39;m still on track.";Python is on my 2025 learning goal. I'm still on track.;27;9
UgwynkdZ6nqseV0s2np4AaABAg;None;NClmyC6olC0;@xenotrunks-yq9bq;UC6peMECknT7kLYFvlF70LvQ;http://www.youtube.com/@xenotrunks-yq9bq;I advise people not to just cram and copy code,but also ask why and test how each code works and what it does,to learn effectively;I advise people not to just cram and copy code,but also ask why and test how each code works and what it does,to learn effectively;5;0
Ugza5WIQJRzYkVzjHRh4AaABAg;None;NClmyC6olC0;@shedontlove8490;UC_XIa2zGjG2UiRQirnLntvg;http://www.youtube.com/@shedontlove8490;"I will always hate Java as much as i love it. There&#39;s still no decent roadmap on Spring in 2025 that will say how much MVC/Data/Security you need, and it doesn&#39;t matter if you&#39;re a beginner nor an experienced software engineer. Learning Java core is easy, but good luck to you when you start to dive deep in Spring or Hibernate.<br><br>Every Java dev i knew have struggled real hard with finding some really good and useful information on Spring/Hibernate, including courses or articles. And that&#39;s why people quit Java and stick to C#, despite the fact that Java is one of the most solid PLs out there in my opinion.";"I will always hate Java as much as i love it. There's still no decent roadmap on Spring in 2025 that will say how much MVC/Data/Security you need, and it doesn't matter if you're a beginner nor an experienced software engineer. Learning Java core is easy, but good luck to you when you start to dive deep in Spring or Hibernate.

Every Java dev i knew have struggled real hard with finding some really good and useful information on Spring/Hibernate, including courses or articles. And that's why people quit Java and stick to C#, despite the fact that Java is one of the most solid PLs out there in my opinion.";14;3
UgydIcRce97PpxbkR8F4AaABAg;None;NClmyC6olC0;@tolotrarabefaly1333;UC51k2OY9-R4Hg7TcVlyCCqQ;http://www.youtube.com/@tolotrarabefaly1333;"Another reason to learn C++ especially for beginners (even though you might not use it in your daily job) is that wrestling with all the features and low-level concepts of that language can help you transition easily between all the other languages, be it low-level or high-level, because you basically already know and understand the underlying concepts at that point but it&#39;s a matter of shifting between syntax and paradigms that&#39;s is left.";Another reason to learn C++ especially for beginners (even though you might not use it in your daily job) is that wrestling with all the features and low-level concepts of that language can help you transition easily between all the other languages, be it low-level or high-level, because you basically already know and understand the underlying concepts at that point but it's a matter of shifting between syntax and paradigms that's is left.;16;0
UgyJEEL3OyPaRkhrrjN4AaABAg;None;NClmyC6olC0;@Noulvari;UC6xBII9jpGP3lpKNYsZqM2w;http://www.youtube.com/@Noulvari;If you live in a nordic country, forget about python. C#, React and SQL is the way to go if you want job security.;If you live in a nordic country, forget about python. C#, React and SQL is the way to go if you want job security.;50;11
UgzNToN-SpeyitVkbS94AaABAg;None;NClmyC6olC0;@CodeNessa;UCgm6le2DTtcd14KzewMRoLQ;http://www.youtube.com/@CodeNessa;My favorite languages are C#, TypeScript, and SQL because they just click with me. C# feels smooth and intuitive, making coding enjoyable, especially for games and applications. TypeScript gives me confidence in my code with its structure while still letting me enjoy JavaScript’s flexibility. And SQL? I love the power of diving into data, organizing it, and pulling out exactly what I need with just a few queries.;My favorite languages are C#, TypeScript, and SQL because they just click with me. C# feels smooth and intuitive, making coding enjoyable, especially for games and applications. TypeScript gives me confidence in my code with its structure while still letting me enjoy JavaScript’s flexibility. And SQL? I love the power of diving into data, organizing it, and pulling out exactly what I need with just a few queries.;12;2
UgxBZByGwtGvJ05CiTF4AaABAg;None;NClmyC6olC0;@RidgeTheEternal;UCpJg81SLrvu80QpxB7-65NA;http://www.youtube.com/@RidgeTheEternal;"Ever since getting ill my personality completely changed. While once i was into computer technology now I&#39;m into science in general. I cant specify very well but i still have an interest in technology. But i feel as though im expected to learn something else. Forcing me down paths i otherwise wouldnt choose. I would love to get back into my old computer qualifications. Its learning to focus again is the problem.";Ever since getting ill my personality completely changed. While once i was into computer technology now I'm into science in general. I cant specify very well but i still have an interest in technology. But i feel as though im expected to learn something else. Forcing me down paths i otherwise wouldnt choose. I would love to get back into my old computer qualifications. Its learning to focus again is the problem.;0;0
UgxaaKz28B927IesaBF4AaABAg;None;NClmyC6olC0;@cyusa8722;UCWNmQyBwrNUEivEm8mz2jSQ;http://www.youtube.com/@cyusa8722;"Python &amp; JavaScript ✍️";Python & JavaScript ✍️;22;0
UgygVKWPmQGmaP_GlaR4AaABAg;None;NClmyC6olC0;@therealist2000;UC6N4UCCvqnRx5oQMQByLrHw;http://www.youtube.com/@therealist2000;People really need to look for jobs that involve coding instead of just pure software engineering and web development, you’ll have a lot more success.;People really need to look for jobs that involve coding instead of just pure software engineering and web development, you’ll have a lot more success.;1;0
Ugy8dnI2t6El0fS3lk54AaABAg;None;NClmyC6olC0;@ljwdean;UCSpEui7xY-VxPSTUNL2XLEQ;http://www.youtube.com/@ljwdean;"I&#39;ve been out of software engineering for 20 years, wondering if I have anything left to offer or at 67 young enough to relearn - fascinated that C++ is still on the list!";I've been out of software engineering for 20 years, wondering if I have anything left to offer or at 67 young enough to relearn - fascinated that C++ is still on the list!;0;0
UgyflNi9fLdH98dZuvB4AaABAg;None;NClmyC6olC0;@AbubakerMohd-k7f;UCHQJTujhuEk6ebhyFjKnLYg;http://www.youtube.com/@AbubakerMohd-k7f;my favourite one is python because it is easy and amazing.<br>it is the most usable language nowadays;"my favourite one is python because it is easy and amazing.
it is the most usable language nowadays";1;0
Ugzj452BdeeOmHUpguZ4AaABAg;None;NClmyC6olC0;@CodeCanvas-28;UCjhc4vgAMZpUL6HbuZ8RW1g;http://www.youtube.com/@CodeCanvas-28;Python, Java and JavaScript.. 🔥🔥;Python, Java and JavaScript.. 🔥🔥;1;0
UgxHy_3RyMa3TNnXFoh4AaABAg;None;NClmyC6olC0;@Kaiden.entertainment;UCH6OVp5ZdA3kWKiYWqXcEsQ;http://www.youtube.com/@Kaiden.entertainment;"<a href=""https://www.youtube.com/watch?v=NClmyC6olC0&amp;t=140"">2:20</a> Yes, that sounds exactly like something I would do.";2:20 Yes, that sounds exactly like something I would do.;1;0
Ugzl4kKAt0PEeT_QX-V4AaABAg;None;NClmyC6olC0;@TitanNova-l5r;UCVT3mwJHVke_vtpW18U1HMA;http://www.youtube.com/@TitanNova-l5r;So nice to listen to you explain! Everything is clear and easy to understand. 👏;So nice to listen to you explain! Everything is clear and easy to understand. 👏;2;0
UgwyFETlIthBG-HGaoZ4AaABAg;None;NClmyC6olC0;@Ali-hh9oi;UC9gJPyPg6guvYr_39lTJf-g;http://www.youtube.com/@Ali-hh9oi;"Python: ML, DS, automation<br>Typescript: web front-end, mobile apps<br>C++: system, OS, compiler, game, crypto, desktop apps<br>Go: web back-end, crypto, automation<br>Rust: system, OS, crypto<br><br>Exception: u need to build a e-commerce or content-oriented/blog/news (not highly scale-needed) website as fast as possible -&gt; laravel (php)";"Python: ML, DS, automation
Typescript: web front-end, mobile apps
C++: system, OS, compiler, game, crypto, desktop apps
Go: web back-end, crypto, automation
Rust: system, OS, crypto

Exception: u need to build a e-commerce or content-oriented/blog/news (not highly scale-needed) website as fast as possible -> laravel (php)";0;0
UgwcqCnv4lNGhzHSulx4AaABAg;None;NClmyC6olC0;@FutureCodingStars;UCXCEXokpYE4oL3-r3hR0ebA;http://www.youtube.com/@FutureCodingStars;"Thank you for this excellent breakdown of the key languages. It&#39;s so important for new developers to see the bigger picture beyond just syntax—understanding why a language is powerful and what problems it solves is the real key to long-term success. For those just starting out, picking a language like Python that&#39;s both versatile and has a low barrier to entry can make all the difference in building confidence and momentum. This video is a great roadmap for anyone looking to make an impact in tech.";Thank you for this excellent breakdown of the key languages. It's so important for new developers to see the bigger picture beyond just syntax—understanding why a language is powerful and what problems it solves is the real key to long-term success. For those just starting out, picking a language like Python that's both versatile and has a low barrier to entry can make all the difference in building confidence and momentum. This video is a great roadmap for anyone looking to make an impact in tech.;0;0
UgxMZ_VDSCF9rOohHyh4AaABAg;None;NClmyC6olC0;@Hileleddine;UCpWy-NhDOFdJ75Z7KGUpBTw;http://www.youtube.com/@Hileleddine;Just started learning web development , C++ keeps pushing me to give up 😂;Just started learning web development , C++ keeps pushing me to give up 😂;3;0
UgxfUlDS31erZt-6ktN4AaABAg;None;NClmyC6olC0;@Xics-c5c;UCLcvDwd64OH_fL2nOgG01wg;http://www.youtube.com/@Xics-c5c;Never miss your videos;Never miss your videos;4;0
UgxhVl1EcgMln4186op4AaABAg;None;NClmyC6olC0;@vicdevmanx;UCRZO1NevH-nL_loi5gdCa8g;http://www.youtube.com/@vicdevmanx;"Thanks for this Moch! 😊. <br>But I was also wondering How about Golang? I&#39;ve had a keen interest in web3?";"Thanks for this Moch! 😊. 
But I was also wondering How about Golang? I've had a keen interest in web3?";3;0
UgyqzkVxW-DyTk5pUPh4AaABAg;None;NClmyC6olC0;@omorotimiadekunle6971;UCt4mVbBP1IC10UNMegdvZFg;http://www.youtube.com/@omorotimiadekunle6971;1. Learn RUST<br>2. Learn more RUST<br>3. Master RUST<br>4. Go Pro RUST<br>5. Niche with RUST<br>6. Know Typescript <br><br><br>My humble advice;"1. Learn RUST
2. Learn more RUST
3. Master RUST
4. Go Pro RUST
5. Niche with RUST
6. Know Typescript 


My humble advice";19;4
UgyxqXKw19FM4JEHZDl4AaABAg;None;NClmyC6olC0;@ToxicAuraUnleashed;UCvdCB1XSl7A0YzQHHnxQ8_Q;http://www.youtube.com/@ToxicAuraUnleashed;Java, spring boot and react is all you need to have job security;Java, spring boot and react is all you need to have job security;4;1
UgwCIMigX1Jj52XZ_g54AaABAg;None;NClmyC6olC0;@KarasantesCeo;UCoRSd6Dk0uaMJmm6hIWQplA;http://www.youtube.com/@KarasantesCeo;MOSH :  Please make a NEW Lessons for Rust OR GO OR Other Java Frameworks OR LARAVEL PHP !;MOSH :  Please make a NEW Lessons for Rust OR GO OR Other Java Frameworks OR LARAVEL PHP !;1;0
UgxWOe5BwyHv_DqKazZ4AaABAg;None;NClmyC6olC0;@cbbcbb6803;UCt6iSKYUCEeVyIxc-TPA5gg;http://www.youtube.com/@cbbcbb6803;Who dictates what a language looks like versus what a language can do?<br>What is the relationship between the two?;"Who dictates what a language looks like versus what a language can do?
What is the relationship between the two?";0;0
Ugzpg3rRJbD9Zy1vrY94AaABAg;None;NClmyC6olC0;@DadaCoding;UCvByqsw2Ng9Kqz9u1fAXA1g;http://www.youtube.com/@DadaCoding;Thanks, Mosh. Loved your content as always. 🙌🏽💜;Thanks, Mosh. Loved your content as always. 🙌🏽💜;1;2
Ugz8V9mXtGwqW6lI3Y94AaABAg;None;NClmyC6olC0;@israel4961;UC2ouqmjUQP3XZ2vZA3NXn8w;http://www.youtube.com/@israel4961;Your current React course is marvelous. It helped me a lot to understand deeply. I cant wait to get the next advanced react course. I will be the first one to buy it. 😅;Your current React course is marvelous. It helped me a lot to understand deeply. I cant wait to get the next advanced react course. I will be the first one to buy it. 😅;0;0
UgwVFzTZVjbjSQtlPj94AaABAg;None;NClmyC6olC0;@mvoetmann1;UCOj8g2eQQyGN8Q3orykqxiw;http://www.youtube.com/@mvoetmann1;"Thinking about it, it depends on what you want to do. Web programming --&gt; js. Enterprise systems --&gt; jave, c#. Mobile --&gt; flutter, kotlin. General programming --&gt; Python. Device drivers --&gt; C, Rust.";Thinking about it, it depends on what you want to do. Web programming --> js. Enterprise systems --> jave, c#. Mobile --> flutter, kotlin. General programming --> Python. Device drivers --> C, Rust.;0;0
Ugz0XyNIXO3oNUpC2Ix4AaABAg;None;NClmyC6olC0;@bekalutamrat8564;UCP5fiRc1mphA6n2-U-h_gFw;http://www.youtube.com/@bekalutamrat8564;"I&#39;m glad to hear about Java and I&#39;m working on it for 2 years and still it was amazing in banking and financial industry I lava Java + spring boot.";I'm glad to hear about Java and I'm working on it for 2 years and still it was amazing in banking and financial industry I lava Java + spring boot.;0;0
Ugy10KLtEdMaIGGLgg54AaABAg;None;NClmyC6olC0;@adriansandu5523;UC42aI27UJEn-YBozo5LW08w;http://www.youtube.com/@adriansandu5523;Soooo, nothing changed??;Soooo, nothing changed??;172;9
UgwUok00gNKzFj4GTDp4AaABAg;None;NClmyC6olC0;@MEIMALMEDIA;UCayzoxI_Qq9Ga5Y4SM2YYXA;http://www.youtube.com/@MEIMALMEDIA;Thanks mr mosh with your help i have design a responsive website that shocks my lectures.<br>I really appreciate you<br>Greeting you from kenya;"Thanks mr mosh with your help i have design a responsive website that shocks my lectures.
I really appreciate you
Greeting you from kenya";0;0
UgxTZlkW9KrirDJLSYh4AaABAg;None;NClmyC6olC0;@National_Mentor;UCwd0rFu3YQyUfYiobDk7pSA;http://www.youtube.com/@National_Mentor;hey, mosh, thank you💯;hey, mosh, thank you💯;1;0
Ugwi4SH7DqJvDBs3JKJ4AaABAg;None;NClmyC6olC0;@AR100-oc1zv;UCSOzbYYznyyoACbq1l9260g;http://www.youtube.com/@AR100-oc1zv;I am a 90 year old learning to use computer. After 5 years I will start learning html.;I am a 90 year old learning to use computer. After 5 years I will start learning html.;11;3
Ugyw-R4x-AHK_cWlv7x4AaABAg;None;NClmyC6olC0;@xenotrunks-yq9bq;UC6peMECknT7kLYFvlF70LvQ;http://www.youtube.com/@xenotrunks-yq9bq;I am 18 and started with C++,chat gpt always gave me exercises and projects to do and learn,it taught me java and c++,but am not yet proficient;I am 18 and started with C++,chat gpt always gave me exercises and projects to do and learn,it taught me java and c++,but am not yet proficient;7;0
Ugzq-dV0UHTynHsQ79Z4AaABAg;None;NClmyC6olC0;@fahimkhanhidari3522;UCYBkeFjHzt9L50YxIlIIsnw;http://www.youtube.com/@fahimkhanhidari3522;Javascript is my favorite language ,because we can use that to make desktops applications;Javascript is my favorite language ,because we can use that to make desktops applications;1;0
UgwWUVf60Qa9PTZQBnp4AaABAg;None;NClmyC6olC0;@mvoetmann1;UCOj8g2eQQyGN8Q3orykqxiw;http://www.youtube.com/@mvoetmann1;Agreed. Good languages to know. You can likely manage with just Python and SQL. The rest are add-ons as you need them.;Agreed. Good languages to know. You can likely manage with just Python and SQL. The rest are add-ons as you need them.;0;0
UgwURiYy7r5IA47SSYh4AaABAg;None;NClmyC6olC0;@mr_don_key;UCSnacFdhXC224VWsFGpW9JA;http://www.youtube.com/@mr_don_key;"companies are ditching ts in favour of js itself. (many project that used ts primary, are now ditching it. It&#39;s more hassle than it resolves (the tool chain, compilation etc))";companies are ditching ts in favour of js itself. (many project that used ts primary, are now ditching it. It's more hassle than it resolves (the tool chain, compilation etc));0;0
UgzZLC_xSAeCZOSBR4N4AaABAg;None;NClmyC6olC0;@ahamedm.h.a9205;UCGsTVlFqn4M3QzDuhwwj59Q;http://www.youtube.com/@ahamedm.h.a9205;I know em all and still struggling to find my dream job. There’s something I am doing wrong somewhere.;I know em all and still struggling to find my dream job. There’s something I am doing wrong somewhere.;0;0
UgxLEMAM62qrlEGwIqp4AaABAg;None;NClmyC6olC0;@liadikabiru5652;UCslzEKYy8HayBDYYwscr_jw;http://www.youtube.com/@liadikabiru5652;I want to learn coding but no sponsors or resources what a pity;I want to learn coding but no sponsors or resources what a pity;1;0
UgyqaQ7VBxLlIoUdvah4AaABAg;None;NClmyC6olC0;@mamadouanne1253;UChc0nlesq9EndJOLXXa-XdQ;http://www.youtube.com/@mamadouanne1253;"Mosh, I&#39;m writing to express my strong interest in a comprehensive course from you focused on using tools like Cursor AI to develop apps without writing code. While there are numerous tutorials available on YouTube, I feel they often lack depth and polish. I believe your expertise would be invaluable in creating a truly exceptional course on this topic, and I anticipate it would be relatively efficient to produce. I would greatly appreciate you considering this idea.";Mosh, I'm writing to express my strong interest in a comprehensive course from you focused on using tools like Cursor AI to develop apps without writing code. While there are numerous tutorials available on YouTube, I feel they often lack depth and polish. I believe your expertise would be invaluable in creating a truly exceptional course on this topic, and I anticipate it would be relatively efficient to produce. I would greatly appreciate you considering this idea.;3;0
UgynZM3T_2AcOcVkzkl4AaABAg;None;NClmyC6olC0;@omak3313;UCHnP8QIcHjXOzGB3DJidUGQ;http://www.youtube.com/@omak3313;I would prefer Kotlin over Java in case of a startup;I would prefer Kotlin over Java in case of a startup;2;0
Ugw-BgvugNVAQ-GQ8WF4AaABAg;None;h4FRpDGuJyI;@rahulkanzariya8448;UCovnKP1d-8EZ-4pICX9RJxw;http://www.youtube.com/@rahulkanzariya8448;Hey mosh, I have started my career with watching your course, now i have job with good earning so Thanks!;Hey mosh, I have started my career with watching your course, now i have job with good earning so Thanks!;51;3
UgyYTCtsoE4XjTMsZAN4AaABAg;None;h4FRpDGuJyI;@enic-ma;UCoKEn_hC1bRne9kKsuFzX7A;http://www.youtube.com/@enic-ma;Well, when you see the number of people applying to tech jobs, you see a clear picture of the market right now!;Well, when you see the number of people applying to tech jobs, you see a clear picture of the market right now!;130;7
UgziCR5zL_Eo2dLSMxh4AaABAg;None;h4FRpDGuJyI;@LimitedWard;UCDpWJZEvi24CwkbqzMXBwEQ;http://www.youtube.com/@LimitedWard;My concern is not that AI will replace my job. Rather my concern is that CEOs believe it can.;My concern is not that AI will replace my job. Rather my concern is that CEOs believe it can.;224;5
UgymKBKn1rGyl1tMoc14AaABAg;None;h4FRpDGuJyI;@abu-ff8ws;UCQIVIgK1Jh0bPfSbXnTPrFQ;http://www.youtube.com/@abu-ff8ws;Honestly, AI can never replace developers or workers in general. It will change the way we work but definitely not the employees themselves. And the CEOs know this. They just want the employees to feel replaceable and submissive;Honestly, AI can never replace developers or workers in general. It will change the way we work but definitely not the employees themselves. And the CEOs know this. They just want the employees to feel replaceable and submissive;75;4
Ugw5Xuc5s77NAYhhKzp4AaABAg;None;h4FRpDGuJyI;@mk-hs7bh;UCVW2tcm_s_Q9tALrw8WH3dw;http://www.youtube.com/@mk-hs7bh;"Totally agree with Mosh. Being a developer with 10 yrs exp myself, I often get frustrated when junior devs or college passouts make this AI a big deal. I suggest them learn to become a &#39;real&#39; engineer. Following trends, copy-pasting code will never make you a problem solver. Understanding core CS concepts, Fundamentals, Trying &amp; breaking code, debugging  - I can&#39;t emphasize how important are these. Copying code from AI may make you feel you are being productive but down the line if you never took time to deeply face problems and fix you will never learn. Human quotient will always be needed in core engineering work not sure if it may be needed in IT service industry since they may be taken over by AI but even super AI can&#39;t replace &#39;You&#39; with your core application skills.";Totally agree with Mosh. Being a developer with 10 yrs exp myself, I often get frustrated when junior devs or college passouts make this AI a big deal. I suggest them learn to become a 'real' engineer. Following trends, copy-pasting code will never make you a problem solver. Understanding core CS concepts, Fundamentals, Trying & breaking code, debugging  - I can't emphasize how important are these. Copying code from AI may make you feel you are being productive but down the line if you never took time to deeply face problems and fix you will never learn. Human quotient will always be needed in core engineering work not sure if it may be needed in IT service industry since they may be taken over by AI but even super AI can't replace 'You' with your core application skills.;54;4
UgzWwy_HVqrbnX-g-HR4AaABAg;None;h4FRpDGuJyI;@DigitalMirrorComputing;UCitsGlAwOx8CEpdWewW-pJQ;http://www.youtube.com/@DigitalMirrorComputing;"Sorry but the current state of the job market in IT is not just BAU. I&#39;ve been in the industry for over 27 years. Had my first job in computing at the age of 17 and I can tell you I&#39;ve never seen the market in this industry as bad as it is now. It&#39;s not just programming jobs either, BA&#39;s, UX&#39;ers, PO&#39;s... linked is massively proliferated with &quot;Open to work&quot; badges. That&#39;s the landscape at least in the UK right now. Don&#39;t know if it is &quot;AI&quot; and the ridiculous illusions it created amongst executives, Brexit, War in Ukraine or whatever other phenomenon occurring right now, but one thing is true, the current AI just made coding a lot more accessible... to EVERYONE. People that never coded, or were lousy programmers are calling themselves &quot;programmers&quot; now because they know how to write a prompt. Because of this massive increase in supply, of course rates/salaries will decrease and so will the resources/vacancies. AI will not replace developers, but it will reduce their numbers across product teams/squads. I mean, you can literally get an LLM to write an API, component, script, pipeline, css in [enter language/framework here] and it will do it instantaneously. Of course someone still needs to validate it, integrated it, etc... but where before this would require a dedicated developer to spend a few hours,  (or a newbie a few days upskilling and going through the cognitive process), an LLM will just do it on a few interactions with &quot;prompting&quot;. What I am trying to say is a job that would take time to complete (even if a few hours) can now be done in seconds will lead to overwhelming reduced head count. So of course AI caused and will continue causing a massive impact in the industry.";"Sorry but the current state of the job market in IT is not just BAU. I've been in the industry for over 27 years. Had my first job in computing at the age of 17 and I can tell you I've never seen the market in this industry as bad as it is now. It's not just programming jobs either, BA's, UX'ers, PO's... linked is massively proliferated with ""Open to work"" badges. That's the landscape at least in the UK right now. Don't know if it is ""AI"" and the ridiculous illusions it created amongst executives, Brexit, War in Ukraine or whatever other phenomenon occurring right now, but one thing is true, the current AI just made coding a lot more accessible... to EVERYONE. People that never coded, or were lousy programmers are calling themselves ""programmers"" now because they know how to write a prompt. Because of this massive increase in supply, of course rates/salaries will decrease and so will the resources/vacancies. AI will not replace developers, but it will reduce their numbers across product teams/squads. I mean, you can literally get an LLM to write an API, component, script, pipeline, css in [enter language/framework here] and it will do it instantaneously. Of course someone still needs to validate it, integrated it, etc... but where before this would require a dedicated developer to spend a few hours,  (or a newbie a few days upskilling and going through the cognitive process), an LLM will just do it on a few interactions with ""prompting"". What I am trying to say is a job that would take time to complete (even if a few hours) can now be done in seconds will lead to overwhelming reduced head count. So of course AI caused and will continue causing a massive impact in the industry.";5;0
UgyZi3ddI6y4fl_NB7J4AaABAg;None;h4FRpDGuJyI;@achiever7025;UCxdr_i7So2V1wjdvNgWwUGA;http://www.youtube.com/@achiever7025;the problem is demand is declining for engineers in the industry and the number of unemployed engineers increase day by day as more engineers graduate, creating a very harsh competitive environment. as you said in early days you just need to know a programming language and some basic data structures and algorithms to work, now its completely changed the requirement by companies has changed drastically, as you already mentioned multiple programming languages, DS, Algorithms, system design, frameworks, software engineering and development, UI/UX, dev ops, etc. its like a never ending loop of learning new stuff to stay relevant in the job market. and a harsh reality is that companies can hire engineers at low CTC because of this market, jobs are there but as a software engineer no one would like to work at the pay of a daily wage worker.;the problem is demand is declining for engineers in the industry and the number of unemployed engineers increase day by day as more engineers graduate, creating a very harsh competitive environment. as you said in early days you just need to know a programming language and some basic data structures and algorithms to work, now its completely changed the requirement by companies has changed drastically, as you already mentioned multiple programming languages, DS, Algorithms, system design, frameworks, software engineering and development, UI/UX, dev ops, etc. its like a never ending loop of learning new stuff to stay relevant in the job market. and a harsh reality is that companies can hire engineers at low CTC because of this market, jobs are there but as a software engineer no one would like to work at the pay of a daily wage worker.;39;4
Ugz_NUWvqZeA0aFXEr54AaABAg;None;h4FRpDGuJyI;@ysdhnm;UCFlvkr3jQrSM2gSVjBowG_Q;http://www.youtube.com/@ysdhnm;"To be fair Mosh, you sell instructional materials for new developers so it&#39;s in your best interest to have this stance. Unfortunately fomo &gt; logic when it comes to decisions makers. We just have to weather the storm and   learn how to untangle the ai slop.";To be fair Mosh, you sell instructional materials for new developers so it's in your best interest to have this stance. Unfortunately fomo > logic when it comes to decisions makers. We just have to weather the storm and   learn how to untangle the ai slop.;170;14
UgwqPBNpsgov3gUgsmh4AaABAg;None;h4FRpDGuJyI;@RmAndrei93;UCa06Zgy6PuDlC1tCsxnJJ1w;http://www.youtube.com/@RmAndrei93;"I&#39;m not a programmer however I&#39;ve worked in tech solutions continuously for the last 4 years. My observations are: <br>1 move coding to other contries such as India for the majority of the code and system architects / cloud management to france .<br>2 AI does not take engineering jobs. Its effective at not hiring juniors as it does an acceptable job";"I'm not a programmer however I've worked in tech solutions continuously for the last 4 years. My observations are: 
1 move coding to other contries such as India for the majority of the code and system architects / cloud management to france .
2 AI does not take engineering jobs. Its effective at not hiring juniors as it does an acceptable job";2;0
Ugx674lR182aXy59TYV4AaABAg;None;h4FRpDGuJyI;@lefterisgilmaz4714;UCckZW80aHrmGplbmqw5QtJA;http://www.youtube.com/@lefterisgilmaz4714;I’ve never seen anyone with a real job yelling, “AI will replace you!”—except one PHP developer I encountered who built vet and dental booking systems and claimed the same.<br><br> Master the fundamentals and start thinking like an entrepreneur—or better yet, a business owner—before writing a single line of code.<br><br><br>It s just post pandemic economy and that was expected;"I’ve never seen anyone with a real job yelling, “AI will replace you!”—except one PHP developer I encountered who built vet and dental booking systems and claimed the same.

 Master the fundamentals and start thinking like an entrepreneur—or better yet, a business owner—before writing a single line of code.


It s just post pandemic economy and that was expected";2;0
Ugzqs8hN6corc3jJVMF4AaABAg;None;h4FRpDGuJyI;@tumzarelaxing;UCT1gg-1wQTFTqO3a9lObElQ;http://www.youtube.com/@tumzarelaxing;THIS TIME IS DIFFERENT..........Even knowing a lot in 5 years will be Absolute.;THIS TIME IS DIFFERENT..........Even knowing a lot in 5 years will be Absolute.;8;1
UgwND0zDdxnlDANWCYp4AaABAg;None;h4FRpDGuJyI;@tungtungtungtungtungtunggsahur;UCLbqx4-g4WZW5mI30Dp_QlA;http://www.youtube.com/@tungtungtungtungtungtunggsahur;This time is different. It’s layoff after layoff, no job creation, and the software engineering completely fucked up;This time is different. It’s layoff after layoff, no job creation, and the software engineering completely fucked up;61;12
UgzOUpOJqu5MayeVCLl4AaABAg;None;h4FRpDGuJyI;@MridulModi;UCntxEsxesWHcKBTjrCLes7A;http://www.youtube.com/@MridulModi;"Fear garners attention; well said. It makes you want to believe in something that does not exist.";"Fear garners attention; well said. It makes you want to believe in something that does not exist.";7;0
UgxC8dHDIjP9AQ4esQN4AaABAg;None;h4FRpDGuJyI;@coopmaxxxer325;UCqGhl562_dhX3EK9UcSNJFQ;http://www.youtube.com/@coopmaxxxer325;"&gt;created new jobs<br><br>Yeah in India and Bangladesh";">created new jobs

Yeah in India and Bangladesh";3;0
Ugx5fJksIAMNyNlIvnh4AaABAg;None;h4FRpDGuJyI;@tobiawosola1602;UC5Z6mcsZEwU6KNHFlPOKwsw;http://www.youtube.com/@tobiawosola1602;My take away: show up! Level up and keep building! 💪;My take away: show up! Level up and keep building! 💪;22;0
UgxUKrrMAIOj1DlEhox4AaABAg;None;h4FRpDGuJyI;@arthurclass4808;UCXjd-T5mo6rRZ9HO3Lton5A;http://www.youtube.com/@arthurclass4808;"Stop sugar coating the situation, it hasn&#39;t effected you so you think people are overreacting. These thousands of lives effect, people left without money, work and a purpose. Broken lives! You&#39;ll come back crying once it effects you! The market is the worst it has ever been, the number of people applying for jobs is insane";Stop sugar coating the situation, it hasn't effected you so you think people are overreacting. These thousands of lives effect, people left without money, work and a purpose. Broken lives! You'll come back crying once it effects you! The market is the worst it has ever been, the number of people applying for jobs is insane;2;0
Ugzli6G7fOU08Af29Zx4AaABAg;None;h4FRpDGuJyI;@RudigerMkondya;UCkqhsQPptI8ezA4fgQv3Vhw;http://www.youtube.com/@RudigerMkondya;Thank you my code guru;Thank you my code guru;9;0
Ugzr4ygLOcf0OZDDriJ4AaABAg;None;h4FRpDGuJyI;@jeanbaptiste2883;UC59pYaRqXjSt_6Sksic7scQ;http://www.youtube.com/@jeanbaptiste2883;The layoffs are still ongoing now with a fresh round kicking off the month of June despite assurances that the layoffs were over.;The layoffs are still ongoing now with a fresh round kicking off the month of June despite assurances that the layoffs were over.;1;0
UgwKV16Je5DbHBnhtw54AaABAg;None;h4FRpDGuJyI;@mixelation;UCqyd-JWLQCGONrdSn4LaIjQ;http://www.youtube.com/@mixelation;"As much as I agree with your message about there being a need for proper software engineers etc. in the future the 6K layoffs from Microsoft is not just about the number or this one incidence. Layoffs have been happening continuously and tech companies have made terrible pivots, fx. the whole blockchain &amp; metaverse strategy that Meta pulled a couple of years ago. It&#39;s about a general trend where Microsoft is forcing subpar technology into every crevice of their already not that great OS. They are not alone in that trend either.<br><br>My hope is that people will wake up to the absolute demagogues they and the other big tech companies have become, trying to inflate data collection while making their products worse and more expensive, treating their users as the product.<br><br>I believe that they are the ones that will be left behind with their single-mindedness and mistreatment of the general users.";"As much as I agree with your message about there being a need for proper software engineers etc. in the future the 6K layoffs from Microsoft is not just about the number or this one incidence. Layoffs have been happening continuously and tech companies have made terrible pivots, fx. the whole blockchain & metaverse strategy that Meta pulled a couple of years ago. It's about a general trend where Microsoft is forcing subpar technology into every crevice of their already not that great OS. They are not alone in that trend either.

My hope is that people will wake up to the absolute demagogues they and the other big tech companies have become, trying to inflate data collection while making their products worse and more expensive, treating their users as the product.

I believe that they are the ones that will be left behind with their single-mindedness and mistreatment of the general users.";5;0
UgzxHAFCqB2bmkynDH54AaABAg;None;h4FRpDGuJyI;@iokwong1871;UCGvE5njM7YJp-c_UmutLujQ;http://www.youtube.com/@iokwong1871;You keep saying the tech industry is growing, sure, but does this mean companies need more people? No one really knows. You need to show the numbers to make your point.;You keep saying the tech industry is growing, sure, but does this mean companies need more people? No one really knows. You need to show the numbers to make your point.;2;0
UgxQtdavyRmA_LEh4At4AaABAg;None;h4FRpDGuJyI;@y01cu_yt;UC8Kl7ZmKPIbsBPk6ZzIyZjA;http://www.youtube.com/@y01cu_yt;Thank you Mosh!;Thank you Mosh!;7;0
Ugybd1jsAE3L9cko1RR4AaABAg;None;h4FRpDGuJyI;@RickoDeSea;UCXjzXRcw22SKlF14qvwFipg;http://www.youtube.com/@RickoDeSea;"Thanks for this video. Its great! For me though, I&#39;m tired of the job market and trying to keep up with the changing fads. I&#39;ll be starting my own business on the side. I&#39;m getting too jumping from job to job.";Thanks for this video. Its great! For me though, I'm tired of the job market and trying to keep up with the changing fads. I'll be starting my own business on the side. I'm getting too jumping from job to job.;3;0
UgxwCp6ih4_pyUUapHd4AaABAg;None;h4FRpDGuJyI;@itzChethan;UCliPdhNNx6IUD7l16c6h7lg;http://www.youtube.com/@itzChethan;I kind of agree, glad you decided to talk and make a video. But wonder why rate of layoffs have been higher last year or two. The intake is also quite low, no denying, new grads bearing the brunt. Would be nice if you shared your perspective there.;I kind of agree, glad you decided to talk and make a video. But wonder why rate of layoffs have been higher last year or two. The intake is also quite low, no denying, new grads bearing the brunt. Would be nice if you shared your perspective there.;1;0
UgyeVw073HaptfmCX_d4AaABAg;None;h4FRpDGuJyI;@tikinfluence;UC-qBSmIkCiZDLwARPOmP_Sg;http://www.youtube.com/@tikinfluence;When electricity came about, candles and fire lamps company experienced a down fall but that led to the rise in electrician jobs and all jobs in relation to electricity, the world is evolving and we need to adapt to changes as we always do. <br>Thank Mosh, yr the best 😊;"When electricity came about, candles and fire lamps company experienced a down fall but that led to the rise in electrician jobs and all jobs in relation to electricity, the world is evolving and we need to adapt to changes as we always do. 
Thank Mosh, yr the best 😊";23;5
UgwJ7AS8bbAOAaDZKlN4AaABAg;None;h4FRpDGuJyI;@Geraltofrivia12gdhdbruwj;UCEzV0sc2rO3wYda4pEVXNwg;http://www.youtube.com/@Geraltofrivia12gdhdbruwj;"It is simple: <br><br>Senior devs use AI to delegate labour intensive task coding —&gt; get done in minutes. <br>—&gt; Junior/mid devs get laid off <br>—&gt; Fresh grads CS wont stand a chance to get an entry level SE job.";"It is simple: 

Senior devs use AI to delegate labour intensive task coding —> get done in minutes. 
—> Junior/mid devs get laid off 
—> Fresh grads CS wont stand a chance to get an entry level SE job.";24;2
UgxCCRzJ5kK8TU9l2YZ4AaABAg;None;h4FRpDGuJyI;@anipacify1163;UC89k6R1FZLrWw-RXVCBpznw;http://www.youtube.com/@anipacify1163;Dude spits facts on his channel not fear . That’s why I love this channel 🤩🔥🙌 thanks for the confidence boost man . The job market for fresh cs grads has been so tough haven’t been able to land any internships yet as they give em all to people with work ex . Chicken egg situation here . Market sucks hope it’s more accepting of new grads soon 😢;Dude spits facts on his channel not fear . That’s why I love this channel 🤩🔥🙌 thanks for the confidence boost man . The job market for fresh cs grads has been so tough haven’t been able to land any internships yet as they give em all to people with work ex . Chicken egg situation here . Market sucks hope it’s more accepting of new grads soon 😢;1;0
UgwY4poAB1c_boaUUVd4AaABAg;None;h4FRpDGuJyI;@pulomaeshita3950;UClR8y7L8XBLBz2gJdG2R1Kw;http://www.youtube.com/@pulomaeshita3950;You just said what I am feeling about AI right now. Thanks for spreading this positive vision about future.;You just said what I am feeling about AI right now. Thanks for spreading this positive vision about future.;3;0
UgwCFbmMbkpd7cZj7IZ4AaABAg;None;h4FRpDGuJyI;@Shub7am;UCklLUGcgIKrYy9Jj-zJL54g;http://www.youtube.com/@Shub7am;1000percent Agree with you Sir 📈;1000percent Agree with you Sir 📈;1;0
UgxrJAYo4eJUesiViWF4AaABAg;None;h4FRpDGuJyI;@maurominami1347;UC95vzfL2ZfTFnue05j8CoLQ;http://www.youtube.com/@maurominami1347;"I&#39;m afraid your assessment of current tech job market and it&#39;s relentless job cuts in the past 2-3 years is completely misaligned, whereas previous layoffs always happened, they were for different reasons as you mentioned, restructuration, shifting, changing direction. What happens today is completely different, companies are not changing strategy, they are just optimizing, consolidating, preparing and already replacing positions for AI equivalent. It will only get worst and not everyone is able to convert or reskill to new positions that will be created.";I'm afraid your assessment of current tech job market and it's relentless job cuts in the past 2-3 years is completely misaligned, whereas previous layoffs always happened, they were for different reasons as you mentioned, restructuration, shifting, changing direction. What happens today is completely different, companies are not changing strategy, they are just optimizing, consolidating, preparing and already replacing positions for AI equivalent. It will only get worst and not everyone is able to convert or reskill to new positions that will be created.;1;0
Ugxn7L3lAMQhXKzhXyF4AaABAg;None;h4FRpDGuJyI;@retrogradedcrasher;UCGtgTtT0t_f-QbO6YiuSckg;http://www.youtube.com/@retrogradedcrasher;Hi Mosh! 👋<br>I’m a student currently building a coding education website for a school project. Your videos:<br><br>• “JavaScript Tutorial for Beginners”<br>• “Python for Beginners - Full Course”<br>• “Java Tutorial for Beginners”<br><br>have been super helpful and inspiring! I’d love to ask your permission to embed or reference these videos in my school project site. It’s non-commercial and just meant to showcase coding lessons to my classmates and teacher.<br><br>Thanks for your awesome tutorials and clear explanations! 🙌<br><br>Best,<br>[Sam];"Hi Mosh! 👋
I’m a student currently building a coding education website for a school project. Your videos:

• “JavaScript Tutorial for Beginners”
• “Python for Beginners - Full Course”
• “Java Tutorial for Beginners”

have been super helpful and inspiring! I’d love to ask your permission to embed or reference these videos in my school project site. It’s non-commercial and just meant to showcase coding lessons to my classmates and teacher.

Thanks for your awesome tutorials and clear explanations! 🙌

Best,
[Sam]";0;0
UgwW0ZLjOxAl1HJxiVt4AaABAg;None;h4FRpDGuJyI;@Anagh3006;UCV6AizPnC00nHRzCMbZYVlA;http://www.youtube.com/@Anagh3006;"I read most of the comments but sadly there are people who still don&#39;t understand that AI can never take jobs, because they think from what are saying. You first understand how ai works and the go saying if it can replace you. Being skilled is more important man.";I read most of the comments but sadly there are people who still don't understand that AI can never take jobs, because they think from what are saying. You first understand how ai works and the go saying if it can replace you. Being skilled is more important man.;0;0
UgyGmaJ8DE_5hGwhtth4AaABAg;None;h4FRpDGuJyI;@keesarasanthosh;UCbjZYU-kwLXK1N9RHOeDIfg;http://www.youtube.com/@keesarasanthosh;"Just to simply tell this world that their ai is superior and they don&#39;t need any developers. But eventually, they would hire more people silently. It&#39;s just a simple market strategy.";Just to simply tell this world that their ai is superior and they don't need any developers. But eventually, they would hire more people silently. It's just a simple market strategy.;2;0
UgwG5J-C0d_G7VS-6k54AaABAg;None;h4FRpDGuJyI;@enockssembajja77;UC-4LmMDYv_l08HrBkVCDkYg;http://www.youtube.com/@enockssembajja77;Thank you so much 🙏;Thank you so much 🙏;7;1
Ugy0GMPihJ7nHQeNKKp4AaABAg;None;h4FRpDGuJyI;@hedobeagamer2340;UCNm2hhyyN-PV8gYkebPlxig;http://www.youtube.com/@hedobeagamer2340;"<a href=""https://www.youtube.com/watch?v=h4FRpDGuJyI&amp;t=49"">0:49</a> I used to have that keyboard. They stopped making them which is horrible because I&#39;ve always seen it as one of a kind with it&#39;s many animated light modes, ultra sleek design, low profile blue khail switches just to name its key features. I can&#39;t find any info on the company anymore HAVIT. So I can&#39;t even find the drivers for it. One of the keys fell out and I never figured out how to solder it back. Also there&#39;s a fidget spinner there. Makes sense that keyboard was out around 2015 when I bought mine. To this day it&#39;s the best one I&#39;ve ever had.";0:49 I used to have that keyboard. They stopped making them which is horrible because I've always seen it as one of a kind with it's many animated light modes, ultra sleek design, low profile blue khail switches just to name its key features. I can't find any info on the company anymore HAVIT. So I can't even find the drivers for it. One of the keys fell out and I never figured out how to solder it back. Also there's a fidget spinner there. Makes sense that keyboard was out around 2015 when I bought mine. To this day it's the best one I've ever had.;1;0
UgwiXvP5-gOPnRYCj954AaABAg;None;h4FRpDGuJyI;@Bujjialavalapati;UCTrMCRQBWSu4HYrXwJqp7JQ;http://www.youtube.com/@Bujjialavalapati;"I&#39;m tired, honestly. Putting in my soul, editing late nights, hoping someone will watch—even just for a few seconds. If you&#39;re seeing this, please… just give one short a chance. That one view could mean everything. your support could be the reason I keep going.🙏🏻🙏🏻🙏🏻🙏🏻<br>I know that it&#39;s not the perfect comment to this video but I don&#39;t have any other option .hope that even one short will cross 1k views like past days 🥺🥺💔💔..";"I'm tired, honestly. Putting in my soul, editing late nights, hoping someone will watch—even just for a few seconds. If you're seeing this, please… just give one short a chance. That one view could mean everything. your support could be the reason I keep going.🙏🏻🙏🏻🙏🏻🙏🏻
I know that it's not the perfect comment to this video but I don't have any other option .hope that even one short will cross 1k views like past days 🥺🥺💔💔..";10;2
UgxhZ_1rNrNzPG8Mu7Z4AaABAg;None;h4FRpDGuJyI;@SgtWTFOver;UCAGJsiGRizC-z9mh8aAY5Fg;http://www.youtube.com/@SgtWTFOver;I find this to be similar to when Pro Tools came out for audio engineering.  All the older engineers fought against learning it.  Kept using the analog consoles without trying to integrate or learn how to use the tools ‘in the box’. The devs that learn how to integrate AI into their workflow will run laps around those that don’t.;I find this to be similar to when Pro Tools came out for audio engineering.  All the older engineers fought against learning it.  Kept using the analog consoles without trying to integrate or learn how to use the tools ‘in the box’. The devs that learn how to integrate AI into their workflow will run laps around those that don’t.;0;0
Ugyz6-l5f9eI0P_rTrx4AaABAg;None;h4FRpDGuJyI;@MihaiConstantin;UCO5pXyYGoxTBpDLBaYeZwlA;http://www.youtube.com/@MihaiConstantin;I mean no disrespect, but would you be so optimistic if you were one of the 6000? also have you taken a look at the job market?;I mean no disrespect, but would you be so optimistic if you were one of the 6000? also have you taken a look at the job market?;6;0
UgxZIJIzZEsxsuFT16x4AaABAg;None;h4FRpDGuJyI;@indiansouls8357;UCBcjRp4JYe9VFTMLhgZYgiQ;http://www.youtube.com/@indiansouls8357;Totally agreed, Mosh. MNCs are fanning the flames of AI euphoria not to revolutionize the world, but  largely to sell their AI products and slowly condition employees (especially Gen Z+) into quiet compliance. Yes, AI will change our way of working, but definitely not a replacement. It still lacks the cohesion, critical nuance, and subtlety of real human intelligence .;Totally agreed, Mosh. MNCs are fanning the flames of AI euphoria not to revolutionize the world, but  largely to sell their AI products and slowly condition employees (especially Gen Z+) into quiet compliance. Yes, AI will change our way of working, but definitely not a replacement. It still lacks the cohesion, critical nuance, and subtlety of real human intelligence .;0;0
UgxGoqscGXj79W3rDvp4AaABAg;None;h4FRpDGuJyI;@alainkimbu;UC6qQzPOALU4bI0O4UAnbp7A;http://www.youtube.com/@alainkimbu;You are a good teacher sir. If the big tech hires all the best engineers, people complain and talk of monopoly then big tech lays them off people still complain 🤦‍♂ Just from analysis it show those lay off lead to many start-ups and opportunities;You are a good teacher sir. If the big tech hires all the best engineers, people complain and talk of monopoly then big tech lays them off people still complain 🤦‍♂ Just from analysis it show those lay off lead to many start-ups and opportunities;0;0
UgyAG8hdSie34WPfsrF4AaABAg;None;h4FRpDGuJyI;@mediascribble;UCrNy2DFFxyHmQ9GPkZsmgRg;http://www.youtube.com/@mediascribble;"Anyone sitting there writing new code, implementing new functions, debugging, and delivering finished products deserve big rewards. It&#39;s insufferable spending all your time doing that, but that&#39;s life. Copy and paste folks is not exactly simple since you still have to do tedious work getting it all in place, but I think people lose track of what living means, and how making a living is different. If you love creating or even your job no matter what you do, it&#39;s a big plus. Smelling the roses can&#39;t be understated. You&#39;ll be gone, and guess what, so will your suffocating code.";Anyone sitting there writing new code, implementing new functions, debugging, and delivering finished products deserve big rewards. It's insufferable spending all your time doing that, but that's life. Copy and paste folks is not exactly simple since you still have to do tedious work getting it all in place, but I think people lose track of what living means, and how making a living is different. If you love creating or even your job no matter what you do, it's a big plus. Smelling the roses can't be understated. You'll be gone, and guess what, so will your suffocating code.;0;0
UgwsgqrYjFFhFz4G5-N4AaABAg;None;h4FRpDGuJyI;@pakbaz-family;UC4N3HrzcaAzKNw_PBXtaPGA;http://www.youtube.com/@pakbaz-family;This is true that layoffs are related to some structural and organizational changes but you are missing the big picture my friend. I don’t think demand for engineers are rising. The expectation from engineers are going up and AI will fill the gap from junior and mid level developers very soon.;This is true that layoffs are related to some structural and organizational changes but you are missing the big picture my friend. I don’t think demand for engineers are rising. The expectation from engineers are going up and AI will fill the gap from junior and mid level developers very soon.;15;0
UgyJbh8cUlGFoc2-8mx4AaABAg;None;h4FRpDGuJyI;@Dimon_911z;UCW4reSd5ziLf8ypotfR7DQw;http://www.youtube.com/@Dimon_911z;I’m so grateful for you Mosh. ❤;I’m so grateful for you Mosh. ❤;1;0
UgxU9bbPrDStjsLHZ_94AaABAg;None;h4FRpDGuJyI;@anotherelvis;UCRxaQXpl4PEHzWBQRrt9pQg;http://www.youtube.com/@anotherelvis;The talented employees move on after 5 years, while the others stay behind. Therefore big tech companies tend to  accumulate untalented employees.;The talented employees move on after 5 years, while the others stay behind. Therefore big tech companies tend to  accumulate untalented employees.;1;0
UgwBafKyNreu8rViEHB4AaABAg;None;h4FRpDGuJyI;@JohnMagar069;UCe40w6di1Yr5fjRcN7oeKeg;http://www.youtube.com/@JohnMagar069;Thanks a lot Mosh, i was also listening lot of similar arguments from the vibe coders about AI erasing human resource in the jobs ..;Thanks a lot Mosh, i was also listening lot of similar arguments from the vibe coders about AI erasing human resource in the jobs ..;2;0
Ugw6sCkMJy_16aNjpNt4AaABAg;None;h4FRpDGuJyI;@rawwill4287;UCSw2O0FN8i8I_ZdwX4TZtbg;http://www.youtube.com/@rawwill4287;As soon as he finished this video, his company emailed him and stated .they really appreciate his commitment with the company, but unfortunately he’s being laid off😊😊😊😊;As soon as he finished this video, his company emailed him and stated .they really appreciate his commitment with the company, but unfortunately he’s being laid off😊😊😊😊;0;0
UgxRR8SAUZNaFWa5sxN4AaABAg;None;h4FRpDGuJyI;@mosessegbefia9134;UC2W6Y8ZIzDTVMFaHpLj2glg;http://www.youtube.com/@mosessegbefia9134;I agree with Mosh.. the ignorant and less experienced as well as the selfish searching leads generators just make noise when there is even a match flick. Too ignorant generation;I agree with Mosh.. the ignorant and less experienced as well as the selfish searching leads generators just make noise when there is even a match flick. Too ignorant generation;1;0
Ugwb9vLh5MSyzBBPd8x4AaABAg;None;h4FRpDGuJyI;@Eric-v8t;UCrq4s8O-x3v8gloVq2wzjUg;http://www.youtube.com/@Eric-v8t;"I am a developer with 20 years of experience, and I don&#39;t own any AI company. In two years, application developers will become the minimum wage workers. AI will do the hard work, and developers just click some yes/no/merge buttons. There will be some highly paid developers in large companies, but the number will be low because their work can be outsourced to a cheaper country. If you learn AI at a level that OpenAI or Anthropic can hire you, then you will have a job in the next 5-10 years. Things will change in 5-10 years again. Look at how the data science position is disappearing because AI can do most of their work.";I am a developer with 20 years of experience, and I don't own any AI company. In two years, application developers will become the minimum wage workers. AI will do the hard work, and developers just click some yes/no/merge buttons. There will be some highly paid developers in large companies, but the number will be low because their work can be outsourced to a cheaper country. If you learn AI at a level that OpenAI or Anthropic can hire you, then you will have a job in the next 5-10 years. Things will change in 5-10 years again. Look at how the data science position is disappearing because AI can do most of their work.;5;0
UgwE7WAzji_e9Mny0lR4AaABAg;None;h4FRpDGuJyI;@CuteShadows;UCkzf5WfqQoz4ESffJnBl1PA;http://www.youtube.com/@CuteShadows;Aaah.. but still there are some idiots taking interviews making us write codes byheart. <br>They should atleast ask us to write a pseudo code 1st and then to write the program to know how a person approach to a problem.. what to do.. there should be luck as well to get a good interviewer and also to get into a good company were we can be creative and do crazy coding brainstorming activities. <br><br>Thanks to all the IT companies who gave me a lot of work without challenges and keeping me in the same pace and never let me grow.;"Aaah.. but still there are some idiots taking interviews making us write codes byheart. 
They should atleast ask us to write a pseudo code 1st and then to write the program to know how a person approach to a problem.. what to do.. there should be luck as well to get a good interviewer and also to get into a good company were we can be creative and do crazy coding brainstorming activities. 

Thanks to all the IT companies who gave me a lot of work without challenges and keeping me in the same pace and never let me grow.";7;2
UgzaCa8XR2XHGreKld94AaABAg;None;h4FRpDGuJyI;@djkidjoker;UCYzGRTYRzujEnnxbowp_cHA;http://www.youtube.com/@djkidjoker;"<a href=""https://www.youtube.com/watch?v=h4FRpDGuJyI&amp;t=194"">3:14</a> I would love to see the rest of list.";3:14 I would love to see the rest of list.;0;0
UgxqRL5PREQw3aJKawx4AaABAg;None;h4FRpDGuJyI;@kielvostro;UCol2vKNNPRKhHzub2BEYCzw;http://www.youtube.com/@kielvostro;Crypto and AI bros are mad in the comments. Anti-vaxxers too.;Crypto and AI bros are mad in the comments. Anti-vaxxers too.;34;1
UgzHiIzo1i0oKeJ7mzN4AaABAg;None;upDLs1sn7g4;@adeelzahid9622;UCEJONVC2_aWZc7LHadOGP2g;http://www.youtube.com/@adeelzahid9622;"As a Teacher &quot;i proud of You&quot;, i also learn a lot through your channel .. Thanks for your precious time :)";"As a Teacher ""i proud of You"", i also learn a lot through your channel .. Thanks for your precious time :)";56;0
Ugx3LTIoduk07FWzVpt4AaABAg;None;upDLs1sn7g4;@bonolosolomon;UCxATbYgJUyCLOoHulVJTfeg;http://www.youtube.com/@bonolosolomon;This video is brief and easy to digest for a beginner, thank you very much;This video is brief and easy to digest for a beginner, thank you very much;14;0
Ugwi2PiM7Sia6hDn0mN4AaABAg;None;upDLs1sn7g4;@ThatDev81;UCE8ri-a5m-Byk1OJ9nV1fLQ;http://www.youtube.com/@ThatDev81;Hello mosh im Approved by google today thank you at first I did not understand  javascript until I started to watch your videos thank you <br>Yahya;"Hello mosh im Approved by google today thank you at first I did not understand  javascript until I started to watch your videos thank you 
Yahya";4;0
UgwtRK9CRBzpmhZIRIp4AaABAg;None;upDLs1sn7g4;@orinandemera;UCJMtPpn42t1KTf2ps1FHvtA;http://www.youtube.com/@orinandemera;Thank you. Planning on learning Java script from scratch and this was very helpful!;Thank you. Planning on learning Java script from scratch and this was very helpful!;10;0
UgzooHJThse6RfzILuR4AaABAg;None;upDLs1sn7g4;@azizdju5939;UCI13thTOUI1QOzqTQQtl5bQ;http://www.youtube.com/@azizdju5939;i understand everything about JavaScript u are such good teacher, thank you.;i understand everything about JavaScript u are such good teacher, thank you.;9;0
Ugy9W0xQYl52nV-MiuN4AaABAg;None;upDLs1sn7g4;@lakshaywalia;UC221RdMc3gAQMepJBG0sdZg;http://www.youtube.com/@lakshaywalia;js from just browser to node using c<br>js is used for back-end in mobile and web apps.<br>develop: games , command line tools , mobile /web apps , networking apps<br>ecma is specification and ecma is in under js;"js from just browser to node using c
js is used for back-end in mobile and web apps.
develop: games , command line tools , mobile /web apps , networking apps
ecma is specification and ecma is in under js";2;0
Ugz0IKWJl-usWY8B0QN4AaABAg;None;upDLs1sn7g4;@makai.5180;UCcB3Bp4UC5txIYQXUZJmQBw;http://www.youtube.com/@makai.5180;Finally a well made video that I don’t have to put on 1.5 speed;Finally a well made video that I don’t have to put on 1.5 speed;287;4
Ugyf0TDVFpaCfvRreTx4AaABAg;None;upDLs1sn7g4;@youtubemaniac4357;UC4P0AcuIfyEAHmLGkBivwKQ;http://www.youtube.com/@youtubemaniac4357;This guys explaining is so amazing 😉 and clear keep it up Mosh;This guys explaining is so amazing 😉 and clear keep it up Mosh;7;0
Ugzt4JDRSdrZ2JPK2lN4AaABAg;None;upDLs1sn7g4;@musharrafahmed7131;UCkujZnSA6ErFI3heboiOtHg;http://www.youtube.com/@musharrafahmed7131;you are such a good teacher;you are such a good teacher;60;1
UgzjJmbdq5t2O9aVnCF4AaABAg;None;upDLs1sn7g4;@aseemkhan00;UCR_nDd-_KM9nIu9PtFvaD1g;http://www.youtube.com/@aseemkhan00;please upload videos in parts <br>cause people like me who do not get proper internet will be able to learn as well.<br>you Doing Great Thank you Soo much;"please upload videos in parts 
cause people like me who do not get proper internet will be able to learn as well.
you Doing Great Thank you Soo much";2;0
UgyOAPUMlTEzcMt4TA54AaABAg;None;upDLs1sn7g4;@caroliarasil;UCmOiG8reIQsBL-_hg36AxFQ;http://www.youtube.com/@caroliarasil;honestly my fav channel in youtube atm;honestly my fav channel in youtube atm;8;0
Ugz-BypuzVaLNHiT2Fd4AaABAg;None;upDLs1sn7g4;@strawberryuser0;UC5N6-z5CVJux-ITHilp5TbA;http://www.youtube.com/@strawberryuser0;Starting my learning path today !;Starting my learning path today !;1;0
UgwRlSr1SOZ7qKQ06OB4AaABAg;None;upDLs1sn7g4;@nisarpatel6665;UCLbNB0YII9o41ny9eo2i9CQ;http://www.youtube.com/@nisarpatel6665;"you&#39;re tutorial are easy to learn,simple,clear voice upload more video&#39;s with algorithms solving in js";you're tutorial are easy to learn,simple,clear voice upload more video's with algorithms solving in js;7;0
Ugx56pTdwCOua4IXgux4AaABAg;None;upDLs1sn7g4;@DirkFraanje;UCSB1OJ-va5qEKyyRwyLWPdw;http://www.youtube.com/@DirkFraanje;Tommorow I am taking the 1D0-735 CIW exam, today I watch your serie to refresh my knowledge 🙂🤓;Tommorow I am taking the 1D0-735 CIW exam, today I watch your serie to refresh my knowledge 🙂🤓;1;0
UgwcYZHlE_Barhy02Td4AaABAg;None;upDLs1sn7g4;@getplusmindset;UCIjWQj7pWlPskHvArYsuPsg;http://www.youtube.com/@getplusmindset;One of the most popular videos for learning javascript.👍;One of the most popular videos for learning javascript.👍;0;0
Ugy0YbPCHwBvPRyrHMJ4AaABAg;None;upDLs1sn7g4;@nisarpatel6665;UCLbNB0YII9o41ny9eo2i9CQ;http://www.youtube.com/@nisarpatel6665;can u make one video on algorithms using JavaScript;can u make one video on algorithms using JavaScript;3;0
UgzNA47bTGLFC4LJWH14AaABAg;None;upDLs1sn7g4;@edwinadrianta9455;UCFlcKN8mB_Hg0BP1Q-er0VQ;http://www.youtube.com/@edwinadrianta9455;Hi Mosh. Just want to send an appreciation for your kind help sharing your knowledge with us.;Hi Mosh. Just want to send an appreciation for your kind help sharing your knowledge with us.;0;0
Ugyeq28MXHjUnZTZhX94AaABAg;None;upDLs1sn7g4;@codinginflow;UC_Fh8kvtkVPkeihBs42jGcA;http://www.youtube.com/@codinginflow;Amazing explanation;Amazing explanation;0;0
Ugz3DkkZeTR5xNoxd7t4AaABAg;None;upDLs1sn7g4;@Christi840;UC6OHytwzVzTB4uUfU6qL0_g;http://www.youtube.com/@Christi840;Great explanation! Thank you!;Great explanation! Thank you!;2;0
Ugz0QWtu0xzahpQ5ElV4AaABAg;None;upDLs1sn7g4;@costaszeimpekis994;UCoc5Apww_99rPSVD1-PF1mA;http://www.youtube.com/@costaszeimpekis994;Thank you Mosh;Thank you Mosh;2;0
UgwaxQiqsB-osMFbmT54AaABAg;None;upDLs1sn7g4;@dar7823;UCBV-IVkbBwdljG00t44mk_w;http://www.youtube.com/@dar7823;Thank you;Thank you;2;0
Ugyr62XaD0JSs3iDjz94AaABAg;None;upDLs1sn7g4;@zahidahmed4998;UCWtaFQysZpa3OEASnHCpRfw;http://www.youtube.com/@zahidahmed4998;thanks for share this knowladge;thanks for share this knowladge;1;0
UgwWfZJHVEYMb3_yzQV4AaABAg;None;upDLs1sn7g4;@didierleprince6106;UCFgNQRNH-Pspo89eQunjlKQ;http://www.youtube.com/@didierleprince6106;Merci Sir;Merci Sir;1;0
UgyMNidajVFd9NsN-Tt4AaABAg;None;upDLs1sn7g4;@ririssance;UC1cBpPXS4QzQyhwMn1eqaFQ;http://www.youtube.com/@ririssance;Can we please get more videos on JavaScript with some projects if possible?;Can we please get more videos on JavaScript with some projects if possible?;0;0
UgxYTBPuQG-TjltSS894AaABAg;None;upDLs1sn7g4;@ajibadegbenro3036;UC-eEPfAgXN0SE8Mk91IABiQ;http://www.youtube.com/@ajibadegbenro3036;this is so nice. Thank you Mosh;this is so nice. Thank you Mosh;0;0
UgwujPvIHuGWG80Jap94AaABAg;None;upDLs1sn7g4;@ThePrestigePath-1;UCGSoQ9KLCBi8Qkysz21B9jQ;http://www.youtube.com/@ThePrestigePath-1;great thanks;great thanks;1;0
UgwMbboejAoFQvgBndJ4AaABAg;None;upDLs1sn7g4;@semadahir7144;UC_9qS_qFGuJE7ztAJTDQXNg;http://www.youtube.com/@semadahir7144;THANKS ❤❤❤❤;THANKS ❤❤❤❤;0;0
Ugxc4uJcdyLCvM8ePOd4AaABAg;None;upDLs1sn7g4;@persuaiteofhappiness1786;UC3TD2i2SDozfv0RTa1e6K5g;http://www.youtube.com/@persuaiteofhappiness1786;Thanks for your efforts ...;Thanks for your efforts ...;0;0
UgwH7q_44E7TzMkmFVR4AaABAg;None;upDLs1sn7g4;@sravaninaidu9471;UC7jiBmuruf0pFIGDcxUVMTQ;http://www.youtube.com/@sravaninaidu9471;plz make a video on CSS;plz make a video on CSS;0;0
Ugz6AN4EsJJjaZNqowx4AaABAg;None;upDLs1sn7g4;@bhomemyatkyaw-d7y;UCN635lOoXsSueLilErdOlWQ;http://www.youtube.com/@bhomemyatkyaw-d7y;_thank you sir for your sharing, with clear and easy understandable accent.;_thank you sir for your sharing, with clear and easy understandable accent.;0;0
Ugy6kb5y50Ny-8XFf_J4AaABAg;None;upDLs1sn7g4;@qutubuddinbarfi8679;UCH69X-G554OznuTOiEqC9sg;http://www.youtube.com/@qutubuddinbarfi8679;Hey mosh,<br>I have learned so many things from you like bundles of bundles,<br>And you have a great customized VS studio theme please tell me which extension you use 🙏🙏🙏🙏🙏;"Hey mosh,
I have learned so many things from you like bundles of bundles,
And you have a great customized VS studio theme please tell me which extension you use 🙏🙏🙏🙏🙏";1;0
UgwAcrZSvV-f6e0TQON4AaABAg;None;upDLs1sn7g4;@Sarah-re7cg;UCm3vV5d06O6dNYSga1Ixu2Q;http://www.youtube.com/@Sarah-re7cg;Thank you so much. My professor skipped over so much context and I found js disorienting at first.;Thank you so much. My professor skipped over so much context and I found js disorienting at first.;0;0
UgwE1GsbjgQTctv0xmN4AaABAg;None;upDLs1sn7g4;@ganapathipranesh8506;UCfBgzJESD494opqodqGmvfw;http://www.youtube.com/@ganapathipranesh8506;Hi Mosh, My gentle request to you to create a series on <b>Web Accessories</b> which includes detailed git, gulp or webpack or some other task runners, http2, and some web utilities which takes web development to next level. <i>(anyway, </i>npm<i> you already have with node course</i> 😜 <i>)</i>;Hi Mosh, My gentle request to you to create a series on *Web Accessories* which includes detailed git, gulp or webpack or some other task runners, http2, and some web utilities which takes web development to next level. _(anyway, _npm_ you already have with node course_ 😜 _)_;9;0
UgzDd0YDDEHntq02awR4AaABAg;None;upDLs1sn7g4;@gracefigureo314;UCOw2bWYscIdy8rLz0OwAUSg;http://www.youtube.com/@gracefigureo314;I remember my first time ever encountering JavaScript. The year was 2007 and i was trying to play a computer game😂;I remember my first time ever encountering JavaScript. The year was 2007 and i was trying to play a computer game😂;1;0
UgycfQicmpdH_saQhdZ4AaABAg;None;upDLs1sn7g4;@knowyourworks1198;UCee0A3fJ0o-ZtqAeWwAmwhw;http://www.youtube.com/@knowyourworks1198;"I understand alot from this video can you explain why alert(&#39;yo&#39;) 👈code not worked";I understand alot from this video can you explain why alert('yo') 👈code not worked;0;0
UgyN99A6v75zZu4aYrx4AaABAg;None;upDLs1sn7g4;@bepositive8932;UCyn67eKfoBlU66wBvM_-1wg;http://www.youtube.com/@bepositive8932;"Thank&#39;s brother 👍👍👍👍👍";Thank's brother 👍👍👍👍👍;0;0
UgwyABXUxLktNka6tV94AaABAg;None;upDLs1sn7g4;@Haseebdoeseverything;UCd7dTgeFEXbVkicy2hj1Cow;http://www.youtube.com/@Haseebdoeseverything;the best teacher ever on youtube.;the best teacher ever on youtube.;0;1
Ugz9YflRgH3Qj0l50jB4AaABAg;None;upDLs1sn7g4;@BrandonPlantz;UCP3TDHdvqjyL25l7OCXvUrA;http://www.youtube.com/@BrandonPlantz;Excellent.  Thank you!;Excellent.  Thank you!;0;0
UgzbuwNX_xSZx-USfsl4AaABAg;None;upDLs1sn7g4;@relevant3329;UCvdQwnc9RuGGlo7i0P5grnA;http://www.youtube.com/@relevant3329;Thank you man;Thank you man;0;0
Ugy3gfdeydaDDMOnDP94AaABAg;None;upDLs1sn7g4;@indianbuyers872;UCLGEK___8T9dsovp7XTlXng;http://www.youtube.com/@indianbuyers872;Thank you ❤;Thank you ❤;0;0
Ugw-LHQjY49bXjLkHGJ4AaABAg;None;upDLs1sn7g4;@talalahmad373;UC0HfG0-_d2brlUJXvdiJuEA;http://www.youtube.com/@talalahmad373;Thank you sir.;Thank you sir.;0;0
UgzyGyhIXXyh2EHHwYl4AaABAg;None;upDLs1sn7g4;@atnguyencong642;UCJQ1hUAXmb7AsvnV2h2Xn4w;http://www.youtube.com/@atnguyencong642;"I want to know your vs code theme. It&#39;s so cool";I want to know your vs code theme. It's so cool;1;0
UgykL4JuLCMqHdcxhxp4AaABAg;None;upDLs1sn7g4;@robnesha4561;UCwMJUCx8P1qBWJpdkF4GnyA;http://www.youtube.com/@robnesha4561;time to print hello world then put this on my resume;time to print hello world then put this on my resume;2;0
UgwK7D-WrE-7YpW7at94AaABAg;None;upDLs1sn7g4;@BrownBeauties-zy9ny;UCpFCfUb8Cx_KfDb5E02H59Q;http://www.youtube.com/@BrownBeauties-zy9ny;Excellent video;Excellent video;0;0
UgxhWsUKCEs5g26YgIZ4AaABAg;None;upDLs1sn7g4;@shubhamdandekar20;UCbyNvCHleoE7WLS-uHrgRtw;http://www.youtube.com/@shubhamdandekar20;so helpful to understand;so helpful to understand;0;0
UgwEFpwzpQcCwZhcUlt4AaABAg;None;upDLs1sn7g4;@abdelrhmanyousifgademgadem8183;UCvEmXFXOsZWk5ZSRYEJCCiA;http://www.youtube.com/@abdelrhmanyousifgademgadem8183;Great all project whith java script our css and html for why in code;Great all project whith java script our css and html for why in code;0;0
UgxFDK-vJJS-UFWb6up4AaABAg;None;upDLs1sn7g4;@marinastrong7977;UCBQXhWVLlBkviWWTjLD_DVg;http://www.youtube.com/@marinastrong7977;Thank u!;Thank u!;0;0
Ugw48fVeqbCr63wqEHp4AaABAg;None;upDLs1sn7g4;@HerPinterestDreams;UCB6oJunnM2pWJ0DGlzZxCRQ;http://www.youtube.com/@HerPinterestDreams;nice one. I always like ur videos.;nice one. I always like ur videos.;0;0
UgxFRPyqIykIkkJztwh4AaABAg;None;upDLs1sn7g4;@musicafe8906;UC0YjBh1CcrQzWY-tuf8FFiw;http://www.youtube.com/@musicafe8906;<b>Perfect</b> 😀;*Perfect* 😀;1;0
UgxPFFtXL1U209-pgcJ4AaABAg;None;upDLs1sn7g4;@delord.green59;UChr4TVCiscoby0pcLQtbZNw;http://www.youtube.com/@delord.green59;Thank u my friend I learn a lot from your content keep up the great work I got one question what language should I learn first as a complete begin tryna to learn coding and hacking;Thank u my friend I learn a lot from your content keep up the great work I got one question what language should I learn first as a complete begin tryna to learn coding and hacking;0;1
UgzFgk8bYo9agNMSDil4AaABAg;None;NKmasqr_Xkw;@BlendeRemasteredMind;UChtRYU-nbCdqiGLzlbwjA-g;http://www.youtube.com/@BlendeRemasteredMind;Short concise and full of knowledge, why does other people make explanation so difficult   thank you for the explanation;Short concise and full of knowledge, why does other people make explanation so difficult   thank you for the explanation;57;2
UgwwjGkudxJYJrG-HYV4AaABAg;None;NKmasqr_Xkw;@wesley25101;UC12QH4hOeer4yWdS_mR-Arw;http://www.youtube.com/@wesley25101;Mosh! I just wanted to say ou channel is very important to dev begginers around the world! <br>I learned english, so that I can have access to this free excelent content to clarify my view about a new subject in programming world! <br><br>Thank you and congratulations for the video!;"Mosh! I just wanted to say ou channel is very important to dev begginers around the world! 
I learned english, so that I can have access to this free excelent content to clarify my view about a new subject in programming world! 

Thank you and congratulations for the video!";9;1
UgzPl4VsjPzyAqotRkp4AaABAg;None;NKmasqr_Xkw;@runner6994;UCUQljxtBLjJfQ_FmXR6GShQ;http://www.youtube.com/@runner6994;"Great video and appreciate having this. At the <a href=""https://www.youtube.com/watch?v=NKmasqr_Xkw&amp;t=260"">4:20</a> mark, you suggest &quot;if not browsing_session: print(browsing_session[-1])&quot;. But wouldn&#39;t this fail. The &#39;not&#39; is true only if the list is empty so this would produce an error when true. Or am I missing something?";"Great video and appreciate having this. At the 4:20 mark, you suggest ""if not browsing_session: print(browsing_session[-1])"". But wouldn't this fail. The 'not' is true only if the list is empty so this would produce an error when true. Or am I missing something?";46;3
UgzGcNMmHLMzndP_lBJ4AaABAg;None;NKmasqr_Xkw;@normiesgaming8581;UCV3yWhWOhOI0GjBghuM2tNA;http://www.youtube.com/@normiesgaming8581;"My man. On every yt tutorial that I saw. This video is the one and only made me fully understand what stack is in python. Big thanks! God bless you :&gt;";My man. On every yt tutorial that I saw. This video is the one and only made me fully understand what stack is in python. Big thanks! God bless you :>;1;0
Ugx4OwiRRPW6X9Rdte54AaABAg;None;NKmasqr_Xkw;@mohitmuralialumullithody6650;UCasKWnfrazYhnFI7cZGpdgA;http://www.youtube.com/@mohitmuralialumullithody6650;Thank you for all these python videos Mosh!!;Thank you for all these python videos Mosh!!;8;1
UgyYG8mfmBDRgfTDKgp4AaABAg;None;NKmasqr_Xkw;@Pallavi-mk4nc;UCg_zj1RV2u5692JCTQH-LoQ;http://www.youtube.com/@Pallavi-mk4nc;Sir I loved your teaching 🙌🙌🙌<br>I started growing interest after watching your tutorial classes 👐;"Sir I loved your teaching 🙌🙌🙌
I started growing interest after watching your tutorial classes 👐";1;0
Ugx56t9dgQQIU0_GcLN4AaABAg;None;NKmasqr_Xkw;@SamTruce;UCGVgWubiJi_G4AtQ38lld4w;http://www.youtube.com/@SamTruce;the best stack implementation in python video on the internet.. 🥇;the best stack implementation in python video on the internet.. 🥇;0;0
UgwYUKzU7r5JERPUril4AaABAg;None;NKmasqr_Xkw;@suvendukumarmaharana5550;UCWiMZIDi3XOmeHNviGZfGwQ;http://www.youtube.com/@suvendukumarmaharana5550;Superb man ! You summed up the whole thing in just 5 mins. Great !;Superb man ! You summed up the whole thing in just 5 mins. Great !;6;0
Ugx5I92Lo4a6z1JIUgl4AaABAg;None;NKmasqr_Xkw;@shakhzod_shermatov;UC8mcgg7TKT7d06Vi0i8hy-A;http://www.youtube.com/@shakhzod_shermatov;"As always, Mosh&#39;s simplicity of explaining is the best!❤";As always, Mosh's simplicity of explaining is the best!❤;0;0
Ugxv5NfKkQvzLv8r2Cl4AaABAg;None;NKmasqr_Xkw;@mrunphotography;UCHnlkyzUAa7RgrM0tQFnCEg;http://www.youtube.com/@mrunphotography;Honestly this was succinct and educative;Honestly this was succinct and educative;0;0
UgwtSWSbTY67RQlaaXJ4AaABAg;None;NKmasqr_Xkw;@albertbunaj8435;UCbnbYHA-25gl1hjTWzfDz8A;http://www.youtube.com/@albertbunaj8435;best teacher for abdolute begginers;best teacher for abdolute begginers;0;0
UgzXcEbTUz6wqEktA5Z4AaABAg;None;NKmasqr_Xkw;@newdigitalera9994;UC6mensTN2AysYFA2ASk4vqg;http://www.youtube.com/@newdigitalera9994;Very nice sir.<br>Your teaching style is awesome;"Very nice sir.
Your teaching style is awesome";0;0
Ugx-oR1NOFR_bsJWLKR4AaABAg;None;NKmasqr_Xkw;@ashishdukare1313;UCN0Ze_2keJiYJpSzW_vAhuw;http://www.youtube.com/@ashishdukare1313;The last line <br>if not browsing_session:<br>    browsing_session[-1]<br><br>this should be :-<br>if browsing_session:<br>    browsing_session[-1]<br><br>Please correct me if I am wrong;"The last line 
if not browsing_session:
    browsing_session[-1]

this should be :-
if browsing_session:
    browsing_session[-1]

Please correct me if I am wrong";3;1
UgxrvMKLZ1qk8fp8d454AaABAg;None;NKmasqr_Xkw;@prashanttiwari120;UCaG2ZbD2TXnc-D3YRggpo1w;http://www.youtube.com/@prashanttiwari120;Hi Mosh please make tutorial on spring boot and especially spring security .It will be very useful for lots of people , especially of you are doing :);Hi Mosh please make tutorial on spring boot and especially spring security .It will be very useful for lots of people , especially of you are doing :);0;0
Ugw7QMozWJzOXw8V-T14AaABAg;None;NKmasqr_Xkw;@AM7012-t7u;UCV3nxOJ5dlZxOuyejbBopFg;http://www.youtube.com/@AM7012-t7u;Can you use the push method ?;Can you use the push method ?;0;0
UgwIa5KncIF29xbKBrZ4AaABAg;None;NKmasqr_Xkw;@miskellil4844;UCWA5tea73a-46XHcne1ympA;http://www.youtube.com/@miskellil4844;My respect 📌;My respect 📌;1;0
UgyNHmFoEoyMS-vc0GF4AaABAg;None;NKmasqr_Xkw;@nagasridevi9048;UC1CXwiqJcIEkP1ZweGovvYA;http://www.youtube.com/@nagasridevi9048;thanks;thanks;0;0
Ugx5KYoe4JJ6-3ERABx4AaABAg;None;NKmasqr_Xkw;@sathvikmalgikar2842;UCoK_mqE_h8ByZszswNI5KDg;http://www.youtube.com/@sathvikmalgikar2842;Great tutorial;Great tutorial;0;0
Ugy5iz3S1tFBRT9tLbx4AaABAg;None;NKmasqr_Xkw;@blackholesun4942;UCns67Ocn1KCiI5J2lq8VT7w;http://www.youtube.com/@blackholesun4942;Just a list with rules for data manipulation.;Just a list with rules for data manipulation.;0;0
Ugxy1RVAgxw_j8vEty14AaABAg;None;NKmasqr_Xkw;@EUU100;UCWL4J0JZn3FiVhRAH9cvzLQ;http://www.youtube.com/@EUU100;thank you;thank you;0;0
UgxFdNXEJrwffKwQe514AaABAg;None;NKmasqr_Xkw;@waleedkaleem4994;UCebsEcFq40tySg-HDey0pSg;http://www.youtube.com/@waleedkaleem4994;Hi i am waleed from pakistan sir i am BS computer science studend and i want do command in python language i watches your tutorials which is stupendous now i want to ask you that how can i good programmer please do you help me;Hi i am waleed from pakistan sir i am BS computer science studend and i want do command in python language i watches your tutorials which is stupendous now i want to ask you that how can i good programmer please do you help me;0;0
UgyFzvrUjNZEI2HF6q54AaABAg;None;NKmasqr_Xkw;@daksh_sagar;UCAvNQphdeaiGlZy5-huBlpA;http://www.youtube.com/@daksh_sagar;What is the color scheme of the editor its really pretty ?;What is the color scheme of the editor its really pretty ?;2;4
Ugxe8IHBwYCq85GsGYZ4AaABAg;None;NKmasqr_Xkw;@karimabrini;UCJiyzgs4yylsi9Nzpexe9Yg;http://www.youtube.com/@karimabrini;the Python course is for free Sir?;the Python course is for free Sir?;5;0
UgzbiKi9ifS4W8-Nzw94AaABAg;None;NKmasqr_Xkw;@ta3113ta;UCyWb0jmaDoQId2Uvq0gwK_A;http://www.youtube.com/@ta3113ta;very useful;very useful;0;0
Ugz2tFbPjlqNgPpJcGt4AaABAg;None;NKmasqr_Xkw;@Varshzzzz;UCRk0UYf_nKGRoVAn-ekv9Mw;http://www.youtube.com/@Varshzzzz;nice;nice;0;0
UgxLU9b-WNx55VanflR4AaABAg;None;NKmasqr_Xkw;@cullen3323;UCIwxjH2RwshtfOfz71Yw-dg;http://www.youtube.com/@cullen3323;I was way overthinking how stacks work;I was way overthinking how stacks work;0;0
UgzS0UyOpD7g1xtMOQh4AaABAg;None;NKmasqr_Xkw;@mata2773;UCP9eHWwq_sruDUpmGx1k9kw;http://www.youtube.com/@mata2773;perfect;perfect;0;0
UgwvJ1FimfIMId1Q-dl4AaABAg;None;NKmasqr_Xkw;@PhilippeRigovanov;UC-XgiAAwiXwFesuJjVYtZOA;http://www.youtube.com/@PhilippeRigovanov;If browsing_session:<br>!!!!!!!<br>If not browsing_session:<br>We will get an error!;"If browsing_session:
!!!!!!!
If not browsing_session:
We will get an error!";5;2
Ugx50ujJN63z2ZG6xPd4AaABAg;None;NKmasqr_Xkw;@ahmedsarker3555;UCZk2MCEIXzTHj0q6i7T91yQ;http://www.youtube.com/@ahmedsarker3555;how do you code for pop and push;how do you code for pop and push;0;0
UgyHFd2K_Zy5Lk-txqt4AaABAg;None;NKmasqr_Xkw;@jaroldgaspe467;UCc006YgwQ-S5iqaoIx50TmA;http://www.youtube.com/@jaroldgaspe467;what application did you use?;what application did you use?;0;0
UgwR71cmJCPlmkFLPBR4AaABAg;None;NKmasqr_Xkw;@Eva-tf5ud;UCamsMcSdYQ-0zDMDPyoAFAQ;http://www.youtube.com/@Eva-tf5ud;"and that&#39;s it? just basic list?";and that's it? just basic list?;1;1
UgxwUZBdGnieOKAG5JJ4AaABAg;None;NKmasqr_Xkw;@sjgsteve21;UCFN_a06kjcz6PAOirpFKaXQ;http://www.youtube.com/@sjgsteve21;But.. now you hit the forward button and get an error because you’ve deleted the last item in your list instead of just pointing to the previous item?;But.. now you hit the forward button and get an error because you’ve deleted the last item in your list instead of just pointing to the previous item?;0;0
UgzY3smU7CWU6FsVb7J4AaABAg;None;NKmasqr_Xkw;@exoticme4760;UC_3-YGlC8PepY6Pz2uan3xA;http://www.youtube.com/@exoticme4760;thnku;thnku;0;0
UgwmF0KmRmP2t1YY_sF4AaABAg;None;NKmasqr_Xkw;@MadlipzMarathi;UCTN0R15dOL8BLwtooLtC7Rw;http://www.youtube.com/@MadlipzMarathi;Browsers use LinkedList(double) not Stack;Browsers use LinkedList(double) not Stack;2;2
UgyvFROffj4Q3oK-xXR4AaABAg;None;NKmasqr_Xkw;@unlockwithjsr;UC_zsQfwfWZss4ivqAW6Zzkw;http://www.youtube.com/@unlockwithjsr;Wait, I thought browsers use double linked lists!?;Wait, I thought browsers use double linked lists!?;1;0
UgwWGGScQ8roZjlGT6Z4AaABAg;None;NKmasqr_Xkw;@JoinForACoffee;UClmVmt18RaDIR49yZe4lKdw;http://www.youtube.com/@JoinForACoffee;Last if statement is wrong;Last if statement is wrong;0;0
UgzNnZZKJo7KYoC_oyx4AaABAg;None;NKmasqr_Xkw;@kennessu4642;UCnyabboLS7yU0CP8if0iEHQ;http://www.youtube.com/@kennessu4642;genius;genius;0;0
UgyusPOlQEKr2lKylWp4AaABAg;None;NKmasqr_Xkw;@ronymacwan6302;UCf8YTnozHtcRWAbhGMzXHbQ;http://www.youtube.com/@ronymacwan6302;"from this logic,Help please!!<br><br>list1=[2,5,6,7]<br>  <br>last_element=list1.pop()<br>print(last_element)<br>print(list1)          # prints [2,5,6]<br><br>str1 = &quot;abcdefghijklmnopqrts&quot;<br>str2= str1.upper()<br>print(&quot;str1&quot;, str1)           <a href=""http://www.youtube.com/results?search_query=%23prints"">#prints</a> string as it is<br>print(&quot;str2&quot;, str2)            # prints string in uppercase<br><br><br>why did print(&quot;str1&quot;, str1) did not print in uppercase?";"from this logic,Help please!!

list1=[2,5,6,7]
  
last_element=list1.pop()
print(last_element)
print(list1)          # prints [2,5,6]

str1 = ""abcdefghijklmnopqrts""
str2= str1.upper()
print(""str1"", str1)           #prints string as it is
print(""str2"", str2)            # prints string in uppercase


why did print(""str1"", str1) did not print in uppercase?";1;2
UgwV1ptpp_Bc09YAFX14AaABAg;None;NKmasqr_Xkw;@donfeto7636;UCqK5nLeTyBRekVF33j7yFBg;http://www.youtube.com/@donfeto7636;`if not browsing_session:`    # it checks if stack empty then go and do  whatever    --this not correct, <br>it should be  `if stack: print`   means if stack have value go and do whatever;"`if not browsing_session:`    # it checks if stack empty then go and do  whatever    --this not correct, 
it should be  `if stack: print`   means if stack have value go and do whatever";0;0
UgynPRtOMpjKD02izzR4AaABAg;None;NKmasqr_Xkw;@willygafabusa4340;UC20FYTHFZ3bOfG_Z7FORMCg;http://www.youtube.com/@willygafabusa4340;As quick as a cock🤣🤣,short video but with content I needed,thanks Mr Mosh🙏;As quick as a cock🤣🤣,short video but with content I needed,thanks Mr Mosh🙏;0;1
Ugyhg3o6dlvXbEjmoTV4AaABAg;None;NKmasqr_Xkw;@daPizzaSkeleton;UC2kt4bIali9q-By8U9VgPYQ;http://www.youtube.com/@daPizzaSkeleton;Hey Mosh, which IDE are you using?;Hey Mosh, which IDE are you using?;4;2
UgzbRinpLl-O55SlhfB4AaABAg;None;NKmasqr_Xkw;@shauryagoyal911;UCwP7svrjgACrSdV11WPH-tA;http://www.youtube.com/@shauryagoyal911;which editor are you using?;which editor are you using?;0;2
UgzIPncm0wMeY6BT7pJ4AaABAg;None;NKmasqr_Xkw;@ErkanOkman;UCfItBmrBzj7ZBDaWESUeCHg;http://www.youtube.com/@ErkanOkman;👍👏;👍👏;0;0
UgwCseHlDciCe-dAtqx4AaABAg;None;NKmasqr_Xkw;@Varshzzzz;UCRk0UYf_nKGRoVAn-ekv9Mw;http://www.youtube.com/@Varshzzzz;gooe;gooe;0;0
Ugyv0dhwKVz1KWV6zuJ4AaABAg;None;N3AkSS5hXMA;@JustinReinhart;UCwBmx3IOJUmgm2SISF4uGjw;http://www.youtube.com/@JustinReinhart;"This video is so incredibly helpful. It should be required viewing before any React or Angular tutorial, period. So many people fail to give any overhead view before diving into their &quot;tutorial.&quot; This content is sorely needed everywhere. Thanks a ton.";"This video is so incredibly helpful. It should be required viewing before any React or Angular tutorial, period. So many people fail to give any overhead view before diving into their ""tutorial."" This content is sorely needed everywhere. Thanks a ton.";149;0
UgzBWLUk_xH_dqGn7wd4AaABAg;None;N3AkSS5hXMA;@revolutionnaman;UCFaCdL5ygISI-eB-vhbWEiA;http://www.youtube.com/@revolutionnaman;"One thing I like about you...&#39; Much content explained in less time, and that too in easy to follow format &#39;. Keep up the great work bro!";One thing I like about you...' Much content explained in less time, and that too in easy to follow format '. Keep up the great work bro!;149;3
UgyM_uvOmwzTUSeUlT54AaABAg;None;N3AkSS5hXMA;@martindotts8262;UCSlEz2_A803AyWMqR8dkjsA;http://www.youtube.com/@martindotts8262;I truly appreciate you giving us the definition from the start instead of a long and drawn out intro monologue.;I truly appreciate you giving us the definition from the start instead of a long and drawn out intro monologue.;11;0
Ugxeipg1x6oLEKroYbB4AaABAg;None;N3AkSS5hXMA;@commentscopyrightattorney5543;UCdmBZhpW74Nf7UxVolfqNSg;http://www.youtube.com/@commentscopyrightattorney5543;The best way to get your students to understand something quickly is by giving analogies and MOsh is clearly a pro with that.;The best way to get your students to understand something quickly is by giving analogies and MOsh is clearly a pro with that.;7;0
UgwaV0xoOJxvpgqW2Ih4AaABAg;None;N3AkSS5hXMA;@commentor4520;UC1PfieoQQwL9gVU_3suMeVw;http://www.youtube.com/@commentor4520;"Good video. Still not sure what &quot;React&quot; is, but hoping my husband can make lots of money using it. Thumbs UP!";"Good video. Still not sure what ""React"" is, but hoping my husband can make lots of money using it. Thumbs UP!";333;24
UgzkWaPqoZoZVVtDim54AaABAg;None;N3AkSS5hXMA;@3monsterbeast;UCwC_3ejQQ5GvfGeHI4qxGxA;http://www.youtube.com/@3monsterbeast;Love the colors you use, the intros on your videos, and your style of teaching! Love it;Love the colors you use, the intros on your videos, and your style of teaching! Love it;14;0
UgxuPYGY2DvP2TBi10F4AaABAg;None;N3AkSS5hXMA;@sanfran-switchcode5480;UCd3hqBq8I-KMHdiLAgva2oA;http://www.youtube.com/@sanfran-switchcode5480;Thank you so much. ive been learning this for a week and no one has concisely made me understand what react is/what its working with. great job.;Thank you so much. ive been learning this for a week and no one has concisely made me understand what react is/what its working with. great job.;10;0
Ugw5UjbLIYtOlM5mS2F4AaABAg;None;N3AkSS5hXMA;@rakeshmanathana;UCZrejvrwV974vn_ZkxEMpAQ;http://www.youtube.com/@rakeshmanathana;Great expanation. I am a newbie to  front end devolopment and were confused with things like Angular, Vue and React and what to choose for my project. This simple gave me clarity to my abstract understanding. Thank you very much. Moving forward with React!!;Great expanation. I am a newbie to  front end devolopment and were confused with things like Angular, Vue and React and what to choose for my project. This simple gave me clarity to my abstract understanding. Thank you very much. Moving forward with React!!;10;0
UgxRLwLPFbFwNkCWexZ4AaABAg;None;N3AkSS5hXMA;@maljuburi;UCfN0tQjo50Ff2G6gAniZJ2g;http://www.youtube.com/@maljuburi;Thank you Mosh, I already purchased Two of your courses on Udemy. I love the way you explain. Your one of my favorite teachers 👍🏻;Thank you Mosh, I already purchased Two of your courses on Udemy. I love the way you explain. Your one of my favorite teachers 👍🏻;40;0
Ugzc1xywxsaaaIp11mp4AaABAg;None;N3AkSS5hXMA;@fsmdeveloper6468;UCN1BgHN26bteIWFxbYnvroQ;http://www.youtube.com/@fsmdeveloper6468;"You are the best instructor I&#39;ve ever seen in my life! love you boss!!  😍😍😍";You are the best instructor I've ever seen in my life! love you boss!!  😍😍😍;2;0
UgyCohn5eyWDraTQ5ih4AaABAg;None;N3AkSS5hXMA;@dandyson6116;UC2xoY_G8vHqHrNZB4tR5nog;http://www.youtube.com/@dandyson6116;I have been looking for a visual way to understand React. I finally get it from this video. You have yourself a new subscriber! Thanks so much for sharing;I have been looking for a visual way to understand React. I finally get it from this video. You have yourself a new subscriber! Thanks so much for sharing;24;0
Ugw0shLWytxj-ztDncZ4AaABAg;None;N3AkSS5hXMA;@leeritenour;UCiRqM6phKZy4BF2P04r4WYg;http://www.youtube.com/@leeritenour;Excellent as always! Just got blown away by the 4.5 min explanation.;Excellent as always! Just got blown away by the 4.5 min explanation.;2;0
UgxHQHjGd2xHMTyldAp4AaABAg;None;N3AkSS5hXMA;@AlexAguirreNHRSO;UCSc7qmLvvu-jF7fwIRZjCWA;http://www.youtube.com/@AlexAguirreNHRSO;In taking a course, it was never explained so clearly why react was created in the first place, what purpose did it serve. Looking at the FB app now, I can see why is so powerful to isolate each moving piece in a mega app. Thank you for that explanation;In taking a course, it was never explained so clearly why react was created in the first place, what purpose did it serve. Looking at the FB app now, I can see why is so powerful to isolate each moving piece in a mega app. Thank you for that explanation;0;0
UgwwO27fo906lgo3F454AaABAg;None;N3AkSS5hXMA;@SoloWanderer25;UCWupy7o_0NFY-oqCpEmKOVA;http://www.youtube.com/@SoloWanderer25;I never skip any ad on this Youtube channel, Loads of information at my fingertips!!! ❤️ Thankyou So much;I never skip any ad on this Youtube channel, Loads of information at my fingertips!!! ❤️ Thankyou So much;0;0
UgxbXn_ugjnvZmdwwmp4AaABAg;None;N3AkSS5hXMA;@collynchristopherbrenner3245;UCtsQQrvDMkY5NeGKKhfhlUQ;http://www.youtube.com/@collynchristopherbrenner3245;Excellent overview of React. I appreciate your efforts in putting this together and sharing it.;Excellent overview of React. I appreciate your efforts in putting this together and sharing it.;4;0
UgxGtCzNjlPoBKNyCPV4AaABAg;None;N3AkSS5hXMA;@SuperstudentAcademy;UCOoa-eVuw-O57xpnuwFoZMQ;http://www.youtube.com/@SuperstudentAcademy;i love this style of teaching, esp the use of the twitter example. so much easy to understand instead of the usual esoteric monologue of other tutorials  haha;i love this style of teaching, esp the use of the twitter example. so much easy to understand instead of the usual esoteric monologue of other tutorials  haha;0;0
UgzoFsuWSn70VZDsNft4AaABAg;None;N3AkSS5hXMA;@tatesuh3651;UCHfWGZWHimxeWMzvgj2C0yw;http://www.youtube.com/@tatesuh3651;"<a href=""https://www.youtube.com/watch?v=N3AkSS5hXMA&amp;t=187"">3:07</a> thanks for making the pp bruv respect";3:07 thanks for making the pp bruv respect;22;1
UgxHPvJNwB3hW1wNwXt4AaABAg;None;N3AkSS5hXMA;@hamzaali228;UCLT7cyRJOyWXHdsVniu2koQ;http://www.youtube.com/@hamzaali228;Mosh bro i am the big big big fan of yours form Pakistan.<br>I am starting following you when i watch your react.js course you are outstanding, amazing, fabolous,  mind-blowing, uncaptionable;"Mosh bro i am the big big big fan of yours form Pakistan.
I am starting following you when i watch your react.js course you are outstanding, amazing, fabolous,  mind-blowing, uncaptionable";0;0
UgxeHoCYd4mKlRoDuFp4AaABAg;None;N3AkSS5hXMA;@prakashpawar1709;UCsEj6icxCV7ulaeCeWy-eVg;http://www.youtube.com/@prakashpawar1709;Your channel is gold mine for new diggers thanks for making such a well explained video library.;Your channel is gold mine for new diggers thanks for making such a well explained video library.;1;0
Ugw6nfnAhV7M4pvevBl4AaABAg;None;N3AkSS5hXMA;@manyfailsonewin4352;UC4h7MxoHAplOssDlPPfhQYw;http://www.youtube.com/@manyfailsonewin4352;welp, now i know what react is.  that was really well done. thanks.;welp, now i know what react is.  that was really well done. thanks.;1;0
Ugwo3tWDsrnZaoBLW0t4AaABAg;None;N3AkSS5hXMA;@Shikigami6;UC6zfFkV5joj5u_0O497bPCg;http://www.youtube.com/@Shikigami6;Great overview! Both visual and content. Thank you!;Great overview! Both visual and content. Thank you!;3;0
Ugz9X8rZHrDBdGPLjyl4AaABAg;None;N3AkSS5hXMA;@vasirus9449;UC5GFZJ0jZ47VWpAUAfClWxQ;http://www.youtube.com/@vasirus9449;"Thank you for making these videos. They&#39;re really clear and concise.";Thank you for making these videos. They're really clear and concise.;1;0
Ugy6yD0YGRL3l0kykEN4AaABAg;None;N3AkSS5hXMA;@yodhakei;UCE5TRBn8LlYI9Cmq4FIPOLg;http://www.youtube.com/@yodhakei;Thank you.. still need to understand better.. but for a complete and total novice like me, it helps me a bit.. and this video and the way you composed it helped me not only to understand a little bit but also would help me pursue to go for more clearer understanding.. helped me hold onto the curiosity to learn .. Thank you!;Thank you.. still need to understand better.. but for a complete and total novice like me, it helps me a bit.. and this video and the way you composed it helped me not only to understand a little bit but also would help me pursue to go for more clearer understanding.. helped me hold onto the curiosity to learn .. Thank you!;0;0
UgzKf-dwy_6kv6c_Z-94AaABAg;None;N3AkSS5hXMA;@nebiyuelias1;UCKvntGySifSxdaCzPHDWOow;http://www.youtube.com/@nebiyuelias1;I really admire your explanation Mosh!;I really admire your explanation Mosh!;12;0
UgxR7xD85UbrANC6FbV4AaABAg;None;N3AkSS5hXMA;@telecoicon;UCQE_ni_ZjdCKqTDGTch8p6Q;http://www.youtube.com/@telecoicon;I am a newbie in programming. Your videos helped me alot in learning Python. Now I am viewing this video.;I am a newbie in programming. Your videos helped me alot in learning Python. Now I am viewing this video.;0;0
Ugx0SyxrGdScst0dWeJ4AaABAg;None;N3AkSS5hXMA;@mayankraj2598;UCRsfYW-ivcmnE7GCryJxidw;http://www.youtube.com/@mayankraj2598;This is an amazing video to understand how React works for someone who is starting out. Thanks!;This is an amazing video to understand how React works for someone who is starting out. Thanks!;0;0
UgwxdynyjgGMUN9Wel14AaABAg;None;N3AkSS5hXMA;@MdAlamin-y5v5y;UCkxaq23Y8Q4AdkrFoaTOZ8Q;http://www.youtube.com/@MdAlamin-y5v5y;This helped me with [insert task]. You’re a lifesaver! 😇;This helped me with [insert task]. You’re a lifesaver! 😇;0;0
UgzKnbGxFHdS_J9zkJx4AaABAg;None;N3AkSS5hXMA;@HaHaiCuongK18HCM;UCe7BoMYxqaWgvHz9LZfIKoA;http://www.youtube.com/@HaHaiCuongK18HCM;man. This video is crazy for overviewing javascript knowledge. Thank you so much;man. This video is crazy for overviewing javascript knowledge. Thank you so much;0;0
UgwqreyJEcTKBU4wHXN4AaABAg;None;N3AkSS5hXMA;@gespinozae;UCImT1uUL5voQGd68Cnp6yUA;http://www.youtube.com/@gespinozae;Man I love your videos and how easy you explain complex concepts;Man I love your videos and how easy you explain complex concepts;1;0
UgyMPugGMP37XWfQi9l4AaABAg;None;N3AkSS5hXMA;@gamerzzzzzzzzzzzzzzzzzzzzzzz;UC5UoM3OYVfogLigS3ri2D5w;http://www.youtube.com/@gamerzzzzzzzzzzzzzzzzzzzzzzz;Best explanation of React  JS that could ever be defined.;Best explanation of React  JS that could ever be defined.;0;0
UgwOdpJ-oTasywA3FT94AaABAg;None;N3AkSS5hXMA;@sivakrishna5557;UC2sWcvTw0nVQTatW53gGpHw;http://www.youtube.com/@sivakrishna5557;Very helpful to understand what React is in very quick short video.Thanks!;Very helpful to understand what React is in very quick short video.Thanks!;0;0
UgwbuZHOUJRvMiQbHDR4AaABAg;None;N3AkSS5hXMA;@amkamwebavenger3870;UC_SjXLXnUe-T0iSNeahIjbg;http://www.youtube.com/@amkamwebavenger3870;MOSH, I am learning a lots from your courses. You make things simple, clear and easy and I understand everything perfectly. I really like your style to teaching and presentations. I would love to see you create a tutorial on React and MySQL on the back-end. I want to be good on the back-end with MySQL and React on the Front-end, please MOSH. I see other courses but you and Brad Traversy are the best. Please help me out to become a full-stack web developer. Much Love and Respect for you guys.;MOSH, I am learning a lots from your courses. You make things simple, clear and easy and I understand everything perfectly. I really like your style to teaching and presentations. I would love to see you create a tutorial on React and MySQL on the back-end. I want to be good on the back-end with MySQL and React on the Front-end, please MOSH. I see other courses but you and Brad Traversy are the best. Please help me out to become a full-stack web developer. Much Love and Respect for you guys.;5;1
UgyiFpwAr4Kodl_ILU54AaABAg;None;N3AkSS5hXMA;@izzyr9590;UCqqH2GhJ0GUILvvXsQ5HeKQ;http://www.youtube.com/@izzyr9590;By far the clearest. Thank you so much!;By far the clearest. Thank you so much!;1;0
UgysEfnqD5wcv4go-sN4AaABAg;None;N3AkSS5hXMA;@LenVazroctstar;UCPdsrgTNmUPr9EehU8Lk8Ag;http://www.youtube.com/@LenVazroctstar;Amazing intro.. your intro always attracts me towards enrollment;Amazing intro.. your intro always attracts me towards enrollment;1;0
UgyfMo4j8FPjGMuWuVF4AaABAg;None;N3AkSS5hXMA;@harshitjoshi3082;UC5RvM-ETt8CAUghkO8ZmOPg;http://www.youtube.com/@harshitjoshi3082;I just love the way you explain every concept;I just love the way you explain every concept;4;0
Ugw3GNOR_b70Yu_XZ694AaABAg;None;N3AkSS5hXMA;@lancetakiguchi9756;UCW2dntacoV0YwmO1fNyqdlA;http://www.youtube.com/@lancetakiguchi9756;"I&#39;ve heard someone mention it&#39;s a libaray and not a framework, but this is the first time I&#39;ve heard a good explanation for what that difference means. Thanks for the short video";I've heard someone mention it's a libaray and not a framework, but this is the first time I've heard a good explanation for what that difference means. Thanks for the short video;1;0
Ugx3w6qLiEc4u16i5jR4AaABAg;None;N3AkSS5hXMA;@GroupThink;UCHuoYX-dg9UpmtSZ02L-T_w;http://www.youtube.com/@GroupThink;As mr mosh would say: beautiful !;As mr mosh would say: beautiful !;3;0
UgxrTE-NHk1B4S7H4CV4AaABAg;None;N3AkSS5hXMA;@jackli1924;UC7iMyuuDNn_O30UqrD4Ygyg;http://www.youtube.com/@jackli1924;Awesome video！Thank you Mosh. You explained React so concise and easy to understand!;Awesome video！Thank you Mosh. You explained React so concise and easy to understand!;0;0
Ugx48kDcNnPDnU2EmG14AaABAg;None;N3AkSS5hXMA;@raihanmdsiqbal9097;UCeNjvI-Rl53mFbzEsyi6ZLA;http://www.youtube.com/@raihanmdsiqbal9097;"Hey man mosh. Please release the react course on Udemy. It&#39;s been 2 years. Man even please please launch full stack courses for mern and mean along with projects. I hope you help us out.";Hey man mosh. Please release the react course on Udemy. It's been 2 years. Man even please please launch full stack courses for mern and mean along with projects. I hope you help us out.;8;0
UgxEOrujBn8NNh8aAnh4AaABAg;None;N3AkSS5hXMA;@ZRY-up1rj;UCpE6iRNtcdJXk-qxwUoVtvA;http://www.youtube.com/@ZRY-up1rj;as a deverlper, i personally like and prefer highly of React over angular, due to its simplicity and flexibility.;as a deverlper, i personally like and prefer highly of React over angular, due to its simplicity and flexibility.;0;0
Ugx2nKEM410k9AEuxE94AaABAg;None;N3AkSS5hXMA;@dondieggito1931;UCjjUPaSzaFyIsQaOAv6Jikg;http://www.youtube.com/@dondieggito1931;Cool, ima put it on my cv now.;Cool, ima put it on my cv now.;1;0
UgyIJkGzRVLbHXqbJNh4AaABAg;None;N3AkSS5hXMA;@saifkazi4649;UCYQTusbGMbp-woU1JVOSKNg;http://www.youtube.com/@saifkazi4649;Amazing as always. Cannot comprehend your skills. Thanks for the video. <br>Please remove the disturbing music from the background;"Amazing as always. Cannot comprehend your skills. Thanks for the video. 
Please remove the disturbing music from the background";1;0
UgwGeIJZYVYLQsEcv0B4AaABAg;None;N3AkSS5hXMA;@hassansall7181;UC9qh_UcDuaJZ1MfXz9GPQpw;http://www.youtube.com/@hassansall7181;"Thank you <br>I love your courses, <br>Can you make a signalR course, <br>There aren&#39;t many online courses about it";"Thank you 
I love your courses, 
Can you make a signalR course, 
There aren't many online courses about it";8;2
Ugz35CuNKbuiWuukFdh4AaABAg;None;N3AkSS5hXMA;@ThaChillz;UCuJfuMaizl3MDTDE2R9kC1g;http://www.youtube.com/@ThaChillz;Awesome video, very short but told me all the things I wanted to know.;Awesome video, very short but told me all the things I wanted to know.;1;0
UgxxZoUP_4EK2ONKfz54AaABAg;None;N3AkSS5hXMA;@JossinJax;UC7zhfna3tZVaVE4t8QOJ4BA;http://www.youtube.com/@JossinJax;Thanks for the info. I didn’t know what DOM was so i had to stop and learn that first.;Thanks for the info. I didn’t know what DOM was so i had to stop and learn that first.;0;0
UgwgJQ2WlrNDorgs7hB4AaABAg;None;N3AkSS5hXMA;@arslanramay7992;UC2-0rT-hyFd9TEPfGC8Ih7Q;http://www.youtube.com/@arslanramay7992;Awesome overview of React. Thanks Mosh;Awesome overview of React. Thanks Mosh;1;0
UgxNvNndR0dVeL0tyjd4AaABAg;None;N3AkSS5hXMA;@lltagged;UCEC6evVl8Ea3FcMcPQDbxjA;http://www.youtube.com/@lltagged;Great vid, good explanation. Exactly what I was looking for.;Great vid, good explanation. Exactly what I was looking for.;1;0
Ugx0uqY1diHP31Mb6WZ4AaABAg;None;N3AkSS5hXMA;@ArtfulBenutzer;UC2RTuQU5-gcx2BVJluPMTNg;http://www.youtube.com/@ArtfulBenutzer;Thank you. This is the summary i was looking for!;Thank you. This is the summary i was looking for!;0;0
Ugw7RLNRA9RcyuomTKx4AaABAg;None;N3AkSS5hXMA;@chaoticmind-z;UC1s6svGYI-4zjbLncKj6gcw;http://www.youtube.com/@chaoticmind-z;This was sooooooo good bro, thanks for making this!;This was sooooooo good bro, thanks for making this!;0;0
UgycPMBc99d9tvt3DRB4AaABAg;None;N3AkSS5hXMA;@amitgb;UCOtcbyJ_bSRMXaM6kEd_kNg;http://www.youtube.com/@amitgb;Awesomeness in 4.5 mins , if you want to know what exactly React is!!!;Awesomeness in 4.5 mins , if you want to know what exactly React is!!!;5;0
Ugxf_TJprFsJQ-MawB94AaABAg;None;v73-ps01c5w;@programmingwithmosh;UCWv7vMbMWH4-V0ZXdmDpPBA;http://www.youtube.com/@programmingwithmosh;"🚀Want to build your first Spring Boot application? Watch my Spring Boot tutorial here: <a href=""https://www.youtube.com/watch?v=gJrjgg1KVL4"">https://youtu.be/gJrjgg1KVL4?si=iyduMaeArvy2xlJg</a>";🚀Want to build your first Spring Boot application? Watch my Spring Boot tutorial here: https://youtu.be/gJrjgg1KVL4?si=iyduMaeArvy2xlJg;6;1
UgwPMnhlnAuX-q9Hal14AaABAg;None;v73-ps01c5w;@samwelsitta5089;UCyaqE6qOLDzPl01E_1lUHIg;http://www.youtube.com/@samwelsitta5089;I have already bought your springboot course. God bless you Mosh.;I have already bought your springboot course. God bless you Mosh.;35;8
UgxenATCH-Rewnq0D514AaABAg;None;v73-ps01c5w;@anuagasthya8927;UCLyv4S5AzwlBTx_N7ZgX-AA;http://www.youtube.com/@anuagasthya8927;I am not working now. my son is working but I follow you and listen whatever you upload to get how world is going on with tech, from India. good job;I am not working now. my son is working but I follow you and listen whatever you upload to get how world is going on with tech, from India. good job;3;0
UgxVZw0JCEwlbjQ6Pn14AaABAg;None;v73-ps01c5w;@FutureCodingStars;UCXCEXokpYE4oL3-r3hR0ebA;http://www.youtube.com/@FutureCodingStars;"This is a fantastic breakdown of Spring Boot&#39;s impact! It&#39;s so important for developers, especially those starting out, to understand not just what a technology does, but why it&#39;s a valuable skill for their future. The way you simplified the &quot;pain points&quot; Spring Boot solves really resonates, and it&#39;s a great reminder that even complex tools are built to make a developer&#39;s life easier. Thank you for sharing such a clear and insightful explanation.";"This is a fantastic breakdown of Spring Boot's impact! It's so important for developers, especially those starting out, to understand not just what a technology does, but why it's a valuable skill for their future. The way you simplified the ""pain points"" Spring Boot solves really resonates, and it's a great reminder that even complex tools are built to make a developer's life easier. Thank you for sharing such a clear and insightful explanation.";1;0
UgzwVO2I5Gc5iDbOogx4AaABAg;None;v73-ps01c5w;@AliChopani-ms4eo;UCfBC2BdIa8lIsnaqiFQ68oQ;http://www.youtube.com/@AliChopani-ms4eo;Thank you for your beneficial descriptions.<br>We always proud of Being a countryman with you 🇮🇷❤️;"Thank you for your beneficial descriptions.
We always proud of Being a countryman with you 🇮🇷❤️";1;0
UgzspiBA-U2hhBPEafN4AaABAg;None;v73-ps01c5w;@nareshs1788;UCvdGNqY9ILAbBCjtzxKKmtw;http://www.youtube.com/@nareshs1788;Most awaited course. Will be buying the course soon. @Mosh - when you are planning to release part 2.?;Most awaited course. Will be buying the course soon. @Mosh - when you are planning to release part 2.?;2;0
UgwU40l3w4RI0lgtRtd4AaABAg;None;v73-ps01c5w;@FatDudeFromSomewhere;UCEcMWnfuUnmeNZdT22eFj9Q;http://www.youtube.com/@FatDudeFromSomewhere;"Great  framework. And of course as always an excellent course. Thank you Mosh! I&#39;ve already gone throught it once to see what was in it for me. Exiting :)";Great  framework. And of course as always an excellent course. Thank you Mosh! I've already gone throught it once to see what was in it for me. Exiting :);2;0
UgxLQuljBE550aNrK9x4AaABAg;None;v73-ps01c5w;@white_blue_pearls;UCQIc01dw1A70zYMFr98fotw;http://www.youtube.com/@white_blue_pearls;Please make dotnet tutorial;Please make dotnet tutorial;4;0
Ugz-cqF3zZG-pq8njxV4AaABAg;None;v73-ps01c5w;@meekbronsen6668;UCz7IhRlg_AfRPYelIWO5sKw;http://www.youtube.com/@meekbronsen6668;"it&#39;s about damn time mosh, its about time.";it's about damn time mosh, its about time.;1;0
UgxkU2P5xQczqxI4dAV4AaABAg;None;v73-ps01c5w;@natzvales7888;UCyhxSjj9GXf1RyyFUaNCr2A;http://www.youtube.com/@natzvales7888;Hope there is part 3 for microservice.;Hope there is part 3 for microservice.;15;0
UgwXDkqU1hbx5zpwux54AaABAg;None;v73-ps01c5w;@Rija-s3m;UCd-RbN3Qua4uUlKQByiO-bQ;http://www.youtube.com/@Rija-s3m;"Sir please please please make a detailed lecture series or a single video on LINKED LISTS on C++. I couldn&#39;t find any good lecture for lined lists for C++ (there were only for C language). And you teach each and everything perfectly so I really understand you. <br><br>We&#39;re studying C++ in our Data Structures course where we jave to learn LINKED LISTS as well as Arrays (C++) in future so please also consider making arrays detailed lectures please Sir 🥺.<br>Thanks for your previous lectures and teachings. I&#39;ll be waiting for your response and will post this comment again and again to get noticed by you 😶🥲...";"Sir please please please make a detailed lecture series or a single video on LINKED LISTS on C++. I couldn't find any good lecture for lined lists for C++ (there were only for C language). And you teach each and everything perfectly so I really understand you. 

We're studying C++ in our Data Structures course where we jave to learn LINKED LISTS as well as Arrays (C++) in future so please also consider making arrays detailed lectures please Sir 🥺.
Thanks for your previous lectures and teachings. I'll be waiting for your response and will post this comment again and again to get noticed by you 😶🥲...";0;0
UgyHl2y8U_GXHjavb3V4AaABAg;None;v73-ps01c5w;@true_visual;UCC2KAEXYHTLW_z54aOK22JA;http://www.youtube.com/@true_visual;We really would like to see a fresh .NET course... please!;We really would like to see a fresh .NET course... please!;2;0
Ugx6SEEXM2uQOFIuLjl4AaABAg;None;v73-ps01c5w;@abeladisu73;UCV3L1bFJs0Wn-Rmp9cVfPWg;http://www.youtube.com/@abeladisu73;Ow greate Mosh, i have experince in 1 years  in spring boot and i love coding on sprin boot in security its so amazing i have done so man y integration iwth like keycloak messageing serices even telegram bot and you have no idea how  the app seems. thanks you mosh;Ow greate Mosh, i have experince in 1 years  in spring boot and i love coding on sprin boot in security its so amazing i have done so man y integration iwth like keycloak messageing serices even telegram bot and you have no idea how  the app seems. thanks you mosh;0;0
UgygU_bpfQcByj0ZO8d4AaABAg;None;v73-ps01c5w;@sundayucheawaji6206;UCgf6J0cy2B5mHdqfpmGxCeQ;http://www.youtube.com/@sundayucheawaji6206;"I purchased the first part. I&#39;m almost done with it. Hopefully the second part will be out soonest. I have a request Mosh. Please can we  have a third part for micro services";I purchased the first part. I'm almost done with it. Hopefully the second part will be out soonest. I have a request Mosh. Please can we  have a third part for micro services;6;0
UgymWCNPTz8dhZ5nLPx4AaABAg;None;v73-ps01c5w;@animesh_05_;UC9SLZ8Uyy1T0xT-IgrNbwqQ;http://www.youtube.com/@animesh_05_;Thanks for your hardwork;Thanks for your hardwork;1;0
UgxT7ZXkkUgCFXFD4cx4AaABAg;None;v73-ps01c5w;@mohamed4309;UC_UzsMiOMFRrinBfs0Ly4iA;http://www.youtube.com/@mohamed4309;mosh you have never talked about microservices. please create a roadmap java microservices;mosh you have never talked about microservices. please create a roadmap java microservices;0;0
Ugy-UCRse4ycR41t67N4AaABAg;None;v73-ps01c5w;@cyubahirorichard-d4s;UCfIURps7Uu1qViuPkmAz8lA;http://www.youtube.com/@cyubahirorichard-d4s;I like your so much mosh keep working 😊;I like your so much mosh keep working 😊;1;0
Ugzeog0N1YW3TL85lbl4AaABAg;None;v73-ps01c5w;@philippearras8154;UCWblAAcCSLl2VlbvTManwcg;http://www.youtube.com/@philippearras8154;Thank you !<br>Can you please think about a course on Golang and Rust ?<br>Thank you !;"Thank you !
Can you please think about a course on Golang and Rust ?
Thank you !";1;0
Ugz3_9A-ULnarqa-fD14AaABAg;None;v73-ps01c5w;@unick_career;UCZjk0dFhQqpkHZW_l2IMh_w;http://www.youtube.com/@unick_career;Sir, please make playlist on full stack development;Sir, please make playlist on full stack development;0;0
Ugz0gvC6yEkhRyENV4V4AaABAg;None;v73-ps01c5w;@oguzkhan-xxi;UCJE76kH2veTkMyFDZ6Jj-oQ;http://www.youtube.com/@oguzkhan-xxi;"Great info🎉. I was struggling to understand what&#39;s why all of the Spring, Spring Security, Spring Shell and Spring Boot are called &quot;Framework&quot;, now I understand what they&#39;re are. Thank you for making things clear everytime Mosh. You are the best 👍🫶🙌👍. I am so happy to be your student. I have already bought the first part of your spring boot course and waiting for the part 2.";"Great info🎉. I was struggling to understand what's why all of the Spring, Spring Security, Spring Shell and Spring Boot are called ""Framework"", now I understand what they're are. Thank you for making things clear everytime Mosh. You are the best 👍🫶🙌👍. I am so happy to be your student. I have already bought the first part of your spring boot course and waiting for the part 2.";3;1
UgxszB0xMUNwmUEGmAZ4AaABAg;None;v73-ps01c5w;@sadiiqmukhtaar-m3d;UCKDXCsXCOxmAUvANlDo7D8w;http://www.youtube.com/@sadiiqmukhtaar-m3d;Hi , mosh i learn from your courses more things god bless you teacher i have one request for you. Can you make a video for libraries of javascript every course that is in your courses i learn one library so make one vedio all of them thanks 😊;Hi , mosh i learn from your courses more things god bless you teacher i have one request for you. Can you make a video for libraries of javascript every course that is in your courses i learn one library so make one vedio all of them thanks 😊;0;0
Ugy_ksoHP4Kn8fZS4L54AaABAg;None;v73-ps01c5w;@TheRealCodeShow;UCyCKt6RmP81-BjIt4A8WsFA;http://www.youtube.com/@TheRealCodeShow;Hey mosh, I want to know what program do you use for editing this style of videos? Btw great video mate!;Hey mosh, I want to know what program do you use for editing this style of videos? Btw great video mate!;1;0
Ugw7H6IVf5KIwHLEbr94AaABAg;None;v73-ps01c5w;@saifmarza728;UCIUMoApkr56m98ucBXTeb1Q;http://www.youtube.com/@saifmarza728;We want next is a good software engineering roadmap pls and thank you so much.;We want next is a good software engineering roadmap pls and thank you so much.;0;0
UgwPCE5uZaoBp66Ue6V4AaABAg;None;v73-ps01c5w;@AMan-u8d7e;UCDVNOTvPCF8baXzAa9RfQZQ;http://www.youtube.com/@AMan-u8d7e;When will part 2 be available sir?;When will part 2 be available sir?;0;0
Ugzlxgveczu_8nsrhgV4AaABAg;None;v73-ps01c5w;@LeoAli-y2v;UCNnL0yQeQHkuWe1Qoa0gBbw;http://www.youtube.com/@LeoAli-y2v;Please make a roadmap for AI Engineering plzzzzz 😢;Please make a roadmap for AI Engineering plzzzzz 😢;0;0
UgxDz2kZ4gsTIXaX3lZ4AaABAg;None;v73-ps01c5w;@muhanadabdisamad4415;UC4XPDzk7jw3wmWtU_6-MQrA;http://www.youtube.com/@muhanadabdisamad4415;Please make a roadmap for MLops;Please make a roadmap for MLops;0;0
UgwMdj0kXh7YiiCEXt14AaABAg;None;v73-ps01c5w;@TheBlackKiller456;UC3aVMjGfh-tiITndQMMLa5w;http://www.youtube.com/@TheBlackKiller456;Thank you very very much !!! your channel is very Amazing !!!!!!!!!!!!!!!!!!!!!!!;Thank you very very much !!! your channel is very Amazing !!!!!!!!!!!!!!!!!!!!!!!;1;0
Ugzc_hL4PucuIGGn9Fx4AaABAg;None;v73-ps01c5w;@Nishanth_S;UCNn9jO1CFv_MX6KJUdQMDIw;http://www.youtube.com/@Nishanth_S;"Bro started to roast &quot;JHON SMITH - Super Coder&quot; 😂.<br>LOL<br><br>It&#39;s okay to other people to say &quot;AI is going to take your job&quot;. Because they don&#39;t know what is real software development is.<br>But it hurts when my fellow developers think in that way.";"Bro started to roast ""JHON SMITH - Super Coder"" 😂.
LOL

It's okay to other people to say ""AI is going to take your job"". Because they don't know what is real software development is.
But it hurts when my fellow developers think in that way.";1;0
UgxSXyEsKGfM3aIZEkF4AaABAg;None;v73-ps01c5w;@pr9y1n5hu;UCaaxBvVprY8nR94xfIwJUsA;http://www.youtube.com/@pr9y1n5hu;Sir please make available the cyber security roadmap pdf;Sir please make available the cyber security roadmap pdf;3;0
UgyUBOD8r35e_LaeqZ94AaABAg;None;v73-ps01c5w;@eliashaider6857;UCgIFWSxzAbSJtNFer3vNSpQ;http://www.youtube.com/@eliashaider6857;"Worked with spring for 5+ years and its just incredibly slow and hard to debug in it&#39;s enterprise feature rich glory. Micronaut or quarkus are better though some of the pitfalls remain as inevitable parts of the jvm. I&#39;d recommend anyone to stay as far away from spring as possible if they dont have to use it";Worked with spring for 5+ years and its just incredibly slow and hard to debug in it's enterprise feature rich glory. Micronaut or quarkus are better though some of the pitfalls remain as inevitable parts of the jvm. I'd recommend anyone to stay as far away from spring as possible if they dont have to use it;10;3
UgxJvkotEb9JYTUTw4l4AaABAg;None;v73-ps01c5w;@mr._jgp;UCZdMHLQlZr7bRDBTrNA_jDQ;http://www.youtube.com/@mr._jgp;I already bought your spring boot course. Do you know when part 2 will release? Thanks;I already bought your spring boot course. Do you know when part 2 will release? Thanks;0;0
UgwVvq0qXU93xl8v4K54AaABAg;None;v73-ps01c5w;@AltanAoqir;UCfg3Twcjajt0vMAFoEXQBOw;http://www.youtube.com/@AltanAoqir;After reading the first part of Spring boot, when will part two be released?;After reading the first part of Spring boot, when will part two be released?;0;0
UgwIu5gDigcWIX5E-R94AaABAg;None;v73-ps01c5w;@ElDesoukyMomtazEx;UCV9bJT2GsdQXmDsJl0wkV_Q;http://www.youtube.com/@ElDesoukyMomtazEx;"Please, I would like your advice and opinion on this Master&#39;s program in Digital Transformation.<br><br>Course content :<br>1_ Digital Transformation in Organization.<br>2_ Information Security.<br>3_ Artificial intelligence practices.<br>4_ Research Methodology.<br>5_ ICT Governance Management.<br>6_ Business Intelligence and Analytics.<br>7_ Blockchain technology .<br>8_ Internet of Things in Practice.<br>9_ Cloud Computing.<br><br>Which is better in terms of job opportunities and future <br>Digital Transformation <br>Or <br>Business Intelligence and Analytics <br>Or Data Science ?";"Please, I would like your advice and opinion on this Master's program in Digital Transformation.

Course content :
1_ Digital Transformation in Organization.
2_ Information Security.
3_ Artificial intelligence practices.
4_ Research Methodology.
5_ ICT Governance Management.
6_ Business Intelligence and Analytics.
7_ Blockchain technology .
8_ Internet of Things in Practice.
9_ Cloud Computing.

Which is better in terms of job opportunities and future 
Digital Transformation 
Or 
Business Intelligence and Analytics 
Or Data Science ?";2;0
Ugz03d0zNJlCJuDdn154AaABAg;None;v73-ps01c5w;@lakshmiranil;UClHhTaWna3C6H4q2PfOv28A;http://www.youtube.com/@lakshmiranil;Do you have plan to upload Big Data Hadoop, Spark, databricks  course?;Do you have plan to upload Big Data Hadoop, Spark, databricks  course?;0;0
UgzyCMhs_mGOoe5Vh4p4AaABAg;None;v73-ps01c5w;@imfreke;UCOAAGIJfcxSLkTWE4dZmaoQ;http://www.youtube.com/@imfreke;Please can you give a tutorial on dart;Please can you give a tutorial on dart;0;0
Ugzhf4Yy_uOXq5Eua5p4AaABAg;None;v73-ps01c5w;@TheBlackKiller456;UC3aVMjGfh-tiITndQMMLa5w;http://www.youtube.com/@TheBlackKiller456;"<a href=""UCkszU2WH9gy1mb0dV-11UJg/m8MfY4jbFsWJhL0PyouA2Ak""></a><a href=""UCkszU2WH9gy1mb0dV-11UJg/m8MfY4jbFsWJhL0PyouA2Ak""></a><a href=""UCkszU2WH9gy1mb0dV-11UJg/m8MfY4jbFsWJhL0PyouA2Ak""></a><a href=""UCkszU2WH9gy1mb0dV-11UJg/m8MfY4jbFsWJhL0PyouA2Ak""></a><a href=""UCkszU2WH9gy1mb0dV-11UJg/HvgfY93GEYmqvwLUuYDwAQ""></a><a href=""UCkszU2WH9gy1mb0dV-11UJg/HvgfY93GEYmqvwLUuYDwAQ""></a><a href=""UCkszU2WH9gy1mb0dV-11UJg/HvgfY93GEYmqvwLUuYDwAQ""></a>";;1;0
UgzLskTwTwTQrPF0JoF4AaABAg;None;v73-ps01c5w;@AliSinaGhulami-f3h;UCEEWS9GQc5vFjhu78tbnfBw;http://www.youtube.com/@AliSinaGhulami-f3h;AI engineering roadmap!!!! plzzzzzzzzzzzzzzzzzzzzzzzzz;AI engineering roadmap!!!! plzzzzzzzzzzzzzzzzzzzzzzzzz;0;0
UgxeXxrPvTiBWGnukKJ4AaABAg;None;v73-ps01c5w;@shreehari2589;UCKBdzEvRm-Vvy-C4fFcF-Bw;http://www.youtube.com/@shreehari2589;Can you add an option to purchase one course and own it forever, kind of like Udemy?;Can you add an option to purchase one course and own it forever, kind of like Udemy?;0;0
UgyfH3LFuFwxriNT0N94AaABAg;None;v73-ps01c5w;@aymenbachiri-yh2hd;UC37bqhTm2SQ1SrUBKBgm8lA;http://www.youtube.com/@aymenbachiri-yh2hd;Nice video;Nice video;0;0
UgyXKYTzHYocP38M0sp4AaABAg;None;v73-ps01c5w;@ahdhozayen3032;UCopGnYUwK3KfCzcBxPENpiw;http://www.youtube.com/@ahdhozayen3032;Hi Mosh.<br>Thak you for your efforts, i am following you since the beginning 😊.<br>My question is, i am a django deveoper for more than 6 years and i am thinking of switching to spring boot. What do you think?! Is it a good decision 🤔 or there is another good one;"Hi Mosh.
Thak you for your efforts, i am following you since the beginning 😊.
My question is, i am a django deveoper for more than 6 years and i am thinking of switching to spring boot. What do you think?! Is it a good decision 🤔 or there is another good one";0;0
UgxjbdjmFntc83SQMF54AaABAg;None;v73-ps01c5w;@sivakumarravi-z1x;UCZu5AUjlyJzFFB0-DxgIAbA;http://www.youtube.com/@sivakumarravi-z1x;Hey mosh Quantum computing roadmap... Quantum computing language making vide need;Hey mosh Quantum computing roadmap... Quantum computing language making vide need;0;0
Ugyw0F5M6XcbuS18UI54AaABAg;None;v73-ps01c5w;@SteveNewman1955;UCw06vKjelA037PozezK9nxg;http://www.youtube.com/@SteveNewman1955;we need a part 3 <br>for microservices;"we need a part 3 
for microservices";1;0
UgzQU25RYHt-2_WaYnB4AaABAg;None;v73-ps01c5w;@champfisk5613;UCLmf631EXtG436dYRbjMkYA;http://www.youtube.com/@champfisk5613;I’m sure that Glassdoor salary is inaccurate;I’m sure that Glassdoor salary is inaccurate;0;0
UgxyTzYNOF6YiNtw5rx4AaABAg;None;v73-ps01c5w;@eduardoramosa;UC5zfHhT6ujut5_HNuHcOoXQ;http://www.youtube.com/@eduardoramosa;Sir, the toolbox shown on screen doesn’t contain a single tool, just shapes 😅;Sir, the toolbox shown on screen doesn’t contain a single tool, just shapes 😅;0;0
UgztHtUVPKj92Iwz2Hh4AaABAg;None;v73-ps01c5w;@STARNUT286;UCN5Yb29hfqvOcfxe-NJ1m9w;http://www.youtube.com/@STARNUT286;How to play bouncing Square in python make video for this please 🙏;How to play bouncing Square in python make video for this please 🙏;0;0
Ugy8eiH5PBNUwHDbq314AaABAg;None;v73-ps01c5w;@GeniusHawlah;UC0J-pAzZuY0YbGq7KyCldkA;http://www.youtube.com/@GeniusHawlah;Do you have a course on Nest?;Do you have a course on Nest?;0;0
Ugz8ZqjNgbvu5HSJI8J4AaABAg;None;v73-ps01c5w;@上岛咖啡-s9b;UCM6geH2cPnET1QiLCAR_QYA;http://www.youtube.com/@%E4%B8%8A%E5%B2%9B%E5%92%96%E5%95%A1-s9b;What’s the best tech stack for remote contractors 😢;What’s the best tech stack for remote contractors 😢;0;0
UgyplYD60pGPrMKCOJF4AaABAg;None;v73-ps01c5w;@TheBlackKiller456;UC3aVMjGfh-tiITndQMMLa5w;http://www.youtube.com/@TheBlackKiller456;"you&#39;re the best programmer !!!!!!!!!!!!!!!!!!!! Continue !!!!!!!!!!!!!!!!!!!!!!!!!!!!!!!!!!!!!!!!!!!";you're the best programmer !!!!!!!!!!!!!!!!!!!! Continue !!!!!!!!!!!!!!!!!!!!!!!!!!!!!!!!!!!!!!!!!!!;1;0
Ugz1HKjfrCQpJjruG2p4AaABAg;None;v73-ps01c5w;@ahmedshehata7783;UCyuk-G4RTfJtKQCOp0hDFgw;http://www.youtube.com/@ahmedshehata7783;Hello Mosh<br>Thanks for this amazing course I really like it, will there be a discount on the SQL course?;"Hello Mosh
Thanks for this amazing course I really like it, will there be a discount on the SQL course?";0;0
Ugz95IS_PMvtVr5OsY54AaABAg;None;v73-ps01c5w;@mbg1322;UCXeoJLjDCFKXp92H8Q3-8ZA;http://www.youtube.com/@mbg1322;I am stuck on which of the two programming languages to learn, between C# and Java which one would you advice someone to learn (exclude the difficulty) and why would you advice that language?  I asked this because I see you might have converted from dotnet to java;I am stuck on which of the two programming languages to learn, between C# and Java which one would you advice someone to learn (exclude the difficulty) and why would you advice that language?  I asked this because I see you might have converted from dotnet to java;3;3
UgxSZUvkuVcwq3ASTI14AaABAg;None;fZmQ_aPXJAM;@lettechtutorials;UCZ9MeHTW5D3Q83oKnajqcSQ;http://www.youtube.com/@lettechtutorials;1. AI / ML <br>2. Data Scientist<br>3. Cyber Security<br>4. Cloud Engineer<br>5. DevOps Engineer<br>6. Full-stack Developer<br>7. Blockchain Developer;"1. AI / ML 
2. Data Scientist
3. Cyber Security
4. Cloud Engineer
5. DevOps Engineer
6. Full-stack Developer
7. Blockchain Developer";295;6
UgwcM7igoWFW4qyTC-V4AaABAg;None;fZmQ_aPXJAM;@1337Matteo;UCEFUN54GjevREDb0nf7IB0Q;http://www.youtube.com/@1337Matteo;"I am not a seasoned developer, however what I have taken from years of learning different I.T roles and industries is that the high demand jobs are ones that are sub-sets of many popular roles, like, as mentioned - QA, Architect’s etc. <br><br>Another trick that I think a lot of people miss here is that these videos create market flooding.<br><br>Take this for example, everyone runs off now to learn AI programming/development.<br><br>In 5 years time everyone will be doing it, what happens is the previously in demand jobs that are currently considered dead. Are now back in high demand because people aren’t learning and practicing them.   <br><br>Pick something that interest’s you, or you have no hope. Find a role/niche within that sector, practice and build stuff, and a portfolio - the rest is history. <br><br>Old languages like java and c++ are still in high demand, because they have had their hype, and now stabilised. <br><br>This is required with all languages/tech roles. <br><br>Currently everyone is learning python &amp; AI - facts.";"I am not a seasoned developer, however what I have taken from years of learning different I.T roles and industries is that the high demand jobs are ones that are sub-sets of many popular roles, like, as mentioned - QA, Architect’s etc. 

Another trick that I think a lot of people miss here is that these videos create market flooding.

Take this for example, everyone runs off now to learn AI programming/development.

In 5 years time everyone will be doing it, what happens is the previously in demand jobs that are currently considered dead. Are now back in high demand because people aren’t learning and practicing them.   

Pick something that interest’s you, or you have no hope. Find a role/niche within that sector, practice and build stuff, and a portfolio - the rest is history. 

Old languages like java and c++ are still in high demand, because they have had their hype, and now stabilised. 

This is required with all languages/tech roles. 

Currently everyone is learning python & AI - facts.";206;15
UgxNIRzfi1Bh3BxHzPZ4AaABAg;None;fZmQ_aPXJAM;@MuhammadFarooq-ry6ce;UCRzMfQitDiiUkiMybSOPW1g;http://www.youtube.com/@MuhammadFarooq-ry6ce;I guess every tech career is high paying if you are good in it and use your skills in good ways;I guess every tech career is high paying if you are good in it and use your skills in good ways;153;2
UgwShsWAXm60rMWW0Yx4AaABAg;None;fZmQ_aPXJAM;@smshohag6205;UCD9HnNuHpua0_T_3jtPsHEQ;http://www.youtube.com/@smshohag6205;"I can&#39;t skip any content from Mosh&#39;s channel! I love him so much as an instructor. 🥰🥰🥰";I can't skip any content from Mosh's channel! I love him so much as an instructor. 🥰🥰🥰;58;4
Ugz8BKjK9keJN0sr4_V4AaABAg;None;fZmQ_aPXJAM;@thembisilemathibela9758;UCbxQf3OJhf3vtADFDZFjefw;http://www.youtube.com/@thembisilemathibela9758;"Thank you, Mosh. I&#39;m about to finish my full stack web development bootcamp, you mentioning full stack has propelled me to work even harder to complete my course. Will continue learning and sharpening my new found skill set...";Thank you, Mosh. I'm about to finish my full stack web development bootcamp, you mentioning full stack has propelled me to work even harder to complete my course. Will continue learning and sharpening my new found skill set...;13;0
UgxIYAgs2K5DUOvsAwh4AaABAg;None;fZmQ_aPXJAM;@Scripter_js;UC-LvCOX2dJKYx_SMS8nzh1g;http://www.youtube.com/@Scripter_js;Aspiring Full stack software engineer, currently learning frontend;Aspiring Full stack software engineer, currently learning frontend;36;8
Ugz0Au642IHvxBXCaPV4AaABAg;None;fZmQ_aPXJAM;@DonaldJevgenjevichPanasonic;UCblj5CsycJRywg8T0fg7HGw;http://www.youtube.com/@DonaldJevgenjevichPanasonic;"If you wanna get in Tech, choose field and role which you can imagine being your hobby. If there&#39;s no such role, Tech is not for you.";If you wanna get in Tech, choose field and role which you can imagine being your hobby. If there's no such role, Tech is not for you.;144;10
UgyT44fLgy-xqSbSHZx4AaABAg;None;fZmQ_aPXJAM;@JF-if8jh;UCU7uUe2SLycHt6g1Ecuif_w;http://www.youtube.com/@JF-if8jh;The only issue is none of these roles are not hiring for the entry level;The only issue is none of these roles are not hiring for the entry level;531;31
UgytUTbPQzhKtFYFMeB4AaABAg;None;fZmQ_aPXJAM;@kriscodes2695;UCBYs7RIc6foUxjpLbbw8nrQ;http://www.youtube.com/@kriscodes2695;"I started with Mosh in 2018. It was hard getting my first job. The market is not what it was in COVID but don&#39;t give up. You will find something.";I started with Mosh in 2018. It was hard getting my first job. The market is not what it was in COVID but don't give up. You will find something.;25;3
UgyAq_CSaQxFAC4fr5x4AaABAg;None;fZmQ_aPXJAM;@KIRUBEL-e4k;UCpFKnRY3uc5JXk1JpoiTvTw;http://www.youtube.com/@KIRUBEL-e4k;Now i am learning fullstack development in Ethiopia but i will also go to AI gradually through remote work;Now i am learning fullstack development in Ethiopia but i will also go to AI gradually through remote work;20;4
Ugy0kX7RtJmTXA3OuV54AaABAg;None;fZmQ_aPXJAM;@rachwanharb5781;UC4c336dJaqg0y8fys9sJJzg;http://www.youtube.com/@rachwanharb5781;"Video starts at <a href=""https://www.youtube.com/watch?v=fZmQ_aPXJAM&amp;t=98"">01:38</a>";Video starts at 01:38;15;1
UgyPkiNWWqeTT5tXWd14AaABAg;None;fZmQ_aPXJAM;@sameerhassan262;UC5jixhk7fE_yvuDp6EG-ThQ;http://www.youtube.com/@sameerhassan262;please make a video on data engineering field, discuss the technology  its demand in the tech industry  , salaries, and how to  learn it.;please make a video on data engineering field, discuss the technology  its demand in the tech industry  , salaries, and how to  learn it.;6;0
UgzmX4Sf42LJ76xuyqJ4AaABAg;None;fZmQ_aPXJAM;@eman0828;UC-JvUXNo4tffbUj8i8Y9zTg;http://www.youtube.com/@eman0828;MLOps Engineer (Machine Learning Operations) is in high demand, a far new DevOps Engineer role that specializes in deploying models.;MLOps Engineer (Machine Learning Operations) is in high demand, a far new DevOps Engineer role that specializes in deploying models.;4;0
Ugy75UDfkBOeTw1sWd54AaABAg;None;fZmQ_aPXJAM;@razashah7881;UCVoGNHzhGOp-MuGVO_s_E7w;http://www.youtube.com/@razashah7881;"I am happy to see that full-stack developer&#39;s demand is increasing. I am learning also full-stack Web Development.";I am happy to see that full-stack developer's demand is increasing. I am learning also full-stack Web Development.;2;0
UgzfE1Rq6eO09Vn5xE94AaABAg;None;fZmQ_aPXJAM;@JosephCloudLabs;UCpEB2Afm-oFagB9vUydAdLQ;http://www.youtube.com/@JosephCloudLabs;"I&#39;m excited about the Cloud engineering career and I have already passed my AWS Solution Archtect certificate and in 2025 I am starting my biggest 7 projects which will help me to standout for the interviews.";I'm excited about the Cloud engineering career and I have already passed my AWS Solution Archtect certificate and in 2025 I am starting my biggest 7 projects which will help me to standout for the interviews.;20;4
UgxSroV-4-vkML7X5cB4AaABAg;None;fZmQ_aPXJAM;@saikonuru;UCcuKTv8wnAnCrfTCkB6z8Zg;http://www.youtube.com/@saikonuru;@Mosh, kindly prepare a course on Blockchain development.;@Mosh, kindly prepare a course on Blockchain development.;5;0
UgytSKcewG3lM-WNPQN4AaABAg;None;fZmQ_aPXJAM;@andrelgpinheiro;UCf11MYoAVHO4TyQF2TLun-A;http://www.youtube.com/@andrelgpinheiro;Crazy that Tech Sales is not there although you can make 300k year in 2-5 years, starting at around 100k easily;Crazy that Tech Sales is not there although you can make 300k year in 2-5 years, starting at around 100k easily;2;0
UgwB8sZZIqwI0eX8vS54AaABAg;None;fZmQ_aPXJAM;@jashwanthbablu856;UCO0LY7SsmToo3QsK9EUMHBg;http://www.youtube.com/@jashwanthbablu856;Please make a road map for BLOCKCHAIN DEVELOPER career;Please make a road map for BLOCKCHAIN DEVELOPER career;5;0
UgxQOmv_cXtdkqvXSE14AaABAg;None;fZmQ_aPXJAM;@roromemeqatar123;UCpEkCyv6q-bwd2PMtZdUpdA;http://www.youtube.com/@roromemeqatar123;For entry level full stack developer forget it. Full stack is the most skilled and more wide range skills require din this category,;For entry level full stack developer forget it. Full stack is the most skilled and more wide range skills require din this category,;1;0
Ugw4fmN5T9NeQHmj8jl4AaABAg;None;fZmQ_aPXJAM;@BrickTamlandOfficial;UCuc_zlK5U-1DvhBCzXv-Tew;http://www.youtube.com/@BrickTamlandOfficial;"High Demand + High Pay = flooded job market where employers are asking for unreasonable expectations from their employees because they can just replace them immediately. It&#39;s better to go into high demand fields where there are more jobs than applicants and employers want to fill those roles quickly.";High Demand + High Pay = flooded job market where employers are asking for unreasonable expectations from their employees because they can just replace them immediately. It's better to go into high demand fields where there are more jobs than applicants and employers want to fill those roles quickly.;165;29
Ugyr4dYe1F-M2DKEcw14AaABAg;None;fZmQ_aPXJAM;@AnselmChika;UCT7LqXSj3M1Zx9Bk9nnBnlA;http://www.youtube.com/@AnselmChika;Please drop a roadmap for Blockchain developer.;Please drop a roadmap for Blockchain developer.;5;0
UgygH9W83FTWYSqH2Dh4AaABAg;None;fZmQ_aPXJAM;@yohanpasindu2024;UCJdcQmhxCHmvV0pLsBeH11Q;http://www.youtube.com/@yohanpasindu2024;In January 2025, I decided to follow an AI Engineering degree program. 😊 Thanks for making my path clear.;In January 2025, I decided to follow an AI Engineering degree program. 😊 Thanks for making my path clear.;15;2
UgwP2dYazCkPZvPoPtJ4AaABAg;None;fZmQ_aPXJAM;@shabeshvarans4688;UCot4_hpifqOIoihqnFYR7vQ;http://www.youtube.com/@shabeshvarans4688;Roadmaps for cloud engineer and cyber security will be useful.;Roadmaps for cloud engineer and cyber security will be useful.;19;4
Ugzjwziy4-FqWaSukcd4AaABAg;None;fZmQ_aPXJAM;@GuillermoArellano;UC7NtLxoHCBDqR6mkgGuQRqQ;http://www.youtube.com/@GuillermoArellano;"I am an Angular Frontend Engineer and I&#39;m killing it, bruh.";I am an Angular Frontend Engineer and I'm killing it, bruh.;0;0
Ugz7vNmcKHu1PL76Wph4AaABAg;None;fZmQ_aPXJAM;@handle82838;UCwN9omN8LnGw-TavtUMm7MA;http://www.youtube.com/@handle82838;Nice video brother Mosh;Nice video brother Mosh;4;0
UgwmgQV_hvlDjl9eKTx4AaABAg;None;fZmQ_aPXJAM;@WealthyChronicle;UCYZNot8tbxF2zWq0mi6ZYDg;http://www.youtube.com/@WealthyChronicle;"Cybersecurity specialists are the real MVPs! I didn&#39;t realize how much these roles are in demand.";Cybersecurity specialists are the real MVPs! I didn't realize how much these roles are in demand.;9;5
UgxpBZO-XqcqI_DM6-l4AaABAg;None;fZmQ_aPXJAM;@vivekt.2038;UCtXxM0YXzgdPNcWfVoy-efA;http://www.youtube.com/@vivekt.2038;I decided to learn data engineering with software engineering after data Analyst but realize that learning just 1 thing is good enough than stressing yourself with multiple things to learn. At the end of the day both Roles are important and in Demand in many companies/countries.<br><br>BTW Can u make roadmap video on Software engineer/developer ?;"I decided to learn data engineering with software engineering after data Analyst but realize that learning just 1 thing is good enough than stressing yourself with multiple things to learn. At the end of the day both Roles are important and in Demand in many companies/countries.

BTW Can u make roadmap video on Software engineer/developer ?";2;1
UgxnITFsexz7na5rkSt4AaABAg;None;fZmQ_aPXJAM;@Cpt_Amin;UCANWg76lULjoIQpViB5beJA;http://www.youtube.com/@Cpt_Amin;"That was great Mosh <br><br>Can you add more explains on the Data analyst needs in the industry and a road map.  &lt;3 <br><a href=""UCkszU2WH9gy1mb0dV-11UJg/jPgfY5j2IIud29sP3ZeA4Ag""></a>";"That was great Mosh 

Can you add more explains on the Data analyst needs in the industry and a road map.  <3 
";0;0
Ugwr92A4pDJh07YWds14AaABAg;None;fZmQ_aPXJAM;@MD.REFAYETULLAH;UCFqXKgNlUMA56IfihPpsgyQ;http://www.youtube.com/@MD.REFAYETULLAH;Please make a Data Science Course.;Please make a Data Science Course.;12;2
UgweX68OO-_AwtvvyqV4AaABAg;None;fZmQ_aPXJAM;@JamesHeschelMedina;UCBrL2oeD8Jr6djeti1V58VQ;http://www.youtube.com/@JamesHeschelMedina;"I&#39;m a college student currently studying with a Computer Engineering degree. Since I am lacking on hands-on experience, my college life has changed when I discovered Web Development as our subject. Since Front-End Developing is my choice as I was keep continuing develop my skills, although which was quite sometimes in demand in tech companies, I&#39;ll continue my journey until one day I finally got hired.";I'm a college student currently studying with a Computer Engineering degree. Since I am lacking on hands-on experience, my college life has changed when I discovered Web Development as our subject. Since Front-End Developing is my choice as I was keep continuing develop my skills, although which was quite sometimes in demand in tech companies, I'll continue my journey until one day I finally got hired.;0;0
UgxQ-DrKyCMHmgLVF854AaABAg;None;fZmQ_aPXJAM;@wulkynebabe3866;UCA7dGRQRxd_NJ9FrdsWiaRw;http://www.youtube.com/@wulkynebabe3866;These jobs sound like a dream! 🔥;These jobs sound like a dream! 🔥;1;0
Ugyz4FqdxTS50IHanWd4AaABAg;None;fZmQ_aPXJAM;@Mvnsour13;UCHDEwsw_gvaLMMo9PR6I8WA;http://www.youtube.com/@Mvnsour13;Blockchain developer roadmap could be interesting, thanks in advance;Blockchain developer roadmap could be interesting, thanks in advance;3;0
UgyiUS-xRTSfKXSyoh94AaABAg;None;fZmQ_aPXJAM;@पहाड़ीबिल्ला;UC54NDRFAaImpdugd3vKPOjA;http://www.youtube.com/@%E0%A4%AA%E0%A4%B9%E0%A4%BE%E0%A4%A1%E0%A4%BC%E0%A5%80%E0%A4%AC%E0%A4%BF%E0%A4%B2%E0%A5%8D%E0%A4%B2%E0%A4%BE;Millennials are screwed;Millennials are screwed;6;0
UgzN1zjywBWkW7zK-wN4AaABAg;None;fZmQ_aPXJAM;@FutureCodingStars;UCXCEXokpYE4oL3-r3hR0ebA;http://www.youtube.com/@FutureCodingStars;"This video offers such a clear and insightful look at the future of tech careers. It&#39;s a great reminder that the journey to a high-demand, high-paying role often begins with a single foundational skill. We&#39;ve seen firsthand how early exposure to these core concepts can set a strong path for future innovators and problem-solvers. Thank you for putting together such a valuable resource!";This video offers such a clear and insightful look at the future of tech careers. It's a great reminder that the journey to a high-demand, high-paying role often begins with a single foundational skill. We've seen firsthand how early exposure to these core concepts can set a strong path for future innovators and problem-solvers. Thank you for putting together such a valuable resource!;0;0
UgzkpMu50HMdU5Z_oy54AaABAg;None;fZmQ_aPXJAM;@soundrarajanv9136;UCW9KnRlZBq_MY5ACSmLQOwA;http://www.youtube.com/@soundrarajanv9136;Advanced happy Christmas mosh..;Advanced happy Christmas mosh..;11;2
UgzZ1quLBLufXU7TgN14AaABAg;None;fZmQ_aPXJAM;@Rahulkumar-ib2uv;UCFAyOQAMOnCSFAvizmCMaYA;http://www.youtube.com/@Rahulkumar-ib2uv;Please make videos on Roadmap of cloud Engineer 👍👍;Please make videos on Roadmap of cloud Engineer 👍👍;3;0
UgxeCAVUdsNlAO9yGpJ4AaABAg;None;fZmQ_aPXJAM;@Veecharles44;UCLexzAWGQkfPBXEON9Y6pMw;http://www.youtube.com/@Veecharles44;plz do a roadmap for a cloud engineer in 2025;plz do a roadmap for a cloud engineer in 2025;2;0
UgwJCI9Y4zXtgHx3T_J4AaABAg;None;fZmQ_aPXJAM;@Prof-Reza;UC0Z8wyQXz_w8yoadWwWHpkA;http://www.youtube.com/@Prof-Reza;That was a nice list Mosh! I totally agree. I was also recently preparing a list of high paying jobs that the Stargate Project is going to create for one of my videos and I can only see the demand for these kinds of jobs go higher.;That was a nice list Mosh! I totally agree. I was also recently preparing a list of high paying jobs that the Stargate Project is going to create for one of my videos and I can only see the demand for these kinds of jobs go higher.;0;0
UgwQoMOAaSo5FoM6w694AaABAg;None;fZmQ_aPXJAM;@ArthurWalker-m9j6f;UCxnZF55b2WrRL6yUu3E-Tdg;http://www.youtube.com/@ArthurWalker-m9j6f;Very useful info for anyone looking to work in the UK;Very useful info for anyone looking to work in the UK;0;0
Ugz_ssEzs1OxD7WCR6Z4AaABAg;None;fZmQ_aPXJAM;@jiraso_gg;UCuIguMsZcCEzaS2L2-GEuyg;http://www.youtube.com/@jiraso_gg;I wish you included stress level, most in demand, available job outlook, etc.;I wish you included stress level, most in demand, available job outlook, etc.;0;0
Ugy3qzW-5STkmX-RzBZ4AaABAg;None;fZmQ_aPXJAM;@devangbaroliya2899;UCVhYC8-dAUcsKuIeauWfWeA;http://www.youtube.com/@devangbaroliya2899;Vote for the cloud engineer roadmap;Vote for the cloud engineer roadmap;2;0
UgybgeAbyHkiXZ8ztkB4AaABAg;None;fZmQ_aPXJAM;@cristiavdn4434;UCyRH7Hspds-nLPrhBKfTnGg;http://www.youtube.com/@cristiavdn4434;"Kinda cringe to sweep the brutal reality and obvious trends in this market  with &quot;it will be in massive demand bro because some might retire next year&quot;";"Kinda cringe to sweep the brutal reality and obvious trends in this market  with ""it will be in massive demand bro because some might retire next year""";1;0
UgyCXQ0kWV4o9n3RoEB4AaABAg;None;fZmQ_aPXJAM;@rahuldubey3958;UCSIzcZ8jx8gXyL6-ORsAGeQ;http://www.youtube.com/@rahuldubey3958;Great stuff Mosh thanks!;Great stuff Mosh thanks!;1;0
Ugy9QqjIsX9w6iOM0Pp4AaABAg;None;fZmQ_aPXJAM;@N3PatHYA;UCAh9JUMAaxV0Yl9CJcFJtkQ;http://www.youtube.com/@N3PatHYA;I would love to see your bootcamp for .Net core using modern JS framework for the client, utilizing all the security measures (ex, refresh token, access token, validating invalidating token etc). Thank you for helping us to be a better developer.;I would love to see your bootcamp for .Net core using modern JS framework for the client, utilizing all the security measures (ex, refresh token, access token, validating invalidating token etc). Thank you for helping us to be a better developer.;0;0
UgzWcbCTcNBGt8BF4_x4AaABAg;None;fZmQ_aPXJAM;@vyshuz123;UCJHiJCWV5w6_wlgkZpt7LIQ;http://www.youtube.com/@vyshuz123;Hey Mosh...give roadmap for cybersecurity!and merry Christmas 🎄🎁❤️❤️;Hey Mosh...give roadmap for cybersecurity!and merry Christmas 🎄🎁❤️❤️;7;2
UgxNXJDtz5aPaI0ET1t4AaABAg;None;fZmQ_aPXJAM;@sadarax4405;UCD2ofhP1KaLG6Xdc4IbdU3w;http://www.youtube.com/@sadarax4405;Thanks Mosh. Your videos are solid stuff.;Thanks Mosh. Your videos are solid stuff.;0;0
UgyTGbG73iXF1OC_9px4AaABAg;None;fZmQ_aPXJAM;@NformiRavennelli-um3pd;UCSxLLid-R0HLqwnqtBJICkg;http://www.youtube.com/@NformiRavennelli-um3pd;I appreciate it sir🙏🏽🙏🏽. I started with full stark web development 🎉;I appreciate it sir🙏🏽🙏🏽. I started with full stark web development 🎉;0;0
UgxKyW-zuIMAu3nUsll4AaABAg;None;fZmQ_aPXJAM;@cris-catalan;UCXNy06Zvp8fb7Iwm4K2b3mw;http://www.youtube.com/@cris-catalan;Thank you, Mosh. I take this video here is my Christmas gift from you. 🙂;Thank you, Mosh. I take this video here is my Christmas gift from you. 🙂;0;0
Ugyk2YMXwInYt0Q3qgB4AaABAg;None;fZmQ_aPXJAM;@veljkovukanic7508;UCEc7iGyBtt5UqVIYu04b90g;http://www.youtube.com/@veljkovukanic7508;Mosh could you make a cybersecurity roadmap cuz you explain stuff very good.;Mosh could you make a cybersecurity roadmap cuz you explain stuff very good.;1;0
Ugxuks7x8xMRyTcvTnV4AaABAg;None;fZmQ_aPXJAM;@FerminEliasDiazMartinez;UC88Df_QHnW902Rz8e9UoNJQ;http://www.youtube.com/@FerminEliasDiazMartinez;BlockChain Engineer, Cybersecurity Engineer, Machine Learning Engineer.;BlockChain Engineer, Cybersecurity Engineer, Machine Learning Engineer.;0;0
UgzTdyHw5oA6y4d-nnN4AaABAg;None;7IgVGSaQPaw;@TojiSaid;UCHWqZTXR3WixMJnj9gbOSTw;http://www.youtube.com/@TojiSaid;when I have roadmap, only thing left is consistency 😅;when I have roadmap, only thing left is consistency 😅;347;33
Ugzd2iw73oR5MP6MqN54AaABAg;None;7IgVGSaQPaw;@AroundUs-2024;UCUQ79QaE4wNXBII4Ve5ah8A;http://www.youtube.com/@AroundUs-2024;Congrats Mosh 4 million students around world from Somalia;Congrats Mosh 4 million students around world from Somalia;326;17
UgxQXT1LkISVXkS57_94AaABAg;None;7IgVGSaQPaw;@Teklitkiflay;UCkCZ7ow3ktYtMl3BUMEiMSg;http://www.youtube.com/@Teklitkiflay;This is for me. your way of Explanation is super amazing . By following this amazing road map, I will be an AI Engineer After three Years (from non-IT and at the age of 37)!!! I am from ETHIOPIA. this is my dream. Thank you Mr. Mosh.;This is for me. your way of Explanation is super amazing . By following this amazing road map, I will be an AI Engineer After three Years (from non-IT and at the age of 37)!!! I am from ETHIOPIA. this is my dream. Thank you Mr. Mosh.;234;20
UgyIlIZXix5cM5hTOQJ4AaABAg;None;7IgVGSaQPaw;@rinjisrylopenes8534;UCzeoULS5ZYk2CzJb-4rpNnw;http://www.youtube.com/@rinjisrylopenes8534;40 yo here and my motivation just went 📈 <br>Thank you so much and see you in about 2 years. 🙏;"40 yo here and my motivation just went 📈 
Thank you so much and see you in about 2 years. 🙏";117;10
Ugwvx0nAKBPueYJ7-iF4AaABAg;None;7IgVGSaQPaw;@QinisoXulu;UCCZxDI-RKNUHYrK2oXHblWA;http://www.youtube.com/@QinisoXulu;"I&#39;ve been learning from you for over 3 years now, basically ever since I started programming. Congrats for 4 million subs.";I've been learning from you for over 3 years now, basically ever since I started programming. Congrats for 4 million subs.;72;1
UgzjwJTrN1bd6mqxJdp4AaABAg;None;7IgVGSaQPaw;@ErgoSumv1;UCYeWSc6CGEGX9xUBxhybXzQ;http://www.youtube.com/@ErgoSumv1;"Yup, immediately stop the video at python and heading over to those videos now. And that&#39;s going to be my life until I understand everything in this roadmap step by step the slow long journey. Thanks Mosh.";Yup, immediately stop the video at python and heading over to those videos now. And that's going to be my life until I understand everything in this roadmap step by step the slow long journey. Thanks Mosh.;16;4
UgydspfBp7l4Mzu6zsN4AaABAg;None;7IgVGSaQPaw;@tikinfluence;UC-qBSmIkCiZDLwARPOmP_Sg;http://www.youtube.com/@tikinfluence;pleeeeeeeeeease mosh make a complete tutorial on your channel on machine learning and AI from beginner to advance.  We are million of students waiting for such course🙏🙏🙏🙏🙏🙏🙏🙏🙏🙏🙏🙏;pleeeeeeeeeease mosh make a complete tutorial on your channel on machine learning and AI from beginner to advance.  We are million of students waiting for such course🙏🙏🙏🙏🙏🙏🙏🙏🙏🙏🙏🙏;11;0
UgwcqrU2nK1MFD90v7J4AaABAg;None;7IgVGSaQPaw;@playinDevlopr;UCrJ_E5hzhaRoBA77jMG8SvA;http://www.youtube.com/@playinDevlopr;Thanks!;Thanks!;38;1
UgzEWDK0QQuhE1_DWW54AaABAg;None;7IgVGSaQPaw;@mylifeasaarav;UC1OVTopd3BdUjE0xOm_PSwQ;http://www.youtube.com/@mylifeasaarav;From a design grad to an AI engineer with no tech degree, I owe it all to YouTube and grit. The secret? Consistency and hustle. If you’ve got that, nothing’s too difficult;From a design grad to an AI engineer with no tech degree, I owe it all to YouTube and grit. The secret? Consistency and hustle. If you’ve got that, nothing’s too difficult;8;1
UgyJkF0g1e4DAm-Bs_J4AaABAg;None;7IgVGSaQPaw;@N1essoh;UC-TIaIVLXnlwXOR0UvKKX2g;http://www.youtube.com/@N1essoh;thank you mosh, this is incredibly useful;thank you mosh, this is incredibly useful;28;0
UgzNCULFLPrxDBm0DRV4AaABAg;None;7IgVGSaQPaw;@mubashir.rahman;UCh6TtlM6Kw32iHOWBNbCN1Q;http://www.youtube.com/@mubashir.rahman;Thank you Mosh for the incredible series. I have just received the PDF, and I am starting from the today with a vision to become an AI/ML Engineer in next 6 months;Thank you Mosh for the incredible series. I have just received the PDF, and I am starting from the today with a vision to become an AI/ML Engineer in next 6 months;11;6
UgyocKzfmSoG5CbLmmp4AaABAg;None;7IgVGSaQPaw;@nilsharafutdinov3679;UCiPTjgISc9qd6hHGhTCqWlA;http://www.youtube.com/@nilsharafutdinov3679;i didnt get the link to roadmap file, and emailed to Mosh with ask to send me one. He sent it in half an hour. Thank you , Mosh! My respect!;i didnt get the link to roadmap file, and emailed to Mosh with ask to send me one. He sent it in half an hour. Thank you , Mosh! My respect!;17;1
Ugyl1TtUj3KsAfqDMf54AaABAg;None;7IgVGSaQPaw;@avinashsoftwaresolutions3637;UCaXYtmJUvIUQ80frP7jUFbQ;http://www.youtube.com/@avinashsoftwaresolutions3637;mosh please create complete course on machine learning or data science please;mosh please create complete course on machine learning or data science please;25;4
Ugz4Vva-WTFghGmPy_t4AaABAg;None;7IgVGSaQPaw;@mohsenibraheem;UCw-O1ReO1LzNA54pO8Hm6Aw;http://www.youtube.com/@mohsenibraheem;My proudly teacher. Thank you for everything @mosh❤;My proudly teacher. Thank you for everything @mosh❤;6;0
UgySebkJnU7lw34YRDd4AaABAg;None;7IgVGSaQPaw;@JosephJonahInalegwu-n4r;UCaO9t5p_hYD5IOVo3UayWNg;http://www.youtube.com/@JosephJonahInalegwu-n4r;"Just started with your python tutorial video.<br><br>I&#39;ll check back in 5 years time when I&#39;m a ML engineer ✨😁";"Just started with your python tutorial video.

I'll check back in 5 years time when I'm a ML engineer ✨😁";5;0
UgzrmSlx2GJAXosMRZd4AaABAg;None;7IgVGSaQPaw;@marketingwithp;UC78y4S5_Fn7r2S0_z1MFakw;http://www.youtube.com/@marketingwithp;"This roadmap is an absolute game-changer for anyone aspiring to become an ML Engineer! I really appreciate how Mosh breaks down such a complex journey into manageable, actionable steps, especially emphasizing the importance of foundational skills like Python and DS&amp;A. It&#39;s incredibly encouraging to see a clear timeline and know exactly where to focus my efforts. Thank you for putting together such a comprehensive and genuinely helpful guide!";This roadmap is an absolute game-changer for anyone aspiring to become an ML Engineer! I really appreciate how Mosh breaks down such a complex journey into manageable, actionable steps, especially emphasizing the importance of foundational skills like Python and DS&A. It's incredibly encouraging to see a clear timeline and know exactly where to focus my efforts. Thank you for putting together such a comprehensive and genuinely helpful guide!;0;0
Ugx9djwITcqR0nEjJrV4AaABAg;None;7IgVGSaQPaw;@xikaryo6735;UCti_lj2s6o-P7ECLDQjeIpQ;http://www.youtube.com/@xikaryo6735;Hell yeah, I needed this!;Hell yeah, I needed this!;9;0
UgzmzywjzqgTJHruLYB4AaABAg;None;7IgVGSaQPaw;@subhashgaikwad9509;UCGyUPXwQxICbyTb_8lfU4BQ;http://www.youtube.com/@subhashgaikwad9509;I have following you since corona time. I learn python that time which is explain in easy way by you.<br>Thank you....;"I have following you since corona time. I learn python that time which is explain in easy way by you.
Thank you....";1;0
Ugw3EMcE7Mto_aCCHUJ4AaABAg;None;7IgVGSaQPaw;@motivateme3152;UCR261ygVbnla1B3zXolPSbA;http://www.youtube.com/@motivateme3152;Great one! ❤ <br>Please, another one on Deep Learning;"Great one! ❤ 
Please, another one on Deep Learning";4;0
Ugxbg2Csp8vR40ANbGB4AaABAg;None;7IgVGSaQPaw;@abdulrehmankhan4521;UCRykAEACBzJMVX3A3Nis_2Q;http://www.youtube.com/@abdulrehmankhan4521;Imagine by learning all these things and then suddenly something new comes in the market and overtake all these things 😂😂;Imagine by learning all these things and then suddenly something new comes in the market and overtake all these things 😂😂;8;1
UgyhS8GVYUmrrj-bf0B4AaABAg;None;7IgVGSaQPaw;@writershelpcenter4362;UCJGA3Xr12jVybwAzqgPteAQ;http://www.youtube.com/@writershelpcenter4362;"Big thanks Mosh,,I am a great beneficiary of this content from <a href=""http://www.youtube.com/results?search_query=%23kenya"">#Kenya</a>";Big thanks Mosh,,I am a great beneficiary of this content from #Kenya;7;1
UgySwi8CpW8_PDbmxIN4AaABAg;None;7IgVGSaQPaw;@optimusprime1317;UCxCmkuIloaCRZrJX7EdHO9g;http://www.youtube.com/@optimusprime1317;you are my first programming teacher. Thank you for your video tutorial on Python. That was my starting point.;you are my first programming teacher. Thank you for your video tutorial on Python. That was my starting point.;1;0
Ugw2GDofJiCmpIyze_t4AaABAg;None;7IgVGSaQPaw;@kishan4278;UC7L1Vzyrou3NREBQuj6Hs6g;http://www.youtube.com/@kishan4278;Pls make roadmap on cybersecurity like  ethical hacking, cybersecurity engineer, pentester, cybersecurity analyst ,etc.<br>I m waiting...;"Pls make roadmap on cybersecurity like  ethical hacking, cybersecurity engineer, pentester, cybersecurity analyst ,etc.
I m waiting...";5;0
UgxBt2TzhUUZ8djsBlp4AaABAg;None;7IgVGSaQPaw;@McDonaldIbekwe;UC9HL86a2Ra1z7Le9dkcQfew;http://www.youtube.com/@McDonaldIbekwe;Thanks for the road map.;Thanks for the road map.;5;0
Ugy2M31cE6Ui_Wyz1v14AaABAg;None;7IgVGSaQPaw;@blueProgrammer;UC-uzyAwAZM_tYyZY-l9qhZQ;http://www.youtube.com/@blueProgrammer;Hi Mosh, I am your subscriber till you are in 1k subscribers....I learned so much from your channel..... Love from INDIA🇮🇳.... Now I become an another mosh in my country😊....Love INDIA LOVE Mosh;Hi Mosh, I am your subscriber till you are in 1k subscribers....I learned so much from your channel..... Love from INDIA🇮🇳.... Now I become an another mosh in my country😊....Love INDIA LOVE Mosh;1;1
Ugw2HeNVaOc2WSs1HNF4AaABAg;None;7IgVGSaQPaw;@frankwang0721;UCi6J1HkNb8Mr_PlMx3AWOAg;http://www.youtube.com/@frankwang0721;Thanks a lot for this roadmap!!;Thanks a lot for this roadmap!!;5;2
Ugzlf-SOBx6DuglfjhV4AaABAg;None;7IgVGSaQPaw;@Victor_uriel;UC8yuNj7MDRWazT8_9BLTz8w;http://www.youtube.com/@Victor_uriel;"Let&#39;s connect guys, let&#39;s learn together";Let's connect guys, let's learn together;2;0
Ugzrjp6_RE9_HiMUCCl4AaABAg;None;7IgVGSaQPaw;@raj33221;UCz2T904Ad49KC6keX2qfceg;http://www.youtube.com/@raj33221;Thanks!;Thanks!;3;0
Ugwz4SAKjZ1mU7AWLNV4AaABAg;None;7IgVGSaQPaw;@dannysdairy8692;UCuLR4JXb6ek5nPUxWckFR1w;http://www.youtube.com/@dannysdairy8692;"Congrats on 4M students, Mosh! 🎉 Your roadmaps helped me ship a production app. With AI exploding right now, thousands in the comments are asking: could you create an AI Engineer roadmap? Your structured teaching style would be perfect for this. We&#39;d love to see it! 🙏";Congrats on 4M students, Mosh! 🎉 Your roadmaps helped me ship a production app. With AI exploding right now, thousands in the comments are asking: could you create an AI Engineer roadmap? Your structured teaching style would be perfect for this. We'd love to see it! 🙏;0;0
UgyQDxF68sBuJOmInRV4AaABAg;None;7IgVGSaQPaw;@michaelnwuju6368;UC38RVXTZvKNSklAwLP0M9yw;http://www.youtube.com/@michaelnwuju6368;"Hi Mosh, harmless advice, you are super amazing, it would be great if you curated these roadmaps into a playlist so it&#39;s easy for anyone to access them.";Hi Mosh, harmless advice, you are super amazing, it would be great if you curated these roadmaps into a playlist so it's easy for anyone to access them.;0;0
UgwrCE3-rmtl1KoaH-B4AaABAg;None;7IgVGSaQPaw;@akamasamueldodzi5719;UCZmpH8RCeGyM3yMPFrYmfXQ;http://www.youtube.com/@akamasamueldodzi5719;Hi Mosh, I am so glad to have found this video. It came at the time I need it most, if you do not mind, I am making an offer to myself through you that, I am committing the next 12 months strictly following this guide. Thankfully, I have subscribed to a number of your courses already. So help me, Mosh and God!. I would be great to refer to resources on subjects that you do not have a video on. That would be so great, Sir;Hi Mosh, I am so glad to have found this video. It came at the time I need it most, if you do not mind, I am making an offer to myself through you that, I am committing the next 12 months strictly following this guide. Thankfully, I have subscribed to a number of your courses already. So help me, Mosh and God!. I would be great to refer to resources on subjects that you do not have a video on. That would be so great, Sir;0;0
UgzbNgBdFOlHMnjDHup4AaABAg;None;7IgVGSaQPaw;@adrianjason13;UCXilRXdd9duJ8UFgQG1hS_w;http://www.youtube.com/@adrianjason13;For those starting from zero or even reviewing, mastering Linear Algebra, Calculus, and Statistics in just 3 months is a bit insane.;For those starting from zero or even reviewing, mastering Linear Algebra, Calculus, and Statistics in just 3 months is a bit insane.;0;0
Ugwv3_24X2oqq9O5xad4AaABAg;None;7IgVGSaQPaw;@axelamoe;UCE590SYxGCHdCZx08Z13Q8A;http://www.youtube.com/@axelamoe;I’ll see you in 10 years lol;I’ll see you in 10 years lol;456;67
Ugy6wpvUfQZI0_WKWZ94AaABAg;None;7IgVGSaQPaw;@fibram1008;UCN5P2C0sLTMCuntcbiKxrqA;http://www.youtube.com/@fibram1008;this is a very informative video and should be watched regulary to maintain an overall vision of the path for mastering ML;this is a very informative video and should be watched regulary to maintain an overall vision of the path for mastering ML;1;0
UgxGiP-lj7zThwYIOjp4AaABAg;None;7IgVGSaQPaw;@xMichi7;UC2npVgioLNkywansq6dQr7w;http://www.youtube.com/@xMichi7;Thank you man!!!;Thank you man!!!;3;0
Ugy8_U0vcEVvvghiOUN4AaABAg;None;7IgVGSaQPaw;@msss-r5o;UCuRDizSyiUtMVFZZd06anpg;http://www.youtube.com/@msss-r5o;"congrats for the 4m! Please do a roadmap for cloud as well! &lt;3";congrats for the 4m! Please do a roadmap for cloud as well! <3;1;0
Ugwr3hPHu2qAHP0accB4AaABAg;None;7IgVGSaQPaw;@abhishekbaghel1917;UC8gFGZ0w5pUUvPhcRT2d9YA;http://www.youtube.com/@abhishekbaghel1917;I was shocked to hear hindi on this channel😂😂😂…love your teaching style;I was shocked to hear hindi on this channel😂😂😂…love your teaching style;1;0
UgwhVor6c7EJd1d2XuZ4AaABAg;None;7IgVGSaQPaw;@123Baxter321;UCGGSuHdGgV4MPZXEagsbLNg;http://www.youtube.com/@123Baxter321;2-3 months mastering 4 fields of mathematics... good luck.;2-3 months mastering 4 fields of mathematics... good luck.;12;4
UgwXlgTJkXOenlaq-n54AaABAg;None;7IgVGSaQPaw;@dojocentre;UCSztAUtxMCeOKNWPtQzc6Pw;http://www.youtube.com/@dojocentre;Hey mosh, I really want you to do more videos about python machine learning, I followed you for a long time, thanks for your tutorial, I really love this video too;Hey mosh, I really want you to do more videos about python machine learning, I followed you for a long time, thanks for your tutorial, I really love this video too;3;2
UgwzJeoFppU3rf2zuOx4AaABAg;None;7IgVGSaQPaw;@Rock2az;UC25RBYaNpOues7SCGc-2Nnw;http://www.youtube.com/@Rock2az;9 Essential skill for ML<br>1 Python programming <br>2 Version control system like git<br>3 DSA<br>4 SQL <br>5 Mathmatics Linear algebra, Calculus, statistics, probability <br>6 Data handling panda and some more library <br>7 supervised and unsupervised tensorflow scikit learn, pyTorch<br>8 Esembal learning, deep learning <br>9 model deployment Flask django , docker;"9 Essential skill for ML
1 Python programming 
2 Version control system like git
3 DSA
4 SQL 
5 Mathmatics Linear algebra, Calculus, statistics, probability 
6 Data handling panda and some more library 
7 supervised and unsupervised tensorflow scikit learn, pyTorch
8 Esembal learning, deep learning 
9 model deployment Flask django , docker";27;0
UgwMiSe3sWj7OLDvUVZ4AaABAg;None;7IgVGSaQPaw;@darylallen2485;UCjW5axyQsWr-40hE3iHtaEA;http://www.youtube.com/@darylallen2485;"I broke out into laughter when he said I &quot;just need 3 to 5 hours a day&quot;. This topic is super interesting and I read about it whenever I can. I just don&#39;t have hours to spend when I&#39;m already in a role of datacenter infrastructure engineer. Maybe one day, when money is no object, I can transfer my Python automation skills over to building and deploying models.";"I broke out into laughter when he said I ""just need 3 to 5 hours a day"". This topic is super interesting and I read about it whenever I can. I just don't have hours to spend when I'm already in a role of datacenter infrastructure engineer. Maybe one day, when money is no object, I can transfer my Python automation skills over to building and deploying models.";0;0
UgzuQVpFL79-2N4oh0d4AaABAg;None;7IgVGSaQPaw;@Birdy5201;UCvKmWKbNLM9uTLhbbskwHuA;http://www.youtube.com/@Birdy5201;Hey Mosh love your all videos...Please make a roadmap video on data scientist in 2024.. please please;Hey Mosh love your all videos...Please make a roadmap video on data scientist in 2024.. please please;1;0
Ugyeg1kurWWn9m45orh4AaABAg;None;7IgVGSaQPaw;@navascrisis100;UCyqm4rPpdFP3udSN5i3xrbQ;http://www.youtube.com/@navascrisis100;"Hi Mosh thanks for Detailed and Informative content and congrats to 4M subscribers🎉<br><br>I was just wondering whether you will ever give us a Dart &amp; Flutter course or a Kotlin Multiplatform course? <br><br>Again thank you for your services, Sir.";"Hi Mosh thanks for Detailed and Informative content and congrats to 4M subscribers🎉

I was just wondering whether you will ever give us a Dart & Flutter course or a Kotlin Multiplatform course? 

Again thank you for your services, Sir.";1;0
Ugxz0RXUkeDxPT-1KIR4AaABAg;None;7IgVGSaQPaw;@Caadran;UCgodYaSFoccF4y8KXQuUNMw;http://www.youtube.com/@Caadran;The one thing this roadmap is lacking is specific examples/resources. <br>You tell us to learn each thing, but not where or how to learn it.;"The one thing this roadmap is lacking is specific examples/resources. 
You tell us to learn each thing, but not where or how to learn it.";0;0
UgwaU2Br39MHxIcoF_N4AaABAg;None;7IgVGSaQPaw;@todaysdoseofinternet6981;UCXU6MNXMxPc-98kptih3WnA;http://www.youtube.com/@todaysdoseofinternet6981;Thank you mosh, really the idea of having a pdf to track my progress. From India🇮🇳;Thank you mosh, really the idea of having a pdf to track my progress. From India🇮🇳;10;0
UgxK7aVtpHOOL1KF5Mt4AaABAg;None;7IgVGSaQPaw;@omersief6321;UCk8lXI7C699Cdv1YN_8theA;http://www.youtube.com/@omersief6321;3 month in calculus algebra statistics and probabilities ☠☠;3 month in calculus algebra statistics and probabilities ☠☠;18;2
UgxR3yBNEfRrv5pLbAd4AaABAg;None;7IgVGSaQPaw;@srinumama9197;UC-l5zgRziKJqglBb22LMfKA;http://www.youtube.com/@srinumama9197;It is the best map to become ML engineer;It is the best map to become ML engineer;2;0
UgzkhVUkR7hzprTX0Xt4AaABAg;None;7IgVGSaQPaw;@FATIMAELAMRANI-k5e;UCJb05njsZRUJtXaViK5BnnA;http://www.youtube.com/@FATIMAELAMRANI-k5e;great video finally getting to catch some of the basics through a project based tutorial wish is a great way to know how to implement the basics thank you for your effort;great video finally getting to catch some of the basics through a project based tutorial wish is a great way to know how to implement the basics thank you for your effort;0;0
UgzQY4CHmXSTRkos7vV4AaABAg;None;7IgVGSaQPaw;@devendraaryal8195;UCm2Up316D9DuXDKCTqx9exQ;http://www.youtube.com/@devendraaryal8195;very good information.Thank you from Nepal.;very good information.Thank you from Nepal.;1;0
UgzDqijts5RjifAfbOt4AaABAg;None;7IgVGSaQPaw;@arezahmad1969;UC68hKrgmiZXVT-uK7PMeu0A;http://www.youtube.com/@arezahmad1969;"great overview, Hey Mosh I&#39;m still waiting for Spring boot, please make best Spring boot course for ever";great overview, Hey Mosh I'm still waiting for Spring boot, please make best Spring boot course for ever;1;0
Ugx8UkxtJYLZkFDTF-V4AaABAg;None;r16Rn4_jDfk;@thecodingfeast;UCOXI4FvnO1jQhxcPKXBUmHQ;http://www.youtube.com/@thecodingfeast;"I&#39;m learning to become a game developer 😅. I&#39;m done playing games made by others. 😃";I'm learning to become a game developer 😅. I'm done playing games made by others. 😃;3117;231
Ugz4LDQbDzCYnQ0HGWF4AaABAg;None;r16Rn4_jDfk;@ciceroaraujo5183;UCxaidsquuNnW_SiRjPOlYOA;http://www.youtube.com/@ciceroaraujo5183;I am a 47 years old man with add but very determined to learn this set of skills.  You are a very inspirational professor.;I am a 47 years old man with add but very determined to learn this set of skills.  You are a very inspirational professor.;379;19
UgzTweGIppp-1h0NsiR4AaABAg;None;r16Rn4_jDfk;@osmanbaba1485;UCjlt4_sGEnh79CxfBswArew;http://www.youtube.com/@osmanbaba1485;“The coding community is very helpful”<br><br>Obviously never asked a question in the wrong way in stack overflow;"“The coding community is very helpful”

Obviously never asked a question in the wrong way in stack overflow";771;22
Ugyp2BYK6IBxLyPEnwp4AaABAg;None;r16Rn4_jDfk;@anuvindm2092;UCBUxAQBU2gf0Gqrnh72NR4g;http://www.youtube.com/@anuvindm2092;Hi Mosh, <br> (I am not so good at English, so pardon me of my grammer mistakes) I am following your 6 hour python course beginners since last week. I am so grateful that I found you. Your teaching is amazing. And you are giving problems to workout on frequent intervals(I like that).<br>So about myself, I am a Bsc Computer Science student in India, Kerala. My love for programming made me to took that course. But I am so confused that why these universities are bringing maths into this course. I know maths is necessary. But I am studying too much calculas here. Because of these I am not able to study computer science subjects. But when I found your channel, I felt that this is the better place for me to study programming rather than my college.<br>       So summing up I was saying that my passion and interest for programming has increased after meeting you. I am into programming not for money, I just love programming. So, thank you Mosh. Love from India🇮🇳♥️;"Hi Mosh, 
 (I am not so good at English, so pardon me of my grammer mistakes) I am following your 6 hour python course beginners since last week. I am so grateful that I found you. Your teaching is amazing. And you are giving problems to workout on frequent intervals(I like that).
So about myself, I am a Bsc Computer Science student in India, Kerala. My love for programming made me to took that course. But I am so confused that why these universities are bringing maths into this course. I know maths is necessary. But I am studying too much calculas here. Because of these I am not able to study computer science subjects. But when I found your channel, I felt that this is the better place for me to study programming rather than my college.
       So summing up I was saying that my passion and interest for programming has increased after meeting you. I am into programming not for money, I just love programming. So, thank you Mosh. Love from India🇮🇳♥️";24;0
Ugx9z5D8lr7KtHAADtx4AaABAg;None;r16Rn4_jDfk;@jariabdulsalam3601;UCKjjjVsnjua_GhTg0ccaytg;http://www.youtube.com/@jariabdulsalam3601;"Thanks Mosh you&#39;re a true mentor.";Thanks Mosh you're a true mentor.;588;6
Ugz5RwypK0RwxRXn8l94AaABAg;None;r16Rn4_jDfk;@henperf72;UClekaxcsLFMUvAuf3aUhMZg;http://www.youtube.com/@henperf72;Having a degree is not profitable to me , so i decided to learn programming so i can have a skill, job can come later;Having a degree is not profitable to me , so i decided to learn programming so i can have a skill, job can come later;206;6
Ugy3J_7ZdaO2-qKnpid4AaABAg;None;r16Rn4_jDfk;@BambixTheBerserker;UCjhVHqelQXLGHD1If-pRX7g;http://www.youtube.com/@BambixTheBerserker;"<b>Me, a history student trying to learn programming for fun</b><br><br>&quot;It is not something boring that you need to study like history&quot;<br><br><b>triggered</b>";"*Me, a history student trying to learn programming for fun*

""It is not something boring that you need to study like history""

*triggered*";1317;32
UgxCU62qpEbjN3SP2454AaABAg;None;r16Rn4_jDfk;@ortolaobla;UCxihKlcOctWheFUoD2AtAew;http://www.youtube.com/@ortolaobla;Thanks Mosh, i have been trying to learn coding since 2018. I graduated sociology with a high honor degree but i didnt see myself to fit in this major. Last week i started to watch you python tutorial and now i finished 4/1 of the all lessons. Thanks for everthing!;Thanks Mosh, i have been trying to learn coding since 2018. I graduated sociology with a high honor degree but i didnt see myself to fit in this major. Last week i started to watch you python tutorial and now i finished 4/1 of the all lessons. Thanks for everthing!;15;0
Ugz2Qyp2R4EeT3SoFqZ4AaABAg;None;r16Rn4_jDfk;@aqurds;UCyeN--w5H0B9cI26lwieI9w;http://www.youtube.com/@aqurds;"You know Mosh, why I liked this video? Because you are in order. You went to Python first then make an arrow to &quot;Machine Learning&quot;. With in-depth research in the last 6 month, I saw the legend trying to teach &quot;Machine Learning&quot; without teaching Python first. You didn&#39;t go on reverse mode, Thanks for that.";"You know Mosh, why I liked this video? Because you are in order. You went to Python first then make an arrow to ""Machine Learning"". With in-depth research in the last 6 month, I saw the legend trying to teach ""Machine Learning"" without teaching Python first. You didn't go on reverse mode, Thanks for that.";52;0
UgxiMEvihkeex-h02x14AaABAg;None;r16Rn4_jDfk;@alexeyintech;UC3pT0trzsHh21SPLxHVZMsA;http://www.youtube.com/@alexeyintech;Learning new skills is an important part of pushing ourselves forward! Good stuff!;Learning new skills is an important part of pushing ourselves forward! Good stuff!;23;0
Ugxpf1_RJnHCT8tljpN4AaABAg;None;r16Rn4_jDfk;@umesaruma8859;UCiKiXzutUltR9jImGEUzDEw;http://www.youtube.com/@umesaruma8859;"I&#39;m so glad I started Python and you recommended it";I'm so glad I started Python and you recommended it;40;1
Ugzq6JQhCPmgj60qA8V4AaABAg;None;r16Rn4_jDfk;@germanmendez9228;UCeZGS6INHt2kMtJvhE1fwGQ;http://www.youtube.com/@germanmendez9228;I am 25 years old determined to learn this skill. It attracts me very much!;I am 25 years old determined to learn this skill. It attracts me very much!;1;0
Ugw4d4MBHVyKqytfvkF4AaABAg;None;r16Rn4_jDfk;@design_with_dana;UC-JMA-tmCtYvfAQATYaruzg;http://www.youtube.com/@design_with_dana;"When you&#39;re jobless in quarantine and wondering how to get them coins xD";When you're jobless in quarantine and wondering how to get them coins xD;450;22
Ugy_9eFP1uSJvQweGMR4AaABAg;None;r16Rn4_jDfk;@logixindie;UCs9Pt9s8V0SDfhrfFFCNV7Q;http://www.youtube.com/@logixindie;"My top reasons for getting a career in programming:<br><br>1. It&#39;s future-proof:  Probably the very last job to be replaced by machines.<br><br>2. Money: And money.<br><br>3. It&#39;s fun: beside sleeping, it&#39;s literally the only thing I could stay up all night doing.";"My top reasons for getting a career in programming:

1. It's future-proof:  Probably the very last job to be replaced by machines.

2. Money: And money.

3. It's fun: beside sleeping, it's literally the only thing I could stay up all night doing.";468;18
UgxTAC6nNA80texvdsF4AaABAg;None;r16Rn4_jDfk;@thestarinthesky_;UC7ic2UvKJ5YNJnwmypVw98A;http://www.youtube.com/@thestarinthesky_;Thank you so much. I am not a beginner programmer but found it extremely helpful even for non-beginners. I have grown passionate about coding since I was 16. You mentioned some tips that have been super important to know. Please keep up making more videos especially on Java Spring framework. Thank you and appreciate it. love from Iran :);Thank you so much. I am not a beginner programmer but found it extremely helpful even for non-beginners. I have grown passionate about coding since I was 16. You mentioned some tips that have been super important to know. Please keep up making more videos especially on Java Spring framework. Thank you and appreciate it. love from Iran :);20;0
Ugx6rasUW5iHSLEjEkN4AaABAg;None;r16Rn4_jDfk;@emonbiswas3303;UCxXfhMyV0SpNSwZ3YhXbt8Q;http://www.youtube.com/@emonbiswas3303;I am starting learning Python from today. Already spent 4-5 hours today. Completed loops, function, data types concepts. It was a very easy journey so far. Want to be a python developer within the next 3 months. My goal is to get a junior developer job or doing freelancing. I will update my learning progress every month. Wish me good luck.;I am starting learning Python from today. Already spent 4-5 hours today. Completed loops, function, data types concepts. It was a very easy journey so far. Want to be a python developer within the next 3 months. My goal is to get a junior developer job or doing freelancing. I will update my learning progress every month. Wish me good luck.;49;22
UgwQ_bQeHk_m4rUXXr94AaABAg;None;r16Rn4_jDfk;@jamiecartwright248;UCjM3_aYvExyk8VjO151iU-w;http://www.youtube.com/@jamiecartwright248;print(‘money’);print(‘money’);73;9
Ugynr3oxe--i_eOz_qV4AaABAg;None;r16Rn4_jDfk;@ArminNaami;UCnAsI3r8YDsJNj0w2o46xvQ;http://www.youtube.com/@ArminNaami;"I&#39;m a professional programmer, your video is great for beginners <br><br>Thank you 🙏🏻";"I'm a professional programmer, your video is great for beginners 

Thank you 🙏🏻";180;17
Ugx5oTYhNKB6zWm557V4AaABAg;None;r16Rn4_jDfk;@JoseGonzalez-rt5fk;UCsRt-3Qr-bBVNLUUewGrrvQ;http://www.youtube.com/@JoseGonzalez-rt5fk;"As a C++ developer I can tell you that my weeks of learning actually paid off. Most languages are incredibly similar to it and transitioning is quite easy. But it isn&#39;t very easy to learn. I would say python is very great because it&#39;s simple and you can build off of it to learn other languages such as C++. Just remember to stay concentrated and to not spend a lot of time to find something that&#39;s the fastest way to learn as usually you end up using a lot more time finding it rather than just sitting through it.";As a C++ developer I can tell you that my weeks of learning actually paid off. Most languages are incredibly similar to it and transitioning is quite easy. But it isn't very easy to learn. I would say python is very great because it's simple and you can build off of it to learn other languages such as C++. Just remember to stay concentrated and to not spend a lot of time to find something that's the fastest way to learn as usually you end up using a lot more time finding it rather than just sitting through it.;42;0
Ugynw1EKAR1oHrWAkeZ4AaABAg;None;r16Rn4_jDfk;@chaitanyaj4877;UCAM787M4kWqgFE8MaOQe3Mw;http://www.youtube.com/@chaitanyaj4877;Hey Mosh, Your Python tutorial for begineers was of very much help to me. That was a crystal clear explanation. Thank you so much😊😊😊;Hey Mosh, Your Python tutorial for begineers was of very much help to me. That was a crystal clear explanation. Thank you so much😊😊😊;18;1
UgyGJJl1LjGnp6FfjWV4AaABAg;None;r16Rn4_jDfk;@ELVIS78522;UCbq_rZtBOO8Ql5kGFtd_fRg;http://www.youtube.com/@ELVIS78522;"after carefully watching this video, i would like to give myself 6-12 months from this date. Let&#39;s see how it goes. Thank you.";after carefully watching this video, i would like to give myself 6-12 months from this date. Let's see how it goes. Thank you.;253;44
Ugy9VwZ6JjCgzPCFW094AaABAg;None;r16Rn4_jDfk;@tgn3120;UCLL6R0VHDKxA0jWGo69dVRA;http://www.youtube.com/@tgn3120;<b>touches computer</b><br><br><br>FBI OPEN UP!!!;"*touches computer*


FBI OPEN UP!!!";402;4
Ugws2rBBU6kf8E-z6wZ4AaABAg;None;r16Rn4_jDfk;@dexterous5132;UC3irS8pLfMkV0yhQrcyt0MA;http://www.youtube.com/@dexterous5132;Your different form others you stricly say its for beginners some channel show only basics and say pro tips your awesome man keep rocking;Your different form others you stricly say its for beginners some channel show only basics and say pro tips your awesome man keep rocking;16;0
UgzuliZOnESXZ_5-wf94AaABAg;None;r16Rn4_jDfk;@beastboy-rocks;UCcPIMvan-ode5BC0vEzroFg;http://www.youtube.com/@beastboy-rocks;"The things that u tell about universities is absolutely true <br>I&#39;m a computer science student and learned C++, python, JavaScript and web development, and frameworks like angular by myself and with YouTube 🔥🔥";"The things that u tell about universities is absolutely true 
I'm a computer science student and learned C++, python, JavaScript and web development, and frameworks like angular by myself and with YouTube 🔥🔥";34;3
UgwVtvWZ7HVygRLyMCN4AaABAg;None;r16Rn4_jDfk;@Dizz_slizz;UCnPk_kvJKSIk-Ldh4thIEbQ;http://www.youtube.com/@Dizz_slizz;i learn for data science. wish me well guys;i learn for data science. wish me well guys;155;7
UgzkQUDguVdbOwBiiB94AaABAg;None;r16Rn4_jDfk;@MrBandziiiii;UC7TOaRDEhaWuqJMcaOsBbLw;http://www.youtube.com/@MrBandziiiii;"Dear Mosh, l was always interested in programming and computers in general. When I was in my elementary school I asked my teacher what is the best way to stady programming? She said, you need to be great in mathematics and you need to go to Belgrade (our capital city). I was good in mathematics, but I was not a genius. I&#39;m from small town in Serbia and l&#39;m a person with disability, and l was discouraged to be honest. The years past, l went to stady economics. When l finnish my studies l come back to my town but I have a problem to find a disend job. My friend said to me, you can try to learn Payton (programmer himself). And here I&#39;m, in few weeks l will be 31, a never programmed in my life but l have passion and courage, wish me luck. 😊😄😄😄";Dear Mosh, l was always interested in programming and computers in general. When I was in my elementary school I asked my teacher what is the best way to stady programming? She said, you need to be great in mathematics and you need to go to Belgrade (our capital city). I was good in mathematics, but I was not a genius. I'm from small town in Serbia and l'm a person with disability, and l was discouraged to be honest. The years past, l went to stady economics. When l finnish my studies l come back to my town but I have a problem to find a disend job. My friend said to me, you can try to learn Payton (programmer himself). And here I'm, in few weeks l will be 31, a never programmed in my life but l have passion and courage, wish me luck. 😊😄😄😄;257;27
UgxidIYvI-QiWR9S3Tx4AaABAg;None;r16Rn4_jDfk;@gamingmusicapps6958;UCcp44OsnW9zf4xSLBRU6o-w;http://www.youtube.com/@gamingmusicapps6958;Trust me he is 100% right.;Trust me he is 100% right.;205;3
UgwiyMouRu27jC4PC7N4AaABAg;None;r16Rn4_jDfk;@CodeToMuch;UCqL4wsFZEf0MoXWP1ipnAoA;http://www.youtube.com/@CodeToMuch;"Dear Sir Mosh, My name is Muhammad Ali and I am from Pakistan.  I am a college student. I want to build Mobile Apps but it requires to learn java. I watched your JAVA Beginners video and then I purchased your course. I didn&#39;t spend even 1$ on any online course because I don&#39;t know which course is good. But after purchasing your JAVA course  I think course price is very very low because You are the Best Teacher. If the course price  is 110$ it is low . Today  I have request for you please make a complete course on Android Studio. I like your way to teach. So, I request you to make a Complete course  of Android App development on Android Studio and upload on your website. Thank You";Dear Sir Mosh, My name is Muhammad Ali and I am from Pakistan.  I am a college student. I want to build Mobile Apps but it requires to learn java. I watched your JAVA Beginners video and then I purchased your course. I didn't spend even 1$ on any online course because I don't know which course is good. But after purchasing your JAVA course  I think course price is very very low because You are the Best Teacher. If the course price  is 110$ it is low . Today  I have request for you please make a complete course on Android Studio. I like your way to teach. So, I request you to make a Complete course  of Android App development on Android Studio and upload on your website. Thank You;13;2
UgzDqbA2QNKXtBShD6B4AaABAg;None;r16Rn4_jDfk;@subarulovesyoutoo4388;UCti2eUYWHjozZrCrrIVEvXg;http://www.youtube.com/@subarulovesyoutoo4388;I chose C++ as my first ever programming language and it made me feel like I have the IQ of a walnut.;I chose C++ as my first ever programming language and it made me feel like I have the IQ of a walnut.;281;28
UgwjoywPnWo3mU_Vb8x4AaABAg;None;r16Rn4_jDfk;@barkhad1176;UC5Nvkv49FTukvWRV0wjc1HQ;http://www.youtube.com/@barkhad1176;"I&#39;m from Somaliland and I&#39;m in high school, and I will come back to  this comment only  once  I got my first job for python as a software engineering.Wish me a good luck👏👏.See u letter";I'm from Somaliland and I'm in high school, and I will come back to  this comment only  once  I got my first job for python as a software engineering.Wish me a good luck👏👏.See u letter;19;3
Ugyv9LQRmVPO_hsWLtx4AaABAg;None;r16Rn4_jDfk;@laser1915;UCDnUAyywK6tHt51cG-O1OIw;http://www.youtube.com/@laser1915;The dislikes are from history students.;The dislikes are from history students.;872;25
Ugzru17DUogmXtCf17x4AaABAg;None;r16Rn4_jDfk;@TanvirKabir0461;UCXL_DGBWWTGfevpXZLTN-sA;http://www.youtube.com/@TanvirKabir0461;"Thank you Boss, Subscribed. I&#39;m Tanvir from Bangladesh ...";Thank you Boss, Subscribed. I'm Tanvir from Bangladesh ...;1;0
UgwvN5MwBk4V24lhgmR4AaABAg;None;r16Rn4_jDfk;@zeeshanrazzaq5068;UCuUZHFmpENoDNFa02FijRuQ;http://www.youtube.com/@zeeshanrazzaq5068;Man you are amazing. I am over the moon right now. Looks like i have found the answers to all of my queries. I am an HR person and have been filling software developers role. I have always wondered why people with programming skills are paid four times than what i am getting. I am Digital marketer too and wanted to get my hands on programming but couldn’t find a reliable resource. I wanted to learn almost all of the languages but didn’t know where to start. Thanks for this informative and inspirational video. I have subscribed to your channel and will be taking these tutorials. Stay blessed brother.;Man you are amazing. I am over the moon right now. Looks like i have found the answers to all of my queries. I am an HR person and have been filling software developers role. I have always wondered why people with programming skills are paid four times than what i am getting. I am Digital marketer too and wanted to get my hands on programming but couldn’t find a reliable resource. I wanted to learn almost all of the languages but didn’t know where to start. Thanks for this informative and inspirational video. I have subscribed to your channel and will be taking these tutorials. Stay blessed brother.;8;1
Ugxf_uHJck97iWGFDal4AaABAg;None;r16Rn4_jDfk;@Beatrice-wi7vj;UChYcWXTrtF-GS7KphqcupHA;http://www.youtube.com/@Beatrice-wi7vj;"I&#39;m in high school, and I will come back to this comment only once I land my first job as a software engineer. Wish me luck :)";I'm in high school, and I will come back to this comment only once I land my first job as a software engineer. Wish me luck :);197;20
UgyU8zmalXq3pIEyPMN4AaABAg;None;r16Rn4_jDfk;@keshavsharma5754;UC7l7yiS-Z4F2LGy2oI_Q_uQ;http://www.youtube.com/@keshavsharma5754;"One of the most straightforward videos I&#39;ve ever watched👍";One of the most straightforward videos I've ever watched👍;7;0
UgyBFq6m4Lk2ZYZFvW14AaABAg;None;r16Rn4_jDfk;@VanshCodes;UCeeCbvKLQQlQtyhg8Bi4zow;http://www.youtube.com/@VanshCodes;I started learning python 4 months back to start a startup but now I have fall in love with programing and write CODE;I started learning python 4 months back to start a startup but now I have fall in love with programing and write CODE;10;1
UgzTtk1hoodMc0eCnwt4AaABAg;None;r16Rn4_jDfk;@sarahbeardsley;UCoRNjNlLx62puPjQ6SAPOWA;http://www.youtube.com/@sarahbeardsley;"&quot;something boring like history&quot; as a history buff, I am OFFENDED";"""something boring like history"" as a history buff, I am OFFENDED";49;2
Ugxwicue-KBEMrazGD54AaABAg;None;r16Rn4_jDfk;@katelibra;UChJ27syCBD1Lg5quZIvM6FA;http://www.youtube.com/@katelibra;I am learning JS as a beginner ... spending two hours ... love your tutorial ... waiting for more tuts in JS;I am learning JS as a beginner ... spending two hours ... love your tutorial ... waiting for more tuts in JS;15;1
UgxgQhIVM3W_Bc9WtRx4AaABAg;None;r16Rn4_jDfk;@meshellwilliams2060;UCJgoBEai_2eLHdT4PN4N5kg;http://www.youtube.com/@meshellwilliams2060;"I&#39;ve always been interested in learning computer programming, what turned me away from it is talking to people  that did it who gave bad advice but I didn&#39;t let that stop me I still learned a little along the way, plus the big bonus I don&#39;t have to pay for classes I don&#39;t want or need. Seen most of your videos they are very informative &amp; well put to gather &amp; I learned so much. I like learning new skills, I&#39;m not gonna limit myself to learning something when there&#39;s  free info.";I've always been interested in learning computer programming, what turned me away from it is talking to people  that did it who gave bad advice but I didn't let that stop me I still learned a little along the way, plus the big bonus I don't have to pay for classes I don't want or need. Seen most of your videos they are very informative & well put to gather & I learned so much. I like learning new skills, I'm not gonna limit myself to learning something when there's  free info.;10;3
UgzP09N1HE2wg-4naY94AaABAg;None;r16Rn4_jDfk;@saqibmuhammad4807;UCPVu4mkFAmXaUNctTVms93A;http://www.youtube.com/@saqibmuhammad4807;I am starting to learn Javascript from today. :);I am starting to learn Javascript from today. :);3;0
UgzA94Lz2rK7grEZ6Wp4AaABAg;None;r16Rn4_jDfk;@md.ruhulamin6894;UC3Cjd3QNr2huzzS4CZXMe1A;http://www.youtube.com/@md.ruhulamin6894;Thank you sir from Bangladesh. I have completed my masters degree in Mathematics but I love programming. My first language was C. After that I learn Java. Now I am working in a company as a Java programmer. In this company I have to learn object-oriented JavaScript,  Node JS, Electron JS, React JS and so on. <br>I learn JavaScript by following your tutorials. Really you are the best instructor in this world. By following your tutorials JavaScript is very interesting to me. May Allah help you sir.;"Thank you sir from Bangladesh. I have completed my masters degree in Mathematics but I love programming. My first language was C. After that I learn Java. Now I am working in a company as a Java programmer. In this company I have to learn object-oriented JavaScript,  Node JS, Electron JS, React JS and so on. 
I learn JavaScript by following your tutorials. Really you are the best instructor in this world. By following your tutorials JavaScript is very interesting to me. May Allah help you sir.";13;2
Ugz1fvSJmfX8SWVwEVp4AaABAg;None;r16Rn4_jDfk;@mrhoxell;UCKOQaflSnYqr-7-cjPHVxIw;http://www.youtube.com/@mrhoxell;Hey Mosh! Thanks for the video. Even if I feel like an intermediate programmer, I lost my passion due lots of work at college etc. This vid helped me to remind myself how do I learn programming languages and improve myself. Once more. Thanks 😉;Hey Mosh! Thanks for the video. Even if I feel like an intermediate programmer, I lost my passion due lots of work at college etc. This vid helped me to remind myself how do I learn programming languages and improve myself. Once more. Thanks 😉;14;0
Ugw3tSOtIh95TzHDrZZ4AaABAg;None;r16Rn4_jDfk;@maraheissa9073;UC0TUuHr0GoIDhWsLJrY_ipg;http://www.youtube.com/@maraheissa9073;I just want to work and show the world what I can do if I learn more than what they teach me in college.. I wanna help my family too;I just want to work and show the world what I can do if I learn more than what they teach me in college.. I wanna help my family too;95;4
Ugx7iy_lCjTAujp6CrZ4AaABAg;None;r16Rn4_jDfk;@satvikseeram2109;UCoZhu7p0tEQSHV-4B-rolyg;http://www.youtube.com/@satvikseeram2109;"i love your courses, i have almost all of them and I keep doing them every day. I&#39;m a freshman in college but can solve interview questions thanks to your courses";i love your courses, i have almost all of them and I keep doing them every day. I'm a freshman in college but can solve interview questions thanks to your courses;4;0
UgzTQoaZkEzJz9PR7Ox4AaABAg;None;r16Rn4_jDfk;@steellight8812;UCN3OJeWj6J1jJS6WqdjxtvA;http://www.youtube.com/@steellight8812;"why would you tell people that we aren&#39;t 4 digit IQ people? Now we can&#39;t lie anymore";why would you tell people that we aren't 4 digit IQ people? Now we can't lie anymore;234;5
UgwVCBDPk5pQYzP-WfR4AaABAg;None;r16Rn4_jDfk;@airamae1099;UC6mV_MSVqhAsCZCa6y8efqw;http://www.youtube.com/@airamae1099;I am very insecure about my programming skills but your videos really motivate me. Thank you;I am very insecure about my programming skills but your videos really motivate me. Thank you;5;0
UgzxL7LRyl0xVXeBHzd4AaABAg;None;r16Rn4_jDfk;@gun_ape;UCDedNPKASEZf5zwiydZ22IA;http://www.youtube.com/@gun_ape;"Dude, you&#39;re positively influential and I&#39;m so glad this is the first video I came across! Thank you!!";Dude, you're positively influential and I'm so glad this is the first video I came across! Thank you!!;4;0
UgwfbSPfBg-Hq0-Vhl54AaABAg;None;r16Rn4_jDfk;@dhepaksomu;UCrV0ESqocdrwn-fpj-uG_qA;http://www.youtube.com/@dhepaksomu;This video is really a booster for me. It gave me the strength , confidence to start learning python! Thanks Mosh!;This video is really a booster for me. It gave me the strength , confidence to start learning python! Thanks Mosh!;6;0
Ugxo4BZsdgBWKVAm9LZ4AaABAg;None;r16Rn4_jDfk;@jimmiriarty5799;UC-TTBo6GzHWoXtQiZH6NBKw;http://www.youtube.com/@jimmiriarty5799;Mosh. I am waiting for your data structure and algorithm course. I hope you make it as soon as possible.;Mosh. I am waiting for your data structure and algorithm course. I hope you make it as soon as possible.;72;2
UgxR_vNV0vr9aP89toV4AaABAg;None;gdiao7L9GjE;@CryptoPhenom12;UCBQAz5pW-YmcGZEDmse3rDg;http://www.youtube.com/@CryptoPhenom12;Step-by-step, no fluff, super clear. I finally understand why smart contracts matter, how frontend connects with blockchain, and why version control is actually useful. Now I see why people are betting on BSV. It’s made for the stuff I want to build.;Step-by-step, no fluff, super clear. I finally understand why smart contracts matter, how frontend connects with blockchain, and why version control is actually useful. Now I see why people are betting on BSV. It’s made for the stuff I want to build.;13;0
UgzE00yFs5HnbFfaxuh4AaABAg;None;gdiao7L9GjE;@muratacar2924;UC0_1P33ewJ2kzG_2MNtCYZA;http://www.youtube.com/@muratacar2924;"Honestly, I thought of much more complex content to become a blockchain developer but it looks like it&#39;s really not that complicated if you are already a Software Engineer.";Honestly, I thought of much more complex content to become a blockchain developer but it looks like it's really not that complicated if you are already a Software Engineer.;27;0
UgyLv_7m-5s7dYd87kB4AaABAg;None;gdiao7L9GjE;@RealMetamorphosis;UChE8S84eT_T5_dZd6VmQwsA;http://www.youtube.com/@RealMetamorphosis;Finally, someone explained this without gatekeeping. It didn’t feel overwhelming at all. If more people saw how doable this is, especially on scalable chains like BSV, the space would grow way faster.;Finally, someone explained this without gatekeeping. It didn’t feel overwhelming at all. If more people saw how doable this is, especially on scalable chains like BSV, the space would grow way faster.;6;0
UgxWZErMwmrWZY1GBbZ4AaABAg;None;gdiao7L9GjE;@Walker-ky9vy;UChKMRxXoJCq-tIFt9YQspLQ;http://www.youtube.com/@Walker-ky9vy;Honestly this is a topic I’ve been interested in of recent but don’t really know what it is and where to start. You have explained where and how to start but you would have at least started with telling us who a blockchain developer is and what it entails. Thanks for the video btw. It came at the right time.;Honestly this is a topic I’ve been interested in of recent but don’t really know what it is and where to start. You have explained where and how to start but you would have at least started with telling us who a blockchain developer is and what it entails. Thanks for the video btw. It came at the right time.;55;1
UgyxWsvJZ4UuDN9aEyR4AaABAg;None;gdiao7L9GjE;@saikonuru;UCcuKTv8wnAnCrfTCkB6z8Zg;http://www.youtube.com/@saikonuru;Thank you Mosh for considering my request and making video on Blockchain first-time in this channel.  🎉;Thank you Mosh for considering my request and making video on Blockchain first-time in this channel.  🎉;8;0
UgxnPeimSGFFMRFO5sJ4AaABAg;None;gdiao7L9GjE;@XenoHypes;UCZovkGoxzbBBCnXahB5EqeA;http://www.youtube.com/@XenoHypes;Hi Mosh, just make a video on cloud engineering roadmap. Some guys here are still confused about it and keep jumping on skill to skill;Hi Mosh, just make a video on cloud engineering roadmap. Some guys here are still confused about it and keep jumping on skill to skill;7;0
UgyEQY60GEMzpYCBImh4AaABAg;None;gdiao7L9GjE;@sup-d2t;UCkpzckDZaUzsmzhaGAc1sSQ;http://www.youtube.com/@sup-d2t;！！！！！！！！！I LOVE YOU MOSH, thanks for the roadmap;！！！！！！！！！I LOVE YOU MOSH, thanks for the roadmap;14;0
UgwHghNczX-1N_48Iyh4AaABAg;None;gdiao7L9GjE;@FutureCodingStars;UCXCEXokpYE4oL3-r3hR0ebA;http://www.youtube.com/@FutureCodingStars;This is an incredibly helpful roadmap for anyone starting out. Emphasizing foundational skills first is a brilliant approach we’ve found essential for preventing beginners from getting overwhelmed and setting them up for long-term success. Thanks for sharing this!;This is an incredibly helpful roadmap for anyone starting out. Emphasizing foundational skills first is a brilliant approach we’ve found essential for preventing beginners from getting overwhelmed and setting them up for long-term success. Thanks for sharing this!;3;0
UgySfL3GRVLwATNGPVJ4AaABAg;None;gdiao7L9GjE;@adilcn8;UCbZoBX1uAgkSRBtcZxYof2w;http://www.youtube.com/@adilcn8;"Why someone needs to learn python for a blockchain developer instead of JavaScript? Everything in web3 development is in JavaScript or JavaScript library. I still don&#39;t understand why all these influencers promoting to learn python in everything.";Why someone needs to learn python for a blockchain developer instead of JavaScript? Everything in web3 development is in JavaScript or JavaScript library. I still don't understand why all these influencers promoting to learn python in everything.;12;1
Ugz6gmuNFRePe0EMkDt4AaABAg;None;gdiao7L9GjE;@HamCraft;UCZiLWIZ1aA7IYMvFog9r25Q;http://www.youtube.com/@HamCraft;Step 1: Learn A Skill <br>Step 2: Start a youtube channel <br>Step 3: Make videos and teach for free in the beginning<br>Step 4: Once you gain enough audience,  Make a paid course for the same skill but with detailed topics.<br>Step 5: Wallah Habibi , boom you made money.;"Step 1: Learn A Skill 
Step 2: Start a youtube channel 
Step 3: Make videos and teach for free in the beginning
Step 4: Once you gain enough audience,  Make a paid course for the same skill but with detailed topics.
Step 5: Wallah Habibi , boom you made money.";210;16
UgzVZnR1JDXfWUJy8Fx4AaABAg;None;gdiao7L9GjE;@Amin-Babu;UCFhCQJ0AZq6w0Q9DBAe91bw;http://www.youtube.com/@Amin-Babu;It is related to full-stack development. It will be easier for full stack developer to switch from full stack development.;It is related to full-stack development. It will be easier for full stack developer to switch from full stack development.;2;0
UgxAQ3nxVRe3dZTB75h4AaABAg;None;gdiao7L9GjE;@zabalata01;UCDggNnnDu5MoIiJ3WwcD4lQ;http://www.youtube.com/@zabalata01;No, Python is NOT required to learn Solidity or write smart contracts.**  <br>You can master Solidity and deploy smart contracts without knowing Python. However, Python can be helpful in specific scenarios (e.g., testing, automation, or backend integration).;"No, Python is NOT required to learn Solidity or write smart contracts.**  
You can master Solidity and deploy smart contracts without knowing Python. However, Python can be helpful in specific scenarios (e.g., testing, automation, or backend integration).";5;2
UgynkpN2-TkVm7PQXtZ4AaABAg;None;gdiao7L9GjE;@Muichiro1625;UCLQDDgejtMNhHg2V7EFo-4A;http://www.youtube.com/@Muichiro1625;Fantastic roadmap! Clear, concise, and incredibly helpful for aspiring blockchain developers;Fantastic roadmap! Clear, concise, and incredibly helpful for aspiring blockchain developers;1;0
UgzSBYAJ9Y9xRoaH1gB4AaABAg;None;gdiao7L9GjE;@sebastianneira5304;UC6Gkf9wP9H1Ib2pzfQqH2oQ;http://www.youtube.com/@sebastianneira5304;Thanks for the roadmap, I’m currently trying to shift my career to become blockchain dev.;Thanks for the roadmap, I’m currently trying to shift my career to become blockchain dev.;4;9
Ugw-0MEmbllN8Tehf5V4AaABAg;None;gdiao7L9GjE;@imranullah7355;UCvatwW0m-oqe5bGP7pJ_N7Q;http://www.youtube.com/@imranullah7355;"I noticed that the video is titled &quot;Blockchain Developer Roadmap,&quot; but a significant portion of it is focused on promoting your channel. It would be great if the content aligned more closely with the title and thumbnail to meet viewers&#39; expectations";"I noticed that the video is titled ""Blockchain Developer Roadmap,"" but a significant portion of it is focused on promoting your channel. It would be great if the content aligned more closely with the title and thumbnail to meet viewers' expectations";58;3
UgyNc5HwxqOXcrg1cHd4AaABAg;None;gdiao7L9GjE;@EvangelineClaire;UCCPrON98mV8mtR5KiaGdhlw;http://www.youtube.com/@EvangelineClaire;Learning blockchain is one thing, but deploying it in a production environment is a whole different challenge. That’s why companies like Pixel Web Solutions, with a strong track record in blockchain development, are in such high demand.;Learning blockchain is one thing, but deploying it in a production environment is a whole different challenge. That’s why companies like Pixel Web Solutions, with a strong track record in blockchain development, are in such high demand.;0;0
UgxrqIHwZhWV_IQiNFd4AaABAg;None;gdiao7L9GjE;@MAF12.21;UCjcz17kfX5B5uQM6lI8CD7A;http://www.youtube.com/@MAF12.21;Can you cover the course of AI Agents Automation and Shopify App<br>1- how to create a shopify app<br>2- how to interact with AI agents in it;"Can you cover the course of AI Agents Automation and Shopify App
1- how to create a shopify app
2- how to interact with AI agents in it";3;0
UgxeSNgvPkpMrh2cVAt4AaABAg;None;gdiao7L9GjE;@CURRENCYDegest;UC9QxMpheXQGxbiJ6n9XJ8iw;http://www.youtube.com/@CURRENCYDegest;Impressed by the simplicity, I aim for simple content too.;Impressed by the simplicity, I aim for simple content too.;0;0
UgyCN9A55J4tplkyK0N4AaABAg;None;gdiao7L9GjE;@justina_ita5058;UCRz-PhoG5RZaAwm_GfI1BoA;http://www.youtube.com/@justina_ita5058;Hey Mosh, make a complete full course video from beginners to advanced for blockchain developer;Hey Mosh, make a complete full course video from beginners to advanced for blockchain developer;2;1
UgwQmUx8i7oHDVcWBAd4AaABAg;None;gdiao7L9GjE;@XelVexa;UCw-IHyJQaeQqtqh5Wu7Hzeg;http://www.youtube.com/@XelVexa;This roadmap is solid! I know some tech built for speed and scalability, definitely worth exploring for high-performance blockchain projects.;This roadmap is solid! I know some tech built for speed and scalability, definitely worth exploring for high-performance blockchain projects.;0;0
Ugz0MFznoRySP0ytQ-l4AaABAg;None;gdiao7L9GjE;@Web3Nexus_1234;UCPIS57119Fp3v_HrrmUUTTw;http://www.youtube.com/@Web3Nexus_1234;If you’re building, teranode’s the way to go. Fastest blockchain around, no doubt.;If you’re building, teranode’s the way to go. Fastest blockchain around, no doubt.;0;0
UgxGTfow_vVB21Uba694AaABAg;None;gdiao7L9GjE;@amirhosseinnazari2699;UCujPD3KTgMKnjjqDnRkvKBg;http://www.youtube.com/@amirhosseinnazari2699;Have been waiting for that! Thanks;Have been waiting for that! Thanks;1;0
UgzeYh5_8WF_jPfmVAp4AaABAg;None;gdiao7L9GjE;@aminstakhr8576;UCui_qgx3dWVfRzSFmCndtmg;http://www.youtube.com/@aminstakhr8576;hi mosh . i admire the effort and clarity you make this tutorials . thanks a lot man;hi mosh . i admire the effort and clarity you make this tutorials . thanks a lot man;1;0
UgzFrNFLh3lzpUYGTUp4AaABAg;None;gdiao7L9GjE;@Mine2Core;UCHM0yO-oTwLh25RkSosS8iA;http://www.youtube.com/@Mine2Core;It’s rare to see content like this, I share rare gems too.;It’s rare to see content like this, I share rare gems too.;0;0
UgwgfhWKTnAUfIRJW9J4AaABAg;None;gdiao7L9GjE;@deeewelt;UCptugO2_Q9aWlasvvxXBTrA;http://www.youtube.com/@deeewelt;Thanks for your always amazing, efficient and to the point content, Mosh.;Thanks for your always amazing, efficient and to the point content, Mosh.;2;0
UgwgGVIptbZTwdMaDFJ4AaABAg;None;gdiao7L9GjE;@mehdiskan;UC1vA2hd4Df8Cx4wAZhwZuOA;http://www.youtube.com/@mehdiskan;Hello Mosh,<br><br>Please create a new course for Solidity and Angular this year.;"Hello Mosh,

Please create a new course for Solidity and Angular this year.";1;0
UgxUiEr4v4j4QpoeDnd4AaABAg;None;gdiao7L9GjE;@CURRENCYDegest;UC9QxMpheXQGxbiJ6n9XJ8iw;http://www.youtube.com/@CURRENCYDegest;This channel is underrated, mine is small but similar vibe.;This channel is underrated, mine is small but similar vibe.;0;0
UgyZIHDWHpitZ0EbdhV4AaABAg;None;gdiao7L9GjE;@caseyspaulding;UC5bLstR32GMs08BsNu_s5xg;http://www.youtube.com/@caseyspaulding;Not interested in blockchain but it’s a Mosh video;Not interested in blockchain but it’s a Mosh video;0;0
UgySK4MNq5OTTHX1Jt94AaABAg;None;gdiao7L9GjE;@Abdallah_1412-n5j;UCcL6Pb_6Q331kcl_GHmZgjA;http://www.youtube.com/@Abdallah_1412-n5j;Great job 🎉;Great job 🎉;2;0
UgzVfVX9S3qQ_Kx-6Tp4AaABAg;None;gdiao7L9GjE;@KendyHabe;UCRr20mwfvA9BhsRl12EoqUQ;http://www.youtube.com/@KendyHabe;"I&#39;ve been scheduled to spend every of my 3 hours on blockchain, my dream is just to be an expert in this field., your video really thought me a lot.<br>looking forward to next notification.";"I've been scheduled to spend every of my 3 hours on blockchain, my dream is just to be an expert in this field., your video really thought me a lot.
looking forward to next notification.";0;1
UgySECwvY6KkgfKgS2N4AaABAg;None;gdiao7L9GjE;@Hawkz23;UCsX3WoDMTWx_oTwqFmo5kDw;http://www.youtube.com/@Hawkz23;Hi Mosh,<br>I’ve been following your channel and truly admire the effort and clarity you bring to your roadmap series! Your videos on topics like blockchain and web development have been game-changers for me and many others.<br><br>However, I noticed you haven’t yet covered cloud computing—one of the most in-demand fields today. A complete roadmap for cloud computing from you would be incredibly helpful for those of us looking to get started or advance in this domain.<br><br>Your guidance on this topic would mean the world to your audience. Please consider making a video on this. I’m sure it would be a game-changer, just like your other content!<br><br>Thank you for everything you do.;"Hi Mosh,
I’ve been following your channel and truly admire the effort and clarity you bring to your roadmap series! Your videos on topics like blockchain and web development have been game-changers for me and many others.

However, I noticed you haven’t yet covered cloud computing—one of the most in-demand fields today. A complete roadmap for cloud computing from you would be incredibly helpful for those of us looking to get started or advance in this domain.

Your guidance on this topic would mean the world to your audience. Please consider making a video on this. I’m sure it would be a game-changer, just like your other content!

Thank you for everything you do.";5;0
Ugzlmvsw5BVfTQ2uYlZ4AaABAg;None;gdiao7L9GjE;@TrueNorthVisas;UCkxQTiVExwcc-ypn-aDVGZw;http://www.youtube.com/@TrueNorthVisas;Please make a course on Blockchain developer;Please make a course on Blockchain developer;0;0
UgzbM8Z3lyGUpaI8KBF4AaABAg;None;gdiao7L9GjE;@mimic-250;UC88l1gWh0-4mUYLMMg1AEGg;http://www.youtube.com/@mimic-250;you need to explain what brock chain is first;you need to explain what brock chain is first;7;1
UgyOmsubeAB-5VKxB554AaABAg;None;gdiao7L9GjE;@ImHansana123;UCxvNoD9RUrX45klbZ-2ZSCw;http://www.youtube.com/@ImHansana123;"To be honest, I don&#39;t even want to be a Blockchain developer.";To be honest, I don't even want to be a Blockchain developer.;190;19
UgxSidOPlR-LjzxXJbB4AaABAg;None;gdiao7L9GjE;@MaCOSX-MN;UCeoYqhlcSFnvhPjBsGghqmQ;http://www.youtube.com/@MaCOSX-MN;"Thanks, I&#39;m waiting for game development roadmap ❤❤❤";Thanks, I'm waiting for game development roadmap ❤❤❤;0;0
Ugx3DAylDbfyI2KuoW54AaABAg;None;gdiao7L9GjE;@tranthanhlan1685;UCW1_1bl4UNWC3TWJwnAJRvQ;http://www.youtube.com/@tranthanhlan1685;Thank you very much Mosh.😅<br>I am wondering if you have any plans to create a comprehensive blockchain course in future?;"Thank you very much Mosh.😅
I am wondering if you have any plans to create a comprehensive blockchain course in future?";1;0
UgwVLqU9Xa9imt7kM7B4AaABAg;None;gdiao7L9GjE;@Babybu-y9r;UCJHFZXY5HC73cVj9yV5LStA;http://www.youtube.com/@Babybu-y9r;Cảm ơn bạn vì đã tạo ra video tuyệt vời thế này!;Cảm ơn bạn vì đã tạo ra video tuyệt vời thế này!;0;0
UgxzqsDNOS8E2HNoVI54AaABAg;None;gdiao7L9GjE;@chetankokal3489;UC-WloGG9j3vTMdQx89bWczQ;http://www.youtube.com/@chetankokal3489;Can you make a dedicated long course on Blockchain development from zero to hero;Can you make a dedicated long course on Blockchain development from zero to hero;0;0
UgyiGTEjnU6NELpRTiZ4AaABAg;None;gdiao7L9GjE;@RobertDevera-l7u;UCnf-yG4uqzCgxoDDbuhHyDQ;http://www.youtube.com/@RobertDevera-l7u;Super useful tips. If you want to build apps that scale, BSV is worth checking out. It handles tons of transactions without crazy fees. What’s your favorite blockchain to develop on?;Super useful tips. If you want to build apps that scale, BSV is worth checking out. It handles tons of transactions without crazy fees. What’s your favorite blockchain to develop on?;0;0
UgyGmz3iKKJ2b6xcM2d4AaABAg;None;gdiao7L9GjE;@MAF12.21;UCjcz17kfX5B5uQM6lI8CD7A;http://www.youtube.com/@MAF12.21;Thanks for telling us the basics of Blockchain as i know every field is not easy as it looks like when i study this i think this is totally different from simple programming languages. When i work for company then i understand what i studied the Alphabets of the English language but i experience is too deep to get everything understandable It is not an easy path;Thanks for telling us the basics of Blockchain as i know every field is not easy as it looks like when i study this i think this is totally different from simple programming languages. When i work for company then i understand what i studied the Alphabets of the English language but i experience is too deep to get everything understandable It is not an easy path;0;0
Ugx8lQMU6CEZLLlOOKN4AaABAg;None;gdiao7L9GjE;@chiomachristopher7034;UCuek1ZZP04gRNPK_CZr0iCA;http://www.youtube.com/@chiomachristopher7034;Thank you...   finally 🎉❤😊;Thank you...   finally 🎉❤😊;0;0
Ugy8rxsgB9LinO0wdaN4AaABAg;None;gdiao7L9GjE;@melo_pravh;UC6Qzv8ZGSRnFH8ILbOvXkyQ;http://www.youtube.com/@melo_pravh;Mosh Made it really simple<br>but it is not as it seems;"Mosh Made it really simple
but it is not as it seems";0;0
UgxJ6gwsHJNLIYytHdZ4AaABAg;None;gdiao7L9GjE;@sameerhassan262;UC5jixhk7fE_yvuDp6EG-ThQ;http://www.youtube.com/@sameerhassan262;Please create a video over javascript learning curve and include all the topic to learn;Please create a video over javascript learning curve and include all the topic to learn;0;0
UgxmGIPDo_YzLFENfXR4AaABAg;None;gdiao7L9GjE;@nonsookongwu1556;UCKV0sCPzjQab8kG8EN5QS4w;http://www.youtube.com/@nonsookongwu1556;"Hi Mosh, I&#39;m waiting for your course on web3.";Hi Mosh, I'm waiting for your course on web3.;5;1
UgxdYvBX9gckWfP7ond4AaABAg;None;gdiao7L9GjE;@roelaneroy2588;UCNZR18Tr1tyjajvGdB9oPGA;http://www.youtube.com/@roelaneroy2588;Nice vid. ❤;Nice vid. ❤;1;0
Ugzoukvi87gKtkBJayd4AaABAg;None;gdiao7L9GjE;@panizzutti;UCclgy-hL1451AOOEyuFK2IA;http://www.youtube.com/@panizzutti;learning this for my startup;learning this for my startup;2;1
UgxIM4MOKQpfJwzYWbB4AaABAg;None;gdiao7L9GjE;@thewodrosfikre1095;UC8F-ul-pp3wFYaAoJjJMH5g;http://www.youtube.com/@thewodrosfikre1095;This is quite helpful , Thanks;This is quite helpful , Thanks;1;0
UgzBKcaAavSM3SwCK1h4AaABAg;None;gdiao7L9GjE;@bharatdas92;UCGhs9g7dDv66mZp0HJY_uow;http://www.youtube.com/@bharatdas92;Please update your React, Javascript, Nodejs courses.;Please update your React, Javascript, Nodejs courses.;1;0
UgzWf6uEGshDiv2gtW94AaABAg;None;gdiao7L9GjE;@HazelOlivarez-l6k;UCidhEhVN0QosVcOrBqCNeSg;http://www.youtube.com/@HazelOlivarez-l6k;"If youre serious about performance this is the one. <a href=""http://www.youtube.com/results?search_query=%23teranode"">#teranode</a>";If youre serious about performance this is the one. #teranode;0;0
UgzRBV7y-gSb2f4OXgp4AaABAg;None;gdiao7L9GjE;@aasia-khan;UCVAZl56IuzpTQA6DyroTJkA;http://www.youtube.com/@aasia-khan;"I just always love your content and your courses... super genius how you teach them; I really get the hang of it when I follow exactly word for word.. thank you so much...";"I just always love your content and your courses... super genius how you teach them; I really get the hang of it when I follow exactly word for word.. thank you so much...";0;0
Ugzm6r5m2o2_mp-occh4AaABAg;None;t9j8lCUGZXo;@passportbro904;UCrFMWrJRe71hA5MKnkgfOXg;http://www.youtube.com/@passportbro904;"Mosh taught me to code, i used his website to do his full python course, ill be forever grateful to this man, he&#39;ll never know who i am, but he changed my life. Thanks Mosh";Mosh taught me to code, i used his website to do his full python course, ill be forever grateful to this man, he'll never know who i am, but he changed my life. Thanks Mosh;12;1
Ugx8F6S4Ub6GLY5GaIt4AaABAg;None;t9j8lCUGZXo;@activestate;UC4LFV6NFzlr1kZ5VBTLozFw;http://www.youtube.com/@activestate;Always great to see easy to understand courses for beginners!;Always great to see easy to understand courses for beginners!;7;0
Ugz3I_Bo4zgvnODiZNR4AaABAg;None;t9j8lCUGZXo;@debasisht7269;UCxfn1arwrvgcxuGEgllVHVA;http://www.youtube.com/@debasisht7269;It was not in our school syllabus thanks for the knowledge;It was not in our school syllabus thanks for the knowledge;3;0
UgygEPzc5OSYQbsoRkt4AaABAg;None;t9j8lCUGZXo;@oshoraval;UCo1GWVcQ1yw-HHBtyPq4_WQ;http://www.youtube.com/@oshoraval;I have no word to say thanks...you are amazing ..teacher ..;I have no word to say thanks...you are amazing ..teacher ..;1;0
UgxtoGY1DBJ5mGeWCMx4AaABAg;None;t9j8lCUGZXo;@Coolblueocean2001;UC61SGIYmJBmm7Hp8L-1HOIA;http://www.youtube.com/@Coolblueocean2001;Your videos are the best.;Your videos are the best.;2;0
UgySE8V2vgt61Pwmmu94AaABAg;None;t9j8lCUGZXo;@DIYOREX;UCsqGdPOKoCnjJ5hL84WQvlw;http://www.youtube.com/@DIYOREX;thanks bro for all python lessons;thanks bro for all python lessons;1;0
UgzkhNSJ5fBKWtMawCd4AaABAg;None;t9j8lCUGZXo;@williamseliott3636;UCv4zAFbKS5EAV0gB9NUknzQ;http://www.youtube.com/@williamseliott3636;"thank you so much. it&#39;s supper accessible and easy to learn.";thank you so much. it's supper accessible and easy to learn.;1;0
UgwXZh47wUTIJkrgM7x4AaABAg;None;t9j8lCUGZXo;@mewxriachan9930;UCI8AUDZBgwq9Sno16GZg3NQ;http://www.youtube.com/@mewxriachan9930;Great video!;Great video!;1;0
Ugz_c9LO5nXhXEBqGKp4AaABAg;None;t9j8lCUGZXo;@TanEsal;UCd_ilGqqr631DChwWjaq-9Q;http://www.youtube.com/@TanEsal;new_empty_set = set()<br>new_empty_dict = {}<br><br>dicts were indroduced in python earlier than sets;"new_empty_set = set()
new_empty_dict = {}

dicts were indroduced in python earlier than sets";1;0
UgzFYCduovpV34Cl7It4AaABAg;None;t9j8lCUGZXo;@mosama22;UCR0qR0ORHJ1GG3k2eSbnAFQ;http://www.youtube.com/@mosama22;Thank you for the beautiful video :-);Thank you for the beautiful video :-);1;0
UgyxZpVSObet4s6yvGV4AaABAg;None;t9j8lCUGZXo;@mohammadanarul624;UCJtAOEdlMCI1xUSQH3spg-w;http://www.youtube.com/@mohammadanarul624;good sir..;good sir..;1;0
UgzkIEvzqumkKtlYhyp4AaABAg;None;t9j8lCUGZXo;@Feetrex;UC5S30ohBdLpVdpMW8ZQrMNg;http://www.youtube.com/@Feetrex;are these topics not included in the 2 hours of python course you uploaded are you gonna upload short clips of full course here if yes then it will be a great help;are these topics not included in the 2 hours of python course you uploaded are you gonna upload short clips of full course here if yes then it will be a great help;1;0
UgzU4SfhvmD5w2zsi1F4AaABAg;None;t9j8lCUGZXo;@asoraneleh;UCiMT4qY_fZxNU2kj-10ihDg;http://www.youtube.com/@asoraneleh;Excelente, gracias.;Excelente, gracias.;0;0
Ugwosye_PpQl-KaaXVB4AaABAg;None;t9j8lCUGZXo;@DevJokesAndMore;UC0SfU683Px1OwuQ5kvTPbjQ;http://www.youtube.com/@DevJokesAndMore;Which theme you are using?;Which theme you are using?;0;0
Ugw-IJ1uY2I9Ec_J3Nd4AaABAg;None;t9j8lCUGZXo;@AF-hv4yy;UC5aIXy-M7WfefrE3Rpu4Nhg;http://www.youtube.com/@AF-hv4yy;God bless you.;God bless you.;0;0
Ugy_8ox5fI_9JxzMFsl4AaABAg;None;t9j8lCUGZXo;@Yuki-kun0305;UCO6qyhb1It3ap6w7yNLLQtA;http://www.youtube.com/@Yuki-kun0305;hi again, mosh! :D;hi again, mosh! :D;0;0
UgwTdoIP3cCtOUH4Nmt4AaABAg;None;t9j8lCUGZXo;@Code_craft4;UCaV5K9SX1C-EHVqibzBU3KA;http://www.youtube.com/@Code_craft4;perfect;perfect;0;0
UgzqM-7wTa2J9rFMt_t4AaABAg;None;t9j8lCUGZXo;@tonalddrumpboe5151;UCuqkqZhLwrX38nhtI9HBskA;http://www.youtube.com/@tonalddrumpboe5151;Set are unordered, have no durplicates, and don’t support indexing as a result. <br>Exactly the same as mathematical sets with union, and intersection operations;"Set are unordered, have no durplicates, and don’t support indexing as a result. 
Exactly the same as mathematical sets with union, and intersection operations";0;0
UgzAMWpZXkV0431sL694AaABAg;None;t9j8lCUGZXo;@lucaszecat;UCuTDXKNpJexqoQ2KlV3TB6A;http://www.youtube.com/@lucaszecat;What applicatiom are you using ?;What applicatiom are you using ?;0;1
UgzWgHBHozUT8gEGaQN4AaABAg;None;t9j8lCUGZXo;@hiteshchoudhary3412;UCF2h_fjJftaXFtm8FectQzw;http://www.youtube.com/@hiteshchoudhary3412;Hi mosh please upload your react course on udemy,. Lots of students are waiting fir your course, because when I type mosh in udemy search input that search suggestion is automatically showing your react course suggestion, but not found, please upload your react course in udemy????;Hi mosh please upload your react course on udemy,. Lots of students are waiting fir your course, because when I type mosh in udemy search input that search suggestion is automatically showing your react course suggestion, but not found, please upload your react course in udemy????;1;1
UgzW-wJtueOZe6KPItt4AaABAg;None;t9j8lCUGZXo;@dr.drakon3928;UCOPuSWfe3kXx92LZ0lzfCDw;http://www.youtube.com/@dr.drakon3928;"Is declaration of sets &amp; dictionary same? Like both of them uses { }<br>a = { }<br>For both is correct right ?";"Is declaration of sets & dictionary same? Like both of them uses { }
a = { }
For both is correct right ?";0;2
Ugz--2jCZW6llQBrQi94AaABAg;None;t9j8lCUGZXo;@nandineeuma6659;UCn4fHI_BGGEG0Cbs43kkB8A;http://www.youtube.com/@nandineeuma6659;Hi, Can you please help me with this how to concatenate multiple rows into single cell separated by comma;Hi, Can you please help me with this how to concatenate multiple rows into single cell separated by comma;1;1
UgyAAym3ny5ybaYjTTd4AaABAg;None;t9j8lCUGZXo;@anoobis4996;UC_q4IhU1PnV4BXff4uWCkiw;http://www.youtube.com/@anoobis4996;assembler is faster !;assembler is faster !;0;0
UgwT2OWvUAMrgPQQhRR4AaABAg;None;t9j8lCUGZXo;@ErkanOkman;UCfItBmrBzj7ZBDaWESUeCHg;http://www.youtube.com/@ErkanOkman;👍👏;👍👏;1;0
UgwrLTPuFhDCoQqtH494AaABAg;None;t9j8lCUGZXo;@henrycederblad3157;UCmqCiTqwqFnmQkDPSe59zoQ;http://www.youtube.com/@henrycederblad3157;numbers = (1, 1, 2, 3, 4)<br>first = set(numbers)<br>second = (1, 5)<br><br>print(first | second)<br><br>When I do it, the vertical line is not accepted, it remains the same collor as first and second. How come? I believe this code is the same as what you did.;"numbers = (1, 1, 2, 3, 4)
first = set(numbers)
second = (1, 5)

print(first | second)

When I do it, the vertical line is not accepted, it remains the same collor as first and second. How come? I believe this code is the same as what you did.";0;1
UgxW98AvGy2YzFQ5_u14AaABAg;None;t9j8lCUGZXo;@ZedTheThrid;UCPb5qU_3Kig5Lw6HGjoc2Vw;http://www.youtube.com/@ZedTheThrid;"Can someone explain how sets are unordered but are in order when you print/iterate through them? <a href=""https://www.youtube.com/watch?v=t9j8lCUGZXo&amp;t=236"">3:56</a>";Can someone explain how sets are unordered but are in order when you print/iterate through them? 3:56;0;3
UgyDkfKZTbOrDZCXK094AaABAg;None;t9j8lCUGZXo;@Rahamuseo;UCM8B5f3SZC5-OrYg3kJWMHw;http://www.youtube.com/@Rahamuseo;Search for Arena Python swimming goggles brought me here. Not what I expected to find 🤔;Search for Arena Python swimming goggles brought me here. Not what I expected to find 🤔;0;0
UgzFiGQlohFh9I8-B254AaABAg;None;t9j8lCUGZXo;@prashanttiwari120;UCaG2ZbD2TXnc-D3YRggpo1w;http://www.youtube.com/@prashanttiwari120;Hi Mosh please make tutorial on spring boot and especially spring security .It will be very useful for lots of people , especially of you are doing :);Hi Mosh please make tutorial on spring boot and especially spring security .It will be very useful for lots of people , especially of you are doing :);0;0
UgwJLdpgbxTHLFEJihl4AaABAg;None;t9j8lCUGZXo;@rubengeertvandenberg3336;UC1khD8sL-wufqLQ9JMCTE8w;http://www.youtube.com/@rubengeertvandenberg3336;"Thanks Mosh! <br><br>A tiny experiment you could add is something like<br><br>knaagdir = {1,4,8,3,6,4}<br>print(type(knaagdir))<br>print((knaagdir)) <a href=""http://www.youtube.com/results?search_query=%23aware"">#aware</a> of redundant parentheses but too lazy to remove them<br><br>Keep up the good work!";"Thanks Mosh! 

A tiny experiment you could add is something like

knaagdir = {1,4,8,3,6,4}
print(type(knaagdir))
print((knaagdir)) #aware of redundant parentheses but too lazy to remove them

Keep up the good work!";0;0
Ugy9exHFORv9JIctPyl4AaABAg;None;t9j8lCUGZXo;@debjyotichattopadhyay6679;UCaemvtlFuhKBAVLgOr5-rGQ;http://www.youtube.com/@debjyotichattopadhyay6679;"a=set(&quot;python&quot;,&quot;data&quot;)    is an invalid declaration<br>but <br>a={&quot;python&quot;,&quot;data&quot;}         is valid declaration <br>why is this so?? even when both are for declaring sets";"a=set(""python"",""data"")    is an invalid declaration
but 
a={""python"",""data""}         is valid declaration 
why is this so?? even when both are for declaring sets";0;2
Ugyir29uHdPnM0no2Md4AaABAg;None;t9j8lCUGZXo;@Varun-tt2zq;UCFEdRZ0cPhztI54G0UdsWrg;http://www.youtube.com/@Varun-tt2zq;Indians like here;Indians like here;0;0
Ugyi2lUjPNPZ4FBIC5d4AaABAg;None;t9j8lCUGZXo;@sammalta3047;UC8HjLsP1v1zgxWVRs4s82hA;http://www.youtube.com/@sammalta3047;Hey buddy I just commented on another video . I now see it is not you fault. I was on the wrong account ... sorry.;Hey buddy I just commented on another video . I now see it is not you fault. I was on the wrong account ... sorry.;0;0
UgwzOPYhDi5-A82Ggql4AaABAg;None;t9j8lCUGZXo;@isorozco511;UCoiKs2S9QOhXM93-pA4ZqMA;http://www.youtube.com/@isorozco511;"this is not a beginner friendly course, he doesnt stop to explain what he&#39;s doing he just throws it all at you. Mosh sucks.";this is not a beginner friendly course, he doesnt stop to explain what he's doing he just throws it all at you. Mosh sucks.;0;1
UgwPCKNBWfmyFuea1yJ4AaABAg;None;t9j8lCUGZXo;@mitaly_90;UCIXspsu85TrSp2rnpSZY8ew;http://www.youtube.com/@mitaly_90;great and so useful, many thanks <br>🤌;"great and so useful, many thanks 
🤌";0;0
UgwXudgx7xFO_9U7E-d4AaABAg;None;J-graiyPhpw;@robertsandiford6223;UCJkDviSOkJEvJzwj5dRcjNg;http://www.youtube.com/@robertsandiford6223;"Null actually means null pointer. Values that contain objects are actually pointers to the object rather than containing the object themself, and null is pointer to nothing. Which is why typeof null is &#39;object&#39;.";Null actually means null pointer. Values that contain objects are actually pointers to the object rather than containing the object themself, and null is pointer to nothing. Which is why typeof null is 'object'.;68;2
Ugx4Wxe4BCi4GNEpy1t4AaABAg;None;J-graiyPhpw;@JW-pu1uk;UClc6i2ApSlTORGpvyz45RaA;http://www.youtube.com/@JW-pu1uk;I just started a full stack JS job w/ data analysis job duties too. Seeing this video has made my heart skip a beat.;I just started a full stack JS job w/ data analysis job duties too. Seeing this video has made my heart skip a beat.;9;0
Ugzf6MD4MaA2y2P82od4AaABAg;None;J-graiyPhpw;@dschledermann;UCQHor0FmrRyhxIKRlYDEMOA;http://www.youtube.com/@dschledermann;"I know PHP, I know Rust, I know SQL, I know Shell-script, I even once knew C and C++, but I have never managed to get comfortable with Javascript. I don&#39;t think I ever will. It never ceases to confuse me.";I know PHP, I know Rust, I know SQL, I know Shell-script, I even once knew C and C++, but I have never managed to get comfortable with Javascript. I don't think I ever will. It never ceases to confuse me.;119;10
Ugx93tHTyHa16ms8amt4AaABAg;None;J-graiyPhpw;@AnnCatsanndra;UCmTryG5mN-QKaVsjvjlT5-w;http://www.youtube.com/@AnnCatsanndra;"Honestly I kinda love the speed to prototype in JavaScript, even knowing the risk of accruing insane technical debt is a perpetual risk with how quiet the language is about the dev&#39;s mistakes.<br><br>I dunno, I&#39;d rather just take the type coersions in JS than C segmentation faults and Java verbosity.";"Honestly I kinda love the speed to prototype in JavaScript, even knowing the risk of accruing insane technical debt is a perpetual risk with how quiet the language is about the dev's mistakes.

I dunno, I'd rather just take the type coersions in JS than C segmentation faults and Java verbosity.";7;0
Ugwg1hCTb2B2EgXU3qp4AaABAg;None;J-graiyPhpw;@jasper2virtual;UC3xOBdApLhz9wiDCDpzFw3g;http://www.youtube.com/@jasper2virtual;If you want to be a frontend wizard, you have no choice to master js html css. That is life.;If you want to be a frontend wizard, you have no choice to master js html css. That is life.;6;0
UgxoTWWn7_8eFSIkREh4AaABAg;None;J-graiyPhpw;@dni_;UCYI36RT-ftmWo6_-IzZDkmw;http://www.youtube.com/@dni_;"meanwhile im 46yo,self taught  and still learning  JS &gt;HTML&gt;CSS&gt;React with vite  for the last one year, im having fun learning JS because  i want to be front end dev for my  freelance journey";meanwhile im 46yo,self taught  and still learning  JS >HTML>CSS>React with vite  for the last one year, im having fun learning JS because  i want to be front end dev for my  freelance journey;26;1
UgzI96oyWakGQPG7j9F4AaABAg;None;J-graiyPhpw;@CoolTebza-eh7ig;UCoamGGPDrfuQqer3pkurTeQ;http://www.youtube.com/@CoolTebza-eh7ig;"Matter of preference. Some when they see complications they stop learn that thing. But i think developers should be vast knowledgeable in every tool out there. But who I&#39;m i but people choose what they like";Matter of preference. Some when they see complications they stop learn that thing. But i think developers should be vast knowledgeable in every tool out there. But who I'm i but people choose what they like;4;0
UgwXBfbr3xpIjFrVRap4AaABAg;None;J-graiyPhpw;@jpallatin;UCdE5y5TZTvMj2TfHG5Eozqg;http://www.youtube.com/@jpallatin;JavaScript is weird, but somehow I love it so much.;JavaScript is weird, but somehow I love it so much.;162;11
Ugw7G5Knb7bEBM2WNNV4AaABAg;None;J-graiyPhpw;@cozybear1104;UCe0wHB_AW4hHmrTb7wBnAag;http://www.youtube.com/@cozybear1104;"If companies or developers stopped releasing new JavaScript libraries or frameworks every nanosecond, maybe I wouldn&#39;t hate it.<br><br>EDIT: I dont want to use any of them, as the tech layoff wave is spreading, overrule of AI and ridiculous demands from employers, I stop learning new non sense tech just to please my (future)employers or clients so they can pay me less while having a fullstack. I&#39;m now focus in ReactJS/Angular/Nest and hope those skills can buy me 2-3 years more while I&#39;m learning new skills and start over with diff job, away from tech job for good.";"If companies or developers stopped releasing new JavaScript libraries or frameworks every nanosecond, maybe I wouldn't hate it.

EDIT: I dont want to use any of them, as the tech layoff wave is spreading, overrule of AI and ridiculous demands from employers, I stop learning new non sense tech just to please my (future)employers or clients so they can pay me less while having a fullstack. I'm now focus in ReactJS/Angular/Nest and hope those skills can buy me 2-3 years more while I'm learning new skills and start over with diff job, away from tech job for good.";148;18
UgzQ34qe4_7NBqXwuOF4AaABAg;None;J-graiyPhpw;@FutureCodingStars;UCXCEXokpYE4oL3-r3hR0ebA;http://www.youtube.com/@FutureCodingStars;"This is a fantastic and honest look at JavaScript&#39;s quirks. It&#39;s so important for new coders to understand these are design choices, not bugs. I always tell kids that &quot;weird&quot; behaviors like loose equality are great puzzles to solve. It&#39;s a great lesson in learning to work with a language, not against it.";"This is a fantastic and honest look at JavaScript's quirks. It's so important for new coders to understand these are design choices, not bugs. I always tell kids that ""weird"" behaviors like loose equality are great puzzles to solve. It's a great lesson in learning to work with a language, not against it.";0;0
Ugy-sOECiZ1mAGdkpM14AaABAg;None;J-graiyPhpw;@Mr3xclamtion;UCLadZ7p5LUKWkGRGKsfI0pA;http://www.youtube.com/@Mr3xclamtion;"I was a C# developer for 4 years and then a node/react dev for the next 6 and I can say, most of these are really non-issues... Sure they &quot;exist&quot; but they aren&#39;t really issues. No one is trying to add an empty object to the string &quot;0&quot; in production. We have linters that prevent you from using == and most of the time we don&#39;t even use the &quot;this&quot; keyword. Module systems are set up once and forgotten about. Also the &quot;chasing shiny frameworks&quot; rhetoric is not something I&#39;ve seen in reality, I&#39;m not sure why it&#39;s being perpetuated so much. These frameworks come out fast but they don&#39;t get adopted fast. The fact that JS has given so many devs the ability to create frameworks in the first place should speak to it&#39;s it&#39;s flexibility. <br><br>If you&#39;re new to programming and want to learn JS, do it. It&#39;s a flexible language that can run in many places and is easy to learn. It has issues, but so do all the other languages. Anyone that says otherwise, wants to waste their time arguing rather than getting code shipped.";"I was a C# developer for 4 years and then a node/react dev for the next 6 and I can say, most of these are really non-issues... Sure they ""exist"" but they aren't really issues. No one is trying to add an empty object to the string ""0"" in production. We have linters that prevent you from using == and most of the time we don't even use the ""this"" keyword. Module systems are set up once and forgotten about. Also the ""chasing shiny frameworks"" rhetoric is not something I've seen in reality, I'm not sure why it's being perpetuated so much. These frameworks come out fast but they don't get adopted fast. The fact that JS has given so many devs the ability to create frameworks in the first place should speak to it's it's flexibility. 

If you're new to programming and want to learn JS, do it. It's a flexible language that can run in many places and is easy to learn. It has issues, but so do all the other languages. Anyone that says otherwise, wants to waste their time arguing rather than getting code shipped.";25;3
UgxhSt7ucdaJyeNaDZl4AaABAg;None;J-graiyPhpw;@ducodarling;UCOe03Rcb_6xCnIE_u4p6kgA;http://www.youtube.com/@ducodarling;"MySQL has the motto &quot;garbage in, garbage out&quot; , and no one complains about that. You cant add objects, you should expect to get nonsense back in a scripting language that aims to keep running.<br>The real reason devs hate JS is because it doesn&#39;t tell them exactly what to do and how to do it. If you keep removing flexibility, you&#39;ll end up with a tool that&#39;s so terse, it&#39;ll make more sense to automate it than let you toy with it.";"MySQL has the motto ""garbage in, garbage out"" , and no one complains about that. You cant add objects, you should expect to get nonsense back in a scripting language that aims to keep running.
The real reason devs hate JS is because it doesn't tell them exactly what to do and how to do it. If you keep removing flexibility, you'll end up with a tool that's so terse, it'll make more sense to automate it than let you toy with it.";3;0
UgzLp9yRcmnem3PYxSZ4AaABAg;None;J-graiyPhpw;@milton2755;UCRz4j8iDtWy957Yh1H-QSTg;http://www.youtube.com/@milton2755;The chaos is what makes it beautiful;The chaos is what makes it beautiful;3;0
UgxvruhfLWmnXsP9ygZ4AaABAg;None;J-graiyPhpw;@umerbedewi477;UC_0rntzZFiDH_pLJWw7yhFw;http://www.youtube.com/@umerbedewi477;"I&#39;m deeply learning html and css right now next it&#39;s javascript, I want to be frontend developer";I'm deeply learning html and css right now next it's javascript, I want to be frontend developer;83;14
Ugyf4_ZGZ6b8rEuNuMJ4AaABAg;None;J-graiyPhpw;@KamramBehzad;UCMP6pKDqKtjuId6ZZ1zEvoA;http://www.youtube.com/@KamramBehzad;"I went through BASIC, C++, Pascal (later Delphi) and finally settled on C# for 2 decades. Once over lunch we were discussing JS with colleagues who used it. I said I hate it. They asked why. Not that they were surprised; they just wanted to hear my version. I said: &quot;I feel like coding in JS compared to C# is like going to a ballroom party in your pyjamas. Not that it can&#39;t be done. It just doesn&#39;t ever feel right&quot;.<br><br>For the short while I was sentenced to using JS, I remember I spent more than half a day once just chasing a bug due to null checking errors. That&#39;s criminal if you ask me. Horrible thing JS. I will not dignify it by calling it a language.";"I went through BASIC, C++, Pascal (later Delphi) and finally settled on C# for 2 decades. Once over lunch we were discussing JS with colleagues who used it. I said I hate it. They asked why. Not that they were surprised; they just wanted to hear my version. I said: ""I feel like coding in JS compared to C# is like going to a ballroom party in your pyjamas. Not that it can't be done. It just doesn't ever feel right"".

For the short while I was sentenced to using JS, I remember I spent more than half a day once just chasing a bug due to null checking errors. That's criminal if you ask me. Horrible thing JS. I will not dignify it by calling it a language.";25;7
UgytPx3MVdFzh-7l8Ip4AaABAg;None;J-graiyPhpw;@TrusePkay;UCL0IDZSBGhIjJFbkt-N8V_A;http://www.youtube.com/@TrusePkay;"I decided to take JavaScript seriously because of Dash&#39;s clientside callbacks.<br><br>And I recently got hired into a web development firm that wanted a Python developer just like me. So I decided to learn JavaScript.<br><br>That undefined vs null causes a little bit of problems.<br><br>Once I knew the distinction:<br>const, let, var<br>undefined, null<br>object, array, map, set.<br>I also knew JavaScript classes were fake.<br><br>I was ready.";"I decided to take JavaScript seriously because of Dash's clientside callbacks.

And I recently got hired into a web development firm that wanted a Python developer just like me. So I decided to learn JavaScript.

That undefined vs null causes a little bit of problems.

Once I knew the distinction:
const, let, var
undefined, null
object, array, map, set.
I also knew JavaScript classes were fake.

I was ready.";15;3
UgzOdeAnow_h4nCTqhR4AaABAg;None;J-graiyPhpw;@ashmoore3709;UC9eAa55_dw0CVzHVqyPt1Cg;http://www.youtube.com/@ashmoore3709;Thanks for your amazing content Mosh. You videos are not only very engaging and useful, but also very therapeutic and refreshing 😊;Thanks for your amazing content Mosh. You videos are not only very engaging and useful, but also very therapeutic and refreshing 😊;5;0
Ugx55jqIg1u0iaPzY8B4AaABAg;None;J-graiyPhpw;@verydifferentthought;UCen7GZ38QzDHm4uFLRg2pOg;http://www.youtube.com/@verydifferentthought;My first paid project was a telegram bot which I created using NodeJS.  So I assigned price as number, but admin entered it with comma. All the posts he created had undefined on price 😂😂;My first paid project was a telegram bot which I created using NodeJS.  So I assigned price as number, but admin entered it with comma. All the posts he created had undefined on price 😂😂;12;3
UgzrkIvEuGfuw9LRQj14AaABAg;None;J-graiyPhpw;@davidlee1820;UCSjs87jxdTf-057gRNujoEA;http://www.youtube.com/@davidlee1820;"It&#39;s essential to learn html and css before learning JavaScript. JavaScript is crucial especially if you are doing web app hacking as a ethical hacker.";It's essential to learn html and css before learning JavaScript. JavaScript is crucial especially if you are doing web app hacking as a ethical hacker.;0;0
Ugz7juXx3uK0N8R-eUB4AaABAg;None;J-graiyPhpw;@shazzad_hosen;UCerW50x35NLpIbdfyk-wWRQ;http://www.youtube.com/@shazzad_hosen;hello sir, its great to see you again;hello sir, its great to see you again;5;0
UgxEOx_5oJzRMzLyvnt4AaABAg;None;J-graiyPhpw;@Aeric80;UCgqGg1R1jDVjiwauekdnlKw;http://www.youtube.com/@Aeric80;"I can&#39;t understand why.<br><br>1. The syntax doesn&#39;t make sense to me. It&#39;s like you learn the basic pronunciation in English but some words don&#39;t pronounce as it should.<br>2. Alright it was created in a short time, so every time this can be a good excuse to why it is bad?<br>3. Problem is vast majority of people are using it and the number is still growing even though it is bad.<br>4. Even after it has so many versions updated, I still don&#39;t see it gets better but worse.<br>5. Why it becomes more complicated nowadays and some &quot;clever&quot; people combine it with functional programming. <br>6. Why it need so much resources to compile by node. Why so many dependencies and vulnerabilities.<br><br>7. Why it wants to take over the role of the back-end&#39;s and try to replace native app. Why full page refresh is so bad and SPA is so great?<br>8. Shortcut doesn&#39;t means it make things more simpler but it actually make things more difficult to read, such as three dots, anonymous functions, etc.<br>9. Introduction of new features to add more complexity in new version but hesitate to drop some old syntax for the sake of backward compatibility, such as redundant intro to keywords like let instead of var and why not replace document.getElementByID with a much shorter keyword. I mean why not just introduce a brand new cleaner JS that not backward compatible? It may be pain but better for the future.<br>10. Why not bring back an improved version of VBScript? JS will continue to be bad even though developers have tried to patch the broken holes.<br><br>After all, I still feel jQuery is making more sense than any other frameworks. I don&#39;t know where the &quot;smart&quot; idea of virtual DOM comes from. Where people think React and Vue are so great.<br><br>I have to stop here. My brain is going to burst if I keep going. <br><br>Maybe JS supporters will start arguing with me. lol";"I can't understand why.

1. The syntax doesn't make sense to me. It's like you learn the basic pronunciation in English but some words don't pronounce as it should.
2. Alright it was created in a short time, so every time this can be a good excuse to why it is bad?
3. Problem is vast majority of people are using it and the number is still growing even though it is bad.
4. Even after it has so many versions updated, I still don't see it gets better but worse.
5. Why it becomes more complicated nowadays and some ""clever"" people combine it with functional programming. 
6. Why it need so much resources to compile by node. Why so many dependencies and vulnerabilities.

7. Why it wants to take over the role of the back-end's and try to replace native app. Why full page refresh is so bad and SPA is so great?
8. Shortcut doesn't means it make things more simpler but it actually make things more difficult to read, such as three dots, anonymous functions, etc.
9. Introduction of new features to add more complexity in new version but hesitate to drop some old syntax for the sake of backward compatibility, such as redundant intro to keywords like let instead of var and why not replace document.getElementByID with a much shorter keyword. I mean why not just introduce a brand new cleaner JS that not backward compatible? It may be pain but better for the future.
10. Why not bring back an improved version of VBScript? JS will continue to be bad even though developers have tried to patch the broken holes.

After all, I still feel jQuery is making more sense than any other frameworks. I don't know where the ""smart"" idea of virtual DOM comes from. Where people think React and Vue are so great.

I have to stop here. My brain is going to burst if I keep going. 

Maybe JS supporters will start arguing with me. lol";1;0
Ugwx0EZQO9uxm5ZKred4AaABAg;None;J-graiyPhpw;@feralaca123;UC5lNSUyrAs_21xYVuUKqMjA;http://www.youtube.com/@feralaca123;"I love javascript, I have used it for years, almost two decades now. I just don&#39;t like to use it on the server.";I love javascript, I have used it for years, almost two decades now. I just don't like to use it on the server.;3;0
UgyeO5B9gFJK3Rg2Cmd4AaABAg;None;J-graiyPhpw;@arikplanet8525;UCcVuGNiyLrK5MTwgTN51_hA;http://www.youtube.com/@arikplanet8525;"Doing great. Here&#39;s a dare for you: Make a tutorial video of half an hour in QBasic Language.";Doing great. Here's a dare for you: Make a tutorial video of half an hour in QBasic Language.;2;0
UgwhLi96UY0nrNqlaQl4AaABAg;None;J-graiyPhpw;@KennTollens;UC70o_Gx2xA5IaqByJqgtGNQ;http://www.youtube.com/@KennTollens;Javasacript and Python are the only ones I like, but I only use vanilla JavaScript, css and html. Once I started creating html elements dynamically with JavaScript using the DOM is when I really learned JavaScript.;Javasacript and Python are the only ones I like, but I only use vanilla JavaScript, css and html. Once I started creating html elements dynamically with JavaScript using the DOM is when I really learned JavaScript.;0;0
UgyqwjDYvkaxcM6Nfpt4AaABAg;None;J-graiyPhpw;@greenjello421;UCZOSVklXaMF4246R_GjSOrg;http://www.youtube.com/@greenjello421;"It does run everywhere, and it&#39;s very accessible. And once you get to know it it makes a lot more sense. I can&#39;t see myself using any other language moving forward unless I need access to hardware or something";It does run everywhere, and it's very accessible. And once you get to know it it makes a lot more sense. I can't see myself using any other language moving forward unless I need access to hardware or something;2;1
UgwDP4gKRKytrnm70BZ4AaABAg;None;J-graiyPhpw;@MARC1TIM;UCyIuPevY8REmzy_03V23CpA;http://www.youtube.com/@MARC1TIM;All very good points. I want to add poor coding conventions to the mix as well. I do not like the we need to write code in one event to update code in another.;All very good points. I want to add poor coding conventions to the mix as well. I do not like the we need to write code in one event to update code in another.;1;0
UgyDF2VzPcsgjN41goN4AaABAg;None;J-graiyPhpw;@Rovsau;UC_rbep71Gf9gV3EyUxxQdJg;http://www.youtube.com/@Rovsau;"One reason to hate JavaScript less these days, is AI like ChatGPT.<br>Teaching and reminding of language quirks is a pretty good feature.<br>Not that they are always right, but I&#39;ve found great help when exploring new languages so far.";"One reason to hate JavaScript less these days, is AI like ChatGPT.
Teaching and reminding of language quirks is a pretty good feature.
Not that they are always right, but I've found great help when exploring new languages so far.";0;0
UgyUcIgWBWGA5xjC8bp4AaABAg;None;J-graiyPhpw;@giorgiobarchiesi5003;UCX6oHxCkqCpfP63gWWKLM5g;http://www.youtube.com/@giorgiobarchiesi5003;"There is another alternative to JavaScript, beside TypeScript: Dart/Flutter. When compiled/run for the web it is automatically translated to JavaScript. And Dart if a safe and consistent language. Both type-safe, and null-safe. So a lot of bugs are simply prevented by the language itself.<br>Of course, a scricter language requires greater design and programming skills; therefore you need to be a pro.";"There is another alternative to JavaScript, beside TypeScript: Dart/Flutter. When compiled/run for the web it is automatically translated to JavaScript. And Dart if a safe and consistent language. Both type-safe, and null-safe. So a lot of bugs are simply prevented by the language itself.
Of course, a scricter language requires greater design and programming skills; therefore you need to be a pro.";1;1
UgxQxeZj16GhhWJypuF4AaABAg;None;J-graiyPhpw;@ashwinsuryawanshi;UC63FRSxcFDG0dshIOMi3RsA;http://www.youtube.com/@ashwinsuryawanshi;Good. to see you back.;Good. to see you back.;1;0
Ugx9hTqBM96Z6mPpApN4AaABAg;None;J-graiyPhpw;@GustvandeWal;UC6k7BfzohscCxwMRXa_ddDA;http://www.youtube.com/@GustvandeWal;"Okay where does <a href=""https://www.youtube.com/watch?v=J-graiyPhpw&amp;t=137"">2:17</a> come from?? It seems hilarious";Okay where does 2:17 come from?? It seems hilarious;9;0
UgyUlpGmrYDJggMBDcd4AaABAg;None;J-graiyPhpw;@siya.abc123;UCfWQ01PNzYhi_aC-bwzZFMQ;http://www.youtube.com/@siya.abc123;"I don&#39;t hate JavaScript, but I can&#39;t say the same about the ecosystem";I don't hate JavaScript, but I can't say the same about the ecosystem;4;0
UgwPXqp6fri03LClRp14AaABAg;None;J-graiyPhpw;@ertugrulghazi334;UCphw_Rr59ZeYCQcpdFLp_uQ;http://www.youtube.com/@ertugrulghazi334;Personally, I hate OOP so classes means fuck all to me. I work as a Senior DevOps Engineer anyway and we use Python (without OOP).;Personally, I hate OOP so classes means fuck all to me. I work as a Senior DevOps Engineer anyway and we use Python (without OOP).;4;1
UgwR9pEh27kqFU3EFp94AaABAg;None;J-graiyPhpw;@danielstellmon5330;UCd-1Gdgkzdabgr4oDaKLt1Q;http://www.youtube.com/@danielstellmon5330;"I hate that i can&#39;t do anything without creating a promise to keep Javascript from trampling over it and breaking my project.";I hate that i can't do anything without creating a promise to keep Javascript from trampling over it and breaking my project.;4;2
UgzFfAm1IAOF9St9R614AaABAg;None;J-graiyPhpw;@EzOddz;UCfbp-jsEBygz9KjNch70Gtg;http://www.youtube.com/@EzOddz;"I&#39;m trying to learn Javascript, I know Java, C++ and rust and omg this language is a clusterfuck is mess that gets away with illegal coding.";I'm trying to learn Javascript, I know Java, C++ and rust and omg this language is a clusterfuck is mess that gets away with illegal coding.;1;0
Ugx-2uUQnMIHT4-4zmh4AaABAg;None;J-graiyPhpw;@riccardob9026;UC1a01WonSzsI2eYHCAVfbOQ;http://www.youtube.com/@riccardob9026;"Pro tip: if your language need the triple equality operator=== that&#39;s a huge red flag.  Honestly, I consider the vice of casting everything in everything else the worst sin of JavaScript. <br><br>I prefer much more a statically and strongly typed language like Ada. If you use it correctly, you save yourself a huge amount of stupid bugs (and let&#39;s face it: most bugs are due to just stupid errors)";"Pro tip: if your language need the triple equality operator=== that's a huge red flag.  Honestly, I consider the vice of casting everything in everything else the worst sin of JavaScript. 

I prefer much more a statically and strongly typed language like Ada. If you use it correctly, you save yourself a huge amount of stupid bugs (and let's face it: most bugs are due to just stupid errors)";1;0
UgxXYFwS5SpXBJ8nDhp4AaABAg;None;J-graiyPhpw;@TGD-Content-Creator;UCeAfp9K_MkBeNNG-ubaR0rQ;http://www.youtube.com/@TGD-Content-Creator;"l am busy with HTML &amp; CSS, and after that going straight JavaScript!!!!";l am busy with HTML & CSS, and after that going straight JavaScript!!!!;3;1
UgwpijNZ99dcC46bjbZ4AaABAg;None;J-graiyPhpw;@ernanileiteribeirofilho675;UCe9ybmv2GleI8uxZ8gwaZ3w;http://www.youtube.com/@ernanileiteribeirofilho675;"javascript, html 5 and css 3 are the core of frontend development. The tons of frameworks and libraries that emerge every month make life hell for beginners as you never complete your training because a new react-like framework has just been born. This is absurd. These frameworks appear with the promise of making development more agile, but that is not the case. They only serve to  themselves as they move millions of dollars in courses, books and online training. These are their real goals. The question worth commenting on is why employers think that people who don&#39;t know these frameworks are incapable of delivering code that actually works and meets the project requirements. In the end, the user needs to have a competent and working frontend at their disposal. My users don&#39;t know and don&#39;t want to know what react, angular, etc. are.";javascript, html 5 and css 3 are the core of frontend development. The tons of frameworks and libraries that emerge every month make life hell for beginners as you never complete your training because a new react-like framework has just been born. This is absurd. These frameworks appear with the promise of making development more agile, but that is not the case. They only serve to  themselves as they move millions of dollars in courses, books and online training. These are their real goals. The question worth commenting on is why employers think that people who don't know these frameworks are incapable of delivering code that actually works and meets the project requirements. In the end, the user needs to have a competent and working frontend at their disposal. My users don't know and don't want to know what react, angular, etc. are.;1;0
UgxaQMYPaqvR-AMhkXF4AaABAg;None;J-graiyPhpw;@MukeshKamath;UCDizCstN6CAmE9_B11uXNzg;http://www.youtube.com/@MukeshKamath;Hell.. I thought I was a disgruntled engineer unable to establish myself in the industry.. now I learnt why something is not right with this lang;Hell.. I thought I was a disgruntled engineer unable to establish myself in the industry.. now I learnt why something is not right with this lang;0;0
UgyBMo1QSm_miHHv-SJ4AaABAg;None;J-graiyPhpw;@Maman-Setrum;UCVzIczURz0OYYX9bbKrcbiA;http://www.youtube.com/@Maman-Setrum;"using javascript since 1998 for DHTML website, but never use it as primary/main language programming.<br>website is chaotic thing, you&#39;ll never can build it only using javascript without HTML and CSS.<br>I don&#39;t care full stack or front-end or whatever it called, just used whatever you want to write.";"using javascript since 1998 for DHTML website, but never use it as primary/main language programming.
website is chaotic thing, you'll never can build it only using javascript without HTML and CSS.
I don't care full stack or front-end or whatever it called, just used whatever you want to write.";0;0
UgwRj_xKlDMnbo2hkgx4AaABAg;None;J-graiyPhpw;@skulduggery-98;UCEjWhcma2opewLkFuqvg7fQ;http://www.youtube.com/@skulduggery-98;Java script is cool but oython is lovely i swear i love python;Java script is cool but oython is lovely i swear i love python;3;0
Ugxf75nSMwGFIRj2VxR4AaABAg;None;J-graiyPhpw;@BW022;UC3mDcDTSjslGQJVbe-J7gEQ;http://www.youtube.com/@BW022;"And this doesn&#39;t even touch on it&#39;s biggest issues...<br>1. It is interpreted. You have to worry about performance, run-time errors, error handling in ways you don&#39;t in compiled languages, pre-compiling (which may or may not work at work on individual machines), etc.<br>2. It is typeless meaning runtime errors confusion, TypeScript (which is only a partial solution and still has lots of anys when detailing with the outside world, etc.), etc. <br>3. It is too tied to DOM, browsers, versions, OS&#39;s, etc. in ways you have no control over.<br>4. It is too tied to HTML/CSS, including all the browser issues, libraries to get around it, rendering, page states, browser versions, security, etc.<br>5. Too many parts of it are synchronous with all sorts of non-linear behavior for fairly simply communications, I/O, all require massive complexity when you simply want to application the code to simply wait until a call is made and then continue to the next line.<br>6. It relies on libraries to try to manage the above -- from JQuery, to React, etc. All these add complexity, change far too often, are rarely complete, add additional complexity beyond the language itself and are pretty much necessary for anything with complexity.<br>7. It&#39;s non-local. Things like a file system, local storage, direct access to things, etc. is doesn&#39;t typically exist resulting in massively complex work arounds, etc.<br>etc.";"And this doesn't even touch on it's biggest issues...
1. It is interpreted. You have to worry about performance, run-time errors, error handling in ways you don't in compiled languages, pre-compiling (which may or may not work at work on individual machines), etc.
2. It is typeless meaning runtime errors confusion, TypeScript (which is only a partial solution and still has lots of anys when detailing with the outside world, etc.), etc. 
3. It is too tied to DOM, browsers, versions, OS's, etc. in ways you have no control over.
4. It is too tied to HTML/CSS, including all the browser issues, libraries to get around it, rendering, page states, browser versions, security, etc.
5. Too many parts of it are synchronous with all sorts of non-linear behavior for fairly simply communications, I/O, all require massive complexity when you simply want to application the code to simply wait until a call is made and then continue to the next line.
6. It relies on libraries to try to manage the above -- from JQuery, to React, etc. All these add complexity, change far too often, are rarely complete, add additional complexity beyond the language itself and are pretty much necessary for anything with complexity.
7. It's non-local. Things like a file system, local storage, direct access to things, etc. is doesn't typically exist resulting in massively complex work arounds, etc.
etc.";0;0
UgyRbKv5hdxWsIBVES54AaABAg;None;J-graiyPhpw;@DeGoya;UCSeOTMDBQFL2RBNM93S8HcA;http://www.youtube.com/@DeGoya;I really hope they create a new language for the web;I really hope they create a new language for the web;0;0
Ugwg-tYBRhWax9IBxcR4AaABAg;None;J-graiyPhpw;@MuhammadSufian-m3d;UC3pSlfmpxC18LdmFSf0Vd3A;http://www.youtube.com/@MuhammadSufian-m3d;"&quot;There are two types of programing languages ones that people complain about ones that no one use&quot;<br>--Creator of C++";"""There are two types of programing languages ones that people complain about ones that no one use""
--Creator of C++";0;0
UgxPOSW0z3lq1x0PQyp4AaABAg;None;J-graiyPhpw;@eltreum1;UCpLKw8jhbMrkXJLepuJ7h8w;http://www.youtube.com/@eltreum1;I hated learning JS and web when forced to work on an internal webapp that was built on bootstrap when Jquery was underpinning it. It made it so confusing and all these frameworks that popup with syntax baggage just made it hell. After that nightmare project I remade their stupid BS template and theme widgets in raw HTML5, CSS, and JS6. Not only did I learn real web dev the website was lean and fast and maintainable by any competent programmer. Those frameworks seem great but the time it appears to save gets paid for later tracing odd bugs or security issues back to your 10 megs of black-box lib imports because FOSS is assumed to be reliable too often.;I hated learning JS and web when forced to work on an internal webapp that was built on bootstrap when Jquery was underpinning it. It made it so confusing and all these frameworks that popup with syntax baggage just made it hell. After that nightmare project I remade their stupid BS template and theme widgets in raw HTML5, CSS, and JS6. Not only did I learn real web dev the website was lean and fast and maintainable by any competent programmer. Those frameworks seem great but the time it appears to save gets paid for later tracing odd bugs or security issues back to your 10 megs of black-box lib imports because FOSS is assumed to be reliable too often.;1;0
UgzLBWTH2ZAtmTHRdjR4AaABAg;None;J-graiyPhpw;@ZYZZXY2020;UCctvs9i09-ECQbAWvFBmZww;http://www.youtube.com/@ZYZZXY2020;After seeing the list of weird stuff it has, it is surprising people call it a “programming language” ));After seeing the list of weird stuff it has, it is surprising people call it a “programming language” ));1;0
UgzLV_g-yb244gsg31h4AaABAg;None;J-graiyPhpw;@peacemakerle;UCmxknacB2UNZAGmsYL2tJMA;http://www.youtube.com/@peacemakerle;"Other languages: continuous development. JavaScript: continuous complete rewriting.<br>Don&#39;t know any other language which burns so much money for maintenance.";"Other languages: continuous development. JavaScript: continuous complete rewriting.
Don't know any other language which burns so much money for maintenance.";0;0
UgzCFZ75ylmyJxCHatJ4AaABAg;None;J-graiyPhpw;@PatricSjoeoe;UCX9q1C2i8Iv9s126twJ49jA;http://www.youtube.com/@PatricSjoeoe;Typescript should be merged into Javascript. The lack of rules in js destroys the language.;Typescript should be merged into Javascript. The lack of rules in js destroys the language.;1;0
Ugy9FxH-l29VKW7GFxt4AaABAg;None;J-graiyPhpw;@tendamolesta;UCL_cVi33su__MCjMnaJSxyw;http://www.youtube.com/@tendamolesta;JS is complicated for beginners or messy developers. You can do things in hundreads of ways and more than half of them are wrong. The hard part of JS is just about learning  discipline, cleaness and simplicity. You can do everything with a functional approach without classes and without using this and its contexts.<br>An average developer typically write crap with JS. An advanced one would write very elegant code. Mastering JS is not easy, this is why people hate it. A well written JS code is thousands of time more concise and elegant than a python one.;"JS is complicated for beginners or messy developers. You can do things in hundreads of ways and more than half of them are wrong. The hard part of JS is just about learning  discipline, cleaness and simplicity. You can do everything with a functional approach without classes and without using this and its contexts.
An average developer typically write crap with JS. An advanced one would write very elegant code. Mastering JS is not easy, this is why people hate it. A well written JS code is thousands of time more concise and elegant than a python one.";1;1
UgyP0U-kCX9_VrMtypJ4AaABAg;None;J-graiyPhpw;@mdyusufansari8897;UCbz_G_oqpiMLiyQItfAiSYg;http://www.youtube.com/@mdyusufansari8897;"why can&#39;t python be used for frontend ? i know python and i think it&#39;s very good and can do everything then why not web development";why can't python be used for frontend ? i know python and i think it's very good and can do everything then why not web development;3;1
UgyiruOz64EphEsAtT54AaABAg;None;J-graiyPhpw;@afterschool2594;UCSgwvajUxHllxIqzWk6n6uw;http://www.youtube.com/@afterschool2594;"I used to like Python more than JavaScript (The 2 interpreted language that I used the most) . There&#39;s 2 turning point that made me become like JS more than Python<br>- I hate Python&#39;s concept where indentation as a block since I worked with python in many environment<br>- JSDocs";"I used to like Python more than JavaScript (The 2 interpreted language that I used the most) . There's 2 turning point that made me become like JS more than Python
- I hate Python's concept where indentation as a block since I worked with python in many environment
- JSDocs";0;0
Ugxj9AZtUtSI41KbtaF4AaABAg;None;v7BNtpw53AA;@windows99;UCutz5v_CZIDyCNvMef3r1rg;http://www.youtube.com/@windows99;1. CompTIA+<br>2. Networking, CompTIA Networking+, CCNA<br>3. OSs<br>4. Python, Bash, PowerShell<br>5. Comptia Security+, Google Cyber Security Professional<br>6. Defensive Security<br>7. Offensive Security;"1. CompTIA+
2. Networking, CompTIA Networking+, CCNA
3. OSs
4. Python, Bash, PowerShell
5. Comptia Security+, Google Cyber Security Professional
6. Defensive Security
7. Offensive Security";169;4
UgzNJyZx2k3a4T8zfuR4AaABAg;None;v7BNtpw53AA;@akhi_zayd;UC7c7d-VAMm7ivZhWSeg0J-w;http://www.youtube.com/@akhi_zayd;I will land my first IT/cybersecurity role by the end of 2025 In Sha Allah ❤;I will land my first IT/cybersecurity role by the end of 2025 In Sha Allah ❤;1068;82
UgxpPwv_If201VHIl8l4AaABAg;None;v7BNtpw53AA;@jr_moodie;UCH540-eEfse6YIOLCUZusCQ;http://www.youtube.com/@jr_moodie;We having been waiting but you have delivered, thank you! 🙏🏿;We having been waiting but you have delivered, thank you! 🙏🏿;43;0
Ugzv3UABGDm60wbLDot4AaABAg;None;v7BNtpw53AA;@gameantem;UCJFyq6mL8BTQTXP1VrZfHKQ;http://www.youtube.com/@gameantem;i put God first, Family Second, Cybersecurity Thrid;i put God first, Family Second, Cybersecurity Thrid;16;0
Ugw3A2jjYqCMqZM8_Yx4AaABAg;None;v7BNtpw53AA;@ismashoyab;UCEHRbBSRho_t8s8gf3TA8bQ;http://www.youtube.com/@ismashoyab;i have started the google cybersecurity course on coursera, it is good so far, i hope to achieve the knowledge i need to land my first job. inn sha Allah;i have started the google cybersecurity course on coursera, it is good so far, i hope to achieve the knowledge i need to land my first job. inn sha Allah;137;12
UgzbFPffROqTFD9XujB4AaABAg;None;v7BNtpw53AA;@Qwerty17463;UCCMvnP79XY4LZTp4cBRO5Cw;http://www.youtube.com/@Qwerty17463;"Hi Sir Mosh, Good Day! Could you please make a Cloud Computing Roadmap &amp; the skills that we need to learn about it. Thank You.";Hi Sir Mosh, Good Day! Could you please make a Cloud Computing Roadmap & the skills that we need to learn about it. Thank You.;14;0
Ugz0QMQE9ZI_-cAppOl4AaABAg;None;v7BNtpw53AA;@BELADJOUBOUSSIBENOITPAGNOL;UCRcRuPJWS4yz5cWSueNrXZQ;http://www.youtube.com/@BELADJOUBOUSSIBENOITPAGNOL;Finally Out 🎉. I have been waiting for this. Thanks Sir✅;Finally Out 🎉. I have been waiting for this. Thanks Sir✅;15;0
Ugw_4n2FKwcyH6lhpsF4AaABAg;None;v7BNtpw53AA;@muhammedcglr;UCKcB0dQvyW6zYDlWvu7TqEw;http://www.youtube.com/@muhammedcglr;"Great roadmap! I really appreciate how you emphasized building a strong IT foundation first before jumping into cybersecurity - that&#39;s something many beginners skip. The progression from networking to operating systems and then to defensive/offensive security makes perfect sense. Your point about hands-on skills being more important than just certificates is spot on. The 7-10 month timeline seems realistic too. Thanks for the clear guidance!";Great roadmap! I really appreciate how you emphasized building a strong IT foundation first before jumping into cybersecurity - that's something many beginners skip. The progression from networking to operating systems and then to defensive/offensive security makes perfect sense. Your point about hands-on skills being more important than just certificates is spot on. The 7-10 month timeline seems realistic too. Thanks for the clear guidance!;0;0
UgzXFo2RgbBPPvR1vXt4AaABAg;None;v7BNtpw53AA;@timilehinmorighanfen4370;UCbI-SEozb6BfGZFAZaC9PYw;http://www.youtube.com/@timilehinmorighanfen4370;One disadvantage of learning IT skills in a third-world country is the difficulty of getting a job afterward. It takes the grace of God to land a job.;One disadvantage of learning IT skills in a third-world country is the difficulty of getting a job afterward. It takes the grace of God to land a job.;342;28
UgxF4EAqyJ62MCaSqEd4AaABAg;None;v7BNtpw53AA;@abigailidara;UCmp3y2X8F7eP0Kwe7YC6jeA;http://www.youtube.com/@abigailidara;Pls Mosh can you create a roadmap on Cloud Engineering next, Thanks.;Pls Mosh can you create a roadmap on Cloud Engineering next, Thanks.;59;0
Ugx2O3M7_QD-YdHxYhR4AaABAg;None;v7BNtpw53AA;@Philliprgarcia;UCoM4MA6A62AxzBYl9szf_-A;http://www.youtube.com/@Philliprgarcia;Switching from Systems Administrator to cyber security hopefully by the end of this year. Thank you for the info!;Switching from Systems Administrator to cyber security hopefully by the end of this year. Thank you for the info!;7;2
UgxHfj--NkuaoXsBJQ94AaABAg;None;v7BNtpw53AA;@MasterITwithLagharii;UCUPUgBrFbpo12M8oX-TB8oQ;http://www.youtube.com/@MasterITwithLagharii;Was waiting for this❤;Was waiting for this❤;18;2
UgwGRrE23NVF7BKJbSB4AaABAg;None;v7BNtpw53AA;@nova-nex-7;UCoRcTRTyHRZ8HMB2lfIrE0g;http://www.youtube.com/@nova-nex-7;Great work! Mosh was waiting for this;Great work! Mosh was waiting for this;8;0
UgxqY6rpEkJKovnKkf94AaABAg;None;v7BNtpw53AA;@omotoshobukolaayodeji8807;UCGltZTzysuvKLx_WtRMdVYg;http://www.youtube.com/@omotoshobukolaayodeji8807;Next year I will surely land a good job;Next year I will surely land a good job;8;0
UgxPLVacDHGLdlIdeSR4AaABAg;None;v7BNtpw53AA;@Angel-s2b7h;UCjE_zbPBfbqsXnp59CCFxiw;http://www.youtube.com/@Angel-s2b7h;I HAVE TO ADMIT YOU ARE ONE OF BEST PERSON TO GO TO LEARN. WE USED  TO TALK BEFORE IF YOU CAN RECALL. I LEARN ALOT WITH ON HTML, AND CSS. NOW THIS IN CYBER SECURITY. I WILL ALWAYS COME TO THIS PLATEFORM OF YOURS FOR MORE INFORMATION. HOPE YOU AND FAMILY ARE WELL. THANKS;I HAVE TO ADMIT YOU ARE ONE OF BEST PERSON TO GO TO LEARN. WE USED  TO TALK BEFORE IF YOU CAN RECALL. I LEARN ALOT WITH ON HTML, AND CSS. NOW THIS IN CYBER SECURITY. I WILL ALWAYS COME TO THIS PLATEFORM OF YOURS FOR MORE INFORMATION. HOPE YOU AND FAMILY ARE WELL. THANKS;4;1
UgzjuAMukZAuxape3bB4AaABAg;None;v7BNtpw53AA;@lifewithteekay818;UCr9yjbZV64bp05lVd15iQUg;http://www.youtube.com/@lifewithteekay818;I personally find the A+ useless if focusing on cybersecurity and already have basic knowledge and experience with computers and how they work. Just my opinion;I personally find the A+ useless if focusing on cybersecurity and already have basic knowledge and experience with computers and how they work. Just my opinion;5;0
UgwrXClULlKJg4Di3eh4AaABAg;None;v7BNtpw53AA;@imangelagrover;UC-sCUjKr8z85baCyXa_lywg;http://www.youtube.com/@imangelagrover;"I couldn&#39;t find any video related to this thank you so much Mosh!❤";I couldn't find any video related to this thank you so much Mosh!❤;3;0
Ugx7vP_jvO5UvQAHxWV4AaABAg;None;v7BNtpw53AA;@SamuelKeithWard;UCrOTcMSJz10UApfB0clZ1hg;http://www.youtube.com/@SamuelKeithWard;The skills section really breaks it down, thanks for the clear path!;The skills section really breaks it down, thanks for the clear path!;0;0
UgzA8YcyZJsXA5YhRr14AaABAg;None;v7BNtpw53AA;@emptyuniverses;UCD3hNwgxnDJOSLiU0ZJY_hw;http://www.youtube.com/@emptyuniverses;So many videos hype certifications, but this one actually shows the blueprint! Great guide for beginners to build a strong foundation in cybersecurity.;So many videos hype certifications, but this one actually shows the blueprint! Great guide for beginners to build a strong foundation in cybersecurity.;13;1
UgwxQ8uaRy1njZZ9f-R4AaABAg;None;v7BNtpw53AA;@JustinRalphHill;UCtxaR2bzwK2OE5iF_X6UTPg;http://www.youtube.com/@JustinRalphHill;appreciate the timeline you gave! gonna try to get the basic IT foundation down first then move on to networking. wish me luck!;appreciate the timeline you gave! gonna try to get the basic IT foundation down first then move on to networking. wish me luck!;6;0
UgxFpARsN_m-z5631CV4AaABAg;None;v7BNtpw53AA;@AdamJuanJackson;UCR1fRa-ZZ3OyYa0pc5CZflA;http://www.youtube.com/@AdamJuanJackson;wow, never realized how many different roles there are in cybersecurity!;wow, never realized how many different roles there are in cybersecurity!;0;0
UgzMeqkdiW0MnKMojrd4AaABAg;None;v7BNtpw53AA;@Inner_circleseeker;UCLEXZvyT1_JJyxkuMj7uI2g;http://www.youtube.com/@Inner_circleseeker;Thank you and much love from Iran 🇮🇷<br>داداش حس میکنم ایرانی هستی به خاطر لهجه 😁;"Thank you and much love from Iran 🇮🇷
داداش حس میکنم ایرانی هستی به خاطر لهجه 😁";1;2
UgwZo1zu3ArHnjrLLJV4AaABAg;None;v7BNtpw53AA;@Ruchitahathiyani;UCkfLuZ1dl6gKPiG37_t5d_A;http://www.youtube.com/@Ruchitahathiyani;not gonna lie, i felt numb for months. like i was just surviving, not really living. then someone dropped Testosterone Rewired by David Brooks in a yt comment and i gave it a shot. bro… this book gave me my edge back. not by yelling at me to hustle, but by showing me how to fix my foundation. life hits different now.;not gonna lie, i felt numb for months. like i was just surviving, not really living. then someone dropped Testosterone Rewired by David Brooks in a yt comment and i gave it a shot. bro… this book gave me my edge back. not by yelling at me to hustle, but by showing me how to fix my foundation. life hits different now.;0;0
UgzyYhin1IjJsJtYNUF4AaABAg;None;v7BNtpw53AA;@FutureCodingStars;UCXCEXokpYE4oL3-r3hR0ebA;http://www.youtube.com/@FutureCodingStars;This is such a well-structured and encouraging roadmap for anyone new to the field. I particularly appreciated the emphasis on foundational skills before specializing—it’s a crucial step that is often overlooked in the rush to learn hacking tools. For those who are just starting out, building that hands-on confidence with basic concepts is truly the key to long-term success.;This is such a well-structured and encouraging roadmap for anyone new to the field. I particularly appreciated the emphasis on foundational skills before specializing—it’s a crucial step that is often overlooked in the rush to learn hacking tools. For those who are just starting out, building that hands-on confidence with basic concepts is truly the key to long-term success.;0;0
UgzHJrwxSH1gMdOEVPp4AaABAg;None;v7BNtpw53AA;@clarencewarner3275;UCaUyZNgOugV3GRBDei-0opw;http://www.youtube.com/@clarencewarner3275;Thanks Mosh for the update on mastering Cybersecurity in a couple of months, how can you build projects and show  your skills to future employers or start your own business with these skills while you learn.;Thanks Mosh for the update on mastering Cybersecurity in a couple of months, how can you build projects and show  your skills to future employers or start your own business with these skills while you learn.;1;0
Ugz4jnVIXG2HBBiW4uF4AaABAg;None;v7BNtpw53AA;@kitebeachinnbeachinn2888;UCUaKANA7mElrIW-mpNiX5Bg;http://www.youtube.com/@kitebeachinnbeachinn2888;Mosh you are great!<br>Right now with all the AI hype and practicality in real world scenario. Please do a Road Map for: AI/ML engineering.<br>also some some suggietions: Data engineering, MLOps, Cloud computing... Thank you!;"Mosh you are great!
Right now with all the AI hype and practicality in real world scenario. Please do a Road Map for: AI/ML engineering.
also some some suggietions: Data engineering, MLOps, Cloud computing... Thank you!";1;0
UgwtDJ5NFXh9tSMua8F4AaABAg;None;v7BNtpw53AA;@KAWALJOT7179;UCiZ0VVwlkDkX8zhn_JI5EPQ;http://www.youtube.com/@KAWALJOT7179;"Hi mosh Thankyou so much for this roadmap I&#39;m currently pursing a degree in computer applications but I got a main interest there also I wanted someone for a guidance and got this vid today <br>Thanks a lot man appreciate it !!";"Hi mosh Thankyou so much for this roadmap I'm currently pursing a degree in computer applications but I got a main interest there also I wanted someone for a guidance and got this vid today 
Thanks a lot man appreciate it !!";2;2
UgyNHBpfS8opnsP03A54AaABAg;None;v7BNtpw53AA;@SadiqIsmail-y9j;UChNTi8oDnC5562xks4DtobA;http://www.youtube.com/@SadiqIsmail-y9j;"I&#39;ve been waiting for this sir thank you so much, but I expect a PDF too❤❤❤";I've been waiting for this sir thank you so much, but I expect a PDF too❤❤❤;2;0
UgwK8H0wO_jZuqE-jLt4AaABAg;None;v7BNtpw53AA;@saifiqbal5921;UCw6ewyMC5tOQk00dUCrkeZg;http://www.youtube.com/@saifiqbal5921;"Thanks you. I could say this is the best roadmap I see after searching for about a week. I am new in cyber security field, now I find this roadmap that will help me, Of course. It&#39;s been pleasure to see such clear guidance.";Thanks you. I could say this is the best roadmap I see after searching for about a week. I am new in cyber security field, now I find this roadmap that will help me, Of course. It's been pleasure to see such clear guidance.;0;0
Ugyl1AQDUFxJnccSIMd4AaABAg;None;v7BNtpw53AA;@Cybersecurity-t9p;UClVpcRSGhyVdLyXmbuDmmWg;http://www.youtube.com/@Cybersecurity-t9p;I will work hard , apply for jobs then get my first IT job by the end of this year 2025 Inchallah . I wil come back to see ❤;I will work hard , apply for jobs then get my first IT job by the end of this year 2025 Inchallah . I wil come back to see ❤;1;0
Ugzf1_3UvWHXtFeDS254AaABAg;None;v7BNtpw53AA;@joaolucasbugatti7524;UCd6H2UwX_f77YbtU3Cde8HA;http://www.youtube.com/@joaolucasbugatti7524;Thank you man, great roadmap. As a beginner it helped me a lot appreciate it!;Thank you man, great roadmap. As a beginner it helped me a lot appreciate it!;0;0
Ugxpg6DwuAPLT-pKsR54AaABAg;None;v7BNtpw53AA;@nqobizithampande4894;UCstkT3dVqJdjx8fMy_rAacg;http://www.youtube.com/@nqobizithampande4894;Thank you Mosh. Please give us a tutorial on how to develop secure applications from a software developer perspective like encryption hashing and salting;Thank you Mosh. Please give us a tutorial on how to develop secure applications from a software developer perspective like encryption hashing and salting;0;0
UgzX3EaupKyqJEZp9PB4AaABAg;None;v7BNtpw53AA;@sreejithmenon1245;UClbzcljLgdSRQO3yjyhxPVQ;http://www.youtube.com/@sreejithmenon1245;Thanx Mosh (Buddy) for this video.;Thanx Mosh (Buddy) for this video.;0;0
UgxdxV0kEoZmEkzKW_Z4AaABAg;None;v7BNtpw53AA;@Me_Jawad;UCodwKitkei2plhRKzAIV-8g;http://www.youtube.com/@Me_Jawad;Thank you so much, this will help me alot because I just started my hacking career;Thank you so much, this will help me alot because I just started my hacking career;2;0
Ugzshw5UIQRRQLNDX-t4AaABAg;None;v7BNtpw53AA;@BrickTamlandOfficial;UCuc_zlK5U-1DvhBCzXv-Tew;http://www.youtube.com/@BrickTamlandOfficial;"<a href=""https://www.youtube.com/watch?v=v7BNtpw53AA&amp;t=130"">2:10</a> if you have a ccna on your resume you are going to blend in with the crowd of people that also have a ccna. it doesn&#39;t help you stand out. standing out requires you to do unique projects that have not been done a million times. doing that requires you to make your own projects that solve a unique problem of your own. following a guide online will only make you blend in more because of the millions of others that also follow the same guide.";2:10 if you have a ccna on your resume you are going to blend in with the crowd of people that also have a ccna. it doesn't help you stand out. standing out requires you to do unique projects that have not been done a million times. doing that requires you to make your own projects that solve a unique problem of your own. following a guide online will only make you blend in more because of the millions of others that also follow the same guide.;51;7
Ugz7vgtN48Op41FT0NZ4AaABAg;None;v7BNtpw53AA;@Jani-911-ps5;UCIX4da3OOKEAOrzr8JiNMnw;http://www.youtube.com/@Jani-911-ps5;GROUND REALITY: Unless you have acquired considerable knowledge in advance level networking and Python programming, Until then, no matter how much you practice cybersecurity, you will never become a pro hacker, Develops original hacker tools, And should know programming to develop tools, More importantly the concept of logic building and data structure should be very clear in mind.;GROUND REALITY: Unless you have acquired considerable knowledge in advance level networking and Python programming, Until then, no matter how much you practice cybersecurity, you will never become a pro hacker, Develops original hacker tools, And should know programming to develop tools, More importantly the concept of logic building and data structure should be very clear in mind.;1;0
Ugw1fdqmXWuIPnlGdDx4AaABAg;None;v7BNtpw53AA;@EdwardSieKofi;UCWFZ4RuyiKcSIyIL1rQygqw;http://www.youtube.com/@EdwardSieKofi;Thank you so much. That roadmap gave me some sort of certainty;Thank you so much. That roadmap gave me some sort of certainty;0;0
UgzW0fZqDlXvaB_Z_a94AaABAg;None;v7BNtpw53AA;@GlitchSpectra-v1l;UCw4ttQ_p1rGaqb50-gYk6Jg;http://www.youtube.com/@GlitchSpectra-v1l;Excellent delivery! Thanks for your hard work! 🏆;Excellent delivery! Thanks for your hard work! 🏆;0;0
UgxXEqfHPCqTSVvdql54AaABAg;None;v7BNtpw53AA;@OceanDeep444;UC23b-wQ2Thd1EOt5yH3ZF5w;http://www.youtube.com/@OceanDeep444;Extremely helpful, thank you so much Mosh!;Extremely helpful, thank you so much Mosh!;0;0
Ugy-ji08VEq8cGguXO94AaABAg;None;v7BNtpw53AA;@tech_xray;UC9J8uPAk603GtQSaXx4n-Zg;http://www.youtube.com/@tech_xray;You did justice to this video. <br>Thank you Sir 🎉🎉;"You did justice to this video. 
Thank you Sir 🎉🎉";0;0
UgwA2VuPMcqoLkiYWB54AaABAg;None;v7BNtpw53AA;@Cur10usly;UCxklpG0GEsOG9-g8n_llzLw;http://www.youtube.com/@Cur10usly;Come onnnn, you forgot HTB CPTS and CDSA. They are great and hard certifications😊 I recommend them for others who want to have a good amount of solid skill!;Come onnnn, you forgot HTB CPTS and CDSA. They are great and hard certifications😊 I recommend them for others who want to have a good amount of solid skill!;4;1
UgyCfskT3XrQuiGCwXF4AaABAg;None;v7BNtpw53AA;@im_izzath;UC0UizMvuEl9flA--lImBLuQ;http://www.youtube.com/@im_izzath;Awesome bro! Worth to have this channel subscribed ❤🎉;Awesome bro! Worth to have this channel subscribed ❤🎉;0;0
Ugz3jCabtk_sqcU5V3V4AaABAg;None;v7BNtpw53AA;@FaselGodbcho-e7w;UCWWkjZLZ6-iU3VN9XLujANA;http://www.youtube.com/@FaselGodbcho-e7w;"Finally, the video we&#39;ve all been waiting for";Finally, the video we've all been waiting for;0;0
UgzT_DzHdd4xJ-bJL4F4AaABAg;None;v7BNtpw53AA;@zach.intech;UCcELD92V-G9rKDDKNgSMHgQ;http://www.youtube.com/@zach.intech;Thank you very much Mosh! Can you do one for Cloud Computing?;Thank you very much Mosh! Can you do one for Cloud Computing?;1;0
UgzCau30ysgOH1P8Qx54AaABAg;None;v7BNtpw53AA;@crazykidscomedy;UC77FROvXTD07SwWdnbWKa6Q;http://www.youtube.com/@crazykidscomedy;Much love from Nigeria 🇳🇬 ❤️;Much love from Nigeria 🇳🇬 ❤️;9;1
Ugx4o9KHX2XEYhv4zYJ4AaABAg;None;v7BNtpw53AA;@tahmidahmed9530;UC7v3B7wLu_dsOmV8UTKiTog;http://www.youtube.com/@tahmidahmed9530;Finally a video for my dream job 🙌 ✨️;Finally a video for my dream job 🙌 ✨️;0;0
Ugye6nkoZoAxylEkciR4AaABAg;None;v7BNtpw53AA;@BehruzTeshaboyev-tr2cd;UCJOxim1fvmSVW09MeHXrCDw;http://www.youtube.com/@BehruzTeshaboyev-tr2cd;Big thanks from the bottom of my heart ❤;Big thanks from the bottom of my heart ❤;0;0
Ugy18YNbo3ugAhuqxsl4AaABAg;None;v7BNtpw53AA;@biohazard123-u5l;UCEDY3ErwHbiXx7lgquTk5fA;http://www.youtube.com/@biohazard123-u5l;Thank you very much Mosh. This is precisely what i have searching for;Thank you very much Mosh. This is precisely what i have searching for;0;0
UgwOtkDfpRNBrH_XsGx4AaABAg;None;v7BNtpw53AA;@Trustalor-r5n;UCN5Yoh7SSonWEk-Tdrs6_ig;http://www.youtube.com/@Trustalor-r5n;"Really solid video....This kind of clear, step-by-step roadmap is exactly what beginners need when they&#39;re starting out in cybersecurity. You covered the fundamentals in a way that&#39;s easy to follow and super motivating.<br><br>I also run a channel focused on more advanced cybersecurity topics—things like smart home security, real-world attack breakdowns, and hands-on tips for professionals. If you&#39;re looking to go beyond the basics after watching this, feel free to check it out!<br><br>But overall, this video is a great place to start. Subscribed and looking forward to more❤";"Really solid video....This kind of clear, step-by-step roadmap is exactly what beginners need when they're starting out in cybersecurity. You covered the fundamentals in a way that's easy to follow and super motivating.

I also run a channel focused on more advanced cybersecurity topics—things like smart home security, real-world attack breakdowns, and hands-on tips for professionals. If you're looking to go beyond the basics after watching this, feel free to check it out!

But overall, this video is a great place to start. Subscribed and looking forward to more❤";1;0
Ugwy4S5Y-BUNxsPPgvh4AaABAg;None;v7BNtpw53AA;@noormohammedshikalgar;UCrWf4w0E_KTAja4tK8F41tA;http://www.youtube.com/@noormohammedshikalgar;Awesome 🤩,<br>Please make Rust courses mosh.;"Awesome 🤩,
Please make Rust courses mosh.";2;0
Ugz9NMckz7YlAU-jQ-R4AaABAg;None;9R3X0JoCLyU;@BrimDroid;UC1c-zTr06sBPYUl6sPzoQrA;http://www.youtube.com/@BrimDroid;I appreciate the honesty that it will take about 12-20 months for becoming a good data scientist , I have seen many videos claiming that following them one can become data scientist in less than 6 months , such things are misleading for students , thank you for the honesty and such a quality content;I appreciate the honesty that it will take about 12-20 months for becoming a good data scientist , I have seen many videos claiming that following them one can become data scientist in less than 6 months , such things are misleading for students , thank you for the honesty and such a quality content;92;1
Ugx5bnDV-Q2BkxwCBoN4AaABAg;None;9R3X0JoCLyU;@halwa8128;UCNVXQK7j-iqt3tY2laH2YtQ;http://www.youtube.com/@halwa8128;Python, r, git, data structure and algorithms, sql, mathematic and statistic (linear algebra, calculus, probability, statistic), preparing and visualization (panda, numpy, matploob, seaborn), business intellignt tool (tableu, pi), machine learning (tensor flow, pytorch, scikit learn), deep learning (neural network, cnn, rnn), choose specializing (nlp, computer vision), big data (hadoop, spark);Python, r, git, data structure and algorithms, sql, mathematic and statistic (linear algebra, calculus, probability, statistic), preparing and visualization (panda, numpy, matploob, seaborn), business intellignt tool (tableu, pi), machine learning (tensor flow, pytorch, scikit learn), deep learning (neural network, cnn, rnn), choose specializing (nlp, computer vision), big data (hadoop, spark);170;5
UgzGhuSJXQKbsaCvF8R4AaABAg;None;9R3X0JoCLyU;@ferneycastano2257;UCWd-svWdwrGtdRDyiQuhpoQ;http://www.youtube.com/@ferneycastano2257;If you are going to follow this roadmap, consider adding sections on soft skills and communication, project management and Agile methodologies, ethics and data privacy, domain knowledge, advanced machine learning techniques, cloud computing and data engineering, and practical projects and portfolio development.<br><br>Good Luck! 🎉;"If you are going to follow this roadmap, consider adding sections on soft skills and communication, project management and Agile methodologies, ethics and data privacy, domain knowledge, advanced machine learning techniques, cloud computing and data engineering, and practical projects and portfolio development.

Good Luck! 🎉";152;2
Ugxh5zJ4BmRvG81urOl4AaABAg;None;9R3X0JoCLyU;@theunscriptedcouple5339;UCVwDbTMTWhFSyfNtc7gNe5A;http://www.youtube.com/@theunscriptedcouple5339;Loved that you don’t sugar coat and give flash learning timelines. Straight honest facts. Thanks.;Loved that you don’t sugar coat and give flash learning timelines. Straight honest facts. Thanks.;7;0
UgxFudQGEfn0TmLhutF4AaABAg;None;9R3X0JoCLyU;@technosite2956;UCt6gCw6BL33N7c-fGF_D5EA;http://www.youtube.com/@technosite2956;"Dude!!! You gotta start a Data Science course. <br><br>- Universities are sh*t in these areas. and not only do we have to spend massive money on Tuition but also another massive money on online courses to cover for what university is doing.<br><br>- I also rely on you so much because you give the course in such fun way to love coding Plus to make it entertaining to watch unlike Collage. You also make us do exercises and then you make step by step solutions on what we missed. Honestly with your courses Universities doesn&#39;t stand a chance.<br><br>- You will find a lot of students here or even graduates apply to your courses if you make a Data Science course. I know it&#39;s tough to make. but Honestly I think No one like you make coding that much fun.<br><br>I hope you consider making these courses. &lt;3";"Dude!!! You gotta start a Data Science course. 

- Universities are sh*t in these areas. and not only do we have to spend massive money on Tuition but also another massive money on online courses to cover for what university is doing.

- I also rely on you so much because you give the course in such fun way to love coding Plus to make it entertaining to watch unlike Collage. You also make us do exercises and then you make step by step solutions on what we missed. Honestly with your courses Universities doesn't stand a chance.

- You will find a lot of students here or even graduates apply to your courses if you make a Data Science course. I know it's tough to make. but Honestly I think No one like you make coding that much fun.

I hope you consider making these courses. <3";165;8
Ugysz5aADOvmxS6XD2p4AaABAg;None;9R3X0JoCLyU;@znhait;UCl-Ap9QE7H0qCcNRnlqphMQ;http://www.youtube.com/@znhait;"Honestly, it&#39;s better to go to school at a 4-year college.  It will be hard to stay motivated and pick all of this on your own without structured learning.  A lot of what is detailed in this video needs multiple semesters to learn.  Only someone with most of those skills should try to do this alone.";Honestly, it's better to go to school at a 4-year college.  It will be hard to stay motivated and pick all of this on your own without structured learning.  A lot of what is detailed in this video needs multiple semesters to learn.  Only someone with most of those skills should try to do this alone.;37;4
UgxB6dPe-hRjUvc5QnB4AaABAg;None;9R3X0JoCLyU;@ashaduzzamansunny5724;UCVJUHvIgB-Ok6F45FukdOjg;http://www.youtube.com/@ashaduzzamansunny5724;"that&#39;s what I was looking for ,thank u Mosh for this awesome informative video 🤗";that's what I was looking for ,thank u Mosh for this awesome informative video 🤗;28;0
UgzYQZG25tkzBKNrkzN4AaABAg;None;9R3X0JoCLyU;@aspilmichel3066;UCpJciuaBd72C_lAhj0nPqGw;http://www.youtube.com/@aspilmichel3066;Thank you for the energy, time, and effort you put into this video you are an amazing researcher. Why does anyone never make a road map for cybersecurity? Please, we need a road map for Cybersecurity, thanks in advance 🙏🙏;Thank you for the energy, time, and effort you put into this video you are an amazing researcher. Why does anyone never make a road map for cybersecurity? Please, we need a road map for Cybersecurity, thanks in advance 🙏🙏;6;0
Ugwnm2ndaSjklAtj7ox4AaABAg;None;9R3X0JoCLyU;@nickst0ne;UCsIhMM48H3ZeiUna5GrNUZw;http://www.youtube.com/@nickst0ne;"Thanks for the video. I&#39;m not set on becoming a data scientist, but it&#39;s reassuring to see that with a background as a software engineer, and previously data analyst, pivoting towards data scientist would not require a lot of efforts.";Thanks for the video. I'm not set on becoming a data scientist, but it's reassuring to see that with a background as a software engineer, and previously data analyst, pivoting towards data scientist would not require a lot of efforts.;23;1
UgxzuCSae5z3ecAK6Vl4AaABAg;None;9R3X0JoCLyU;@Reem-j9q;UCXlU8avZtd0Qz83FosSHJOA;http://www.youtube.com/@Reem-j9q;please, if you can, make a Cyber Security roadmap.<br>I need it so much;"please, if you can, make a Cyber Security roadmap.
I need it so much";22;2
UgxQRqCNL92UMoVxVnx4AaABAg;None;9R3X0JoCLyU;@forchessme5785;UCl-FzebhFzYIHKg7A2XxHOQ;http://www.youtube.com/@forchessme5785;Like me if u wanna be ML engineer 🎉;Like me if u wanna be ML engineer 🎉;543;6
UgxkAd6T7Kpl2r4p-8h4AaABAg;None;9R3X0JoCLyU;@sinan_islam;UC7ML9b6-TbEa9rOXhHyvOUw;http://www.youtube.com/@sinan_islam;This is why alot of people quit Data Science. You need to learn everything in the world.;This is why alot of people quit Data Science. You need to learn everything in the world.;54;8
Ugxb7ZRsyvuSGfwlqE54AaABAg;None;9R3X0JoCLyU;@lejen1925;UCsqCFyBBu9rpHtp086-JA9A;http://www.youtube.com/@lejen1925;"MASTERING Linear Algebra, Probability, Calculus and Statistic in only 2 to 3 months?! I&#39;m afraid that wouldn&#39;t be possible. It takes a whole semester if you take these courses in a university and you&#39;d still have to pass calculus 2.";MASTERING Linear Algebra, Probability, Calculus and Statistic in only 2 to 3 months?! I'm afraid that wouldn't be possible. It takes a whole semester if you take these courses in a university and you'd still have to pass calculus 2.;102;33
Ugw2AztqTbIJ3vgN_ld4AaABAg;None;9R3X0JoCLyU;@BelleMorue;UCLaX-LzNZe9MbpVhW9EPexQ;http://www.youtube.com/@BelleMorue;My first issue was to learn to do computation and playing with too large datasets for my computer capabilities. I start to understand my knowledge in networking and distributed systems could help me to get a higher level. Actually, I started with texts analysis and using transformer. It was not a bad approach, now I move to neural networks. I did not want to start with images recognition at the beginning. I wanted some tools for finance like finance robot and a capability to use ML inside financial statements from sedar+ with many conversational agents able to debate and train a third agent.  I am a software analyst so it is easier to go inside coding complexity instead of maths.;My first issue was to learn to do computation and playing with too large datasets for my computer capabilities. I start to understand my knowledge in networking and distributed systems could help me to get a higher level. Actually, I started with texts analysis and using transformer. It was not a bad approach, now I move to neural networks. I did not want to start with images recognition at the beginning. I wanted some tools for finance like finance robot and a capability to use ML inside financial statements from sedar+ with many conversational agents able to debate and train a third agent.  I am a software analyst so it is easier to go inside coding complexity instead of maths.;1;0
Ugyg9OZ2ivoN_jyD0OZ4AaABAg;None;9R3X0JoCLyU;@FutureCodingStars;UCXCEXokpYE4oL3-r3hR0ebA;http://www.youtube.com/@FutureCodingStars;"The focus on Data Structures and Algorithms is key. It&#39;s so important for younger learners to see that problem-solving logic is crucial. Building those analytical skills early is a game-changer.";The focus on Data Structures and Algorithms is key. It's so important for younger learners to see that problem-solving logic is crucial. Building those analytical skills early is a game-changer.;0;0
UgxuI62DpepDVBvkyU54AaABAg;None;9R3X0JoCLyU;@sandy6T9;UCPyj9DM5B3Qt_DzBwPmdApA;http://www.youtube.com/@sandy6T9;who wants complete data science course on python by Mosh ?? like here;who wants complete data science course on python by Mosh ?? like here;92;3
UgwfMpM6SLW-iI1DrER4AaABAg;None;9R3X0JoCLyU;@4363HASHMI;UCDD6REnTl47jyUSbsDgNw-Q;http://www.youtube.com/@4363HASHMI;This is an good map to understand information flow BUT it’s not an requirement to become technically proficient unless you are doing diagnostics;This is an good map to understand information flow BUT it’s not an requirement to become technically proficient unless you are doing diagnostics;1;0
UgwCR31haFZTzBjZvXJ4AaABAg;None;9R3X0JoCLyU;@Holy_Grail_of_ML;UCWai6JUL3pCoP6yIC-QBxmA;http://www.youtube.com/@Holy_Grail_of_ML;You gave an Amazing Roadmap. Keep up the good work.;You gave an Amazing Roadmap. Keep up the good work.;3;0
UgyBZDOg3zzbNPeB6qZ4AaABAg;None;9R3X0JoCLyU;@leptium;UCVBK2n7zaogyFQuEh6nJcgg;http://www.youtube.com/@leptium;I appreciate the value your video provides, serving as a soothing experience and a catalyst for ideas. It is not uncommon for individuals to express complaints, however, what truly matters is the effort you have invested in structuring knowledge. By organizing the learning pathway, you have made a significant contribution, despite potential criticisms. I hope to convey my success to you in August 2026, from Maine, USA.;I appreciate the value your video provides, serving as a soothing experience and a catalyst for ideas. It is not uncommon for individuals to express complaints, however, what truly matters is the effort you have invested in structuring knowledge. By organizing the learning pathway, you have made a significant contribution, despite potential criticisms. I hope to convey my success to you in August 2026, from Maine, USA.;1;0
UgyqW5KZ-GHwmbZstdd4AaABAg;None;9R3X0JoCLyU;@alanbarimoon;UC8T0CrbpFOUvH7w5JBO0YHA;http://www.youtube.com/@alanbarimoon;Useful and enriching information that enlightens us on the path to the world of data science. Thank you Mosh;Useful and enriching information that enlightens us on the path to the world of data science. Thank you Mosh;5;0
UgzKgFqnq3qdY2qdnVx4AaABAg;None;9R3X0JoCLyU;@raeesahmed7283;UCMvh8fXJBP7_zG7tVl3VLTw;http://www.youtube.com/@raeesahmed7283;Next Cyber Security Roadmap plz❤;Next Cyber Security Roadmap plz❤;12;1
Ugx0HePOMSGUjWOog-14AaABAg;None;9R3X0JoCLyU;@AhmedHamdy-dj4sg;UC9uQlTpw_AKwDJDqw3Ikmjw;http://www.youtube.com/@AhmedHamdy-dj4sg;Excellent roadmap , It is really hard to find someone who can give all of this details for free <br>Thanks Mosh;"Excellent roadmap , It is really hard to find someone who can give all of this details for free 
Thanks Mosh";0;0
Ugwo5ZfqzuvEPEjzwgR4AaABAg;None;9R3X0JoCLyU;@AlexLick;UCBvta1-COv1T0ZwU40vrVWg;http://www.youtube.com/@AlexLick;I just downloaded your PDF and I am so glad that I can see my progress and what I already know form previous experience. Now I can refresh my knowledge!;I just downloaded your PDF and I am so glad that I can see my progress and what I already know form previous experience. Now I can refresh my knowledge!;3;2
UgzaLjcrmY8uO7rA68x4AaABAg;None;9R3X0JoCLyU;@yousuf_shah_1;UCN2UkL5UO-n0qyp9rKOeiQw;http://www.youtube.com/@yousuf_shah_1;NICE FOR ROADMAP PDF.;NICE FOR ROADMAP PDF.;9;1
Ugxs5glmUkCytic3goF4AaABAg;None;9R3X0JoCLyU;@justsoonenough;UCDkvhenQbOxyOidqaD_A6rw;http://www.youtube.com/@justsoonenough;"I am studying right now to become a ML Engineer and are soon going to apply for internships. I&#39;ve felt like I don&#39;t know enough (Impostor syndrome) but seeing this video made me feel better. As I have knowledge in every step but deep learning which is a course I will have soon. Thank you so much!";I am studying right now to become a ML Engineer and are soon going to apply for internships. I've felt like I don't know enough (Impostor syndrome) but seeing this video made me feel better. As I have knowledge in every step but deep learning which is a course I will have soon. Thank you so much!;2;1
UgxZx-Jt36_B58eXVsF4AaABAg;None;9R3X0JoCLyU;@renurenu7629;UCOGLT_dyupNwq5TtkZX7fXQ;http://www.youtube.com/@renurenu7629;Plz make a full course for data science...🙏👍👍;Plz make a full course for data science...🙏👍👍;2;0
UgwUZmnO02LkmQ9H_sh4AaABAg;None;9R3X0JoCLyU;@arjunmukherjee6961;UC2EJNDLwlsm_SaZnv6KEqug;http://www.youtube.com/@arjunmukherjee6961;Stsrted learning from scratch, but now I reallised that it is not for non tech people😢;Stsrted learning from scratch, but now I reallised that it is not for non tech people😢;2;0
UgyK0TQrYGICCQxzF-R4AaABAg;None;9R3X0JoCLyU;@Scott.Vantas;UCyBAaqYEFnjZujffJC7WwZw;http://www.youtube.com/@Scott.Vantas;"Interesting roadmap. I&#39;m currently making a carreer change from accounting to data science and this roadmap helps a lot.";Interesting roadmap. I'm currently making a carreer change from accounting to data science and this roadmap helps a lot.;2;3
UgxnzR_YnuNqLmt6A4d4AaABAg;None;9R3X0JoCLyU;@Ranjeetvishwakarma-72;UCLeQwkSb87oe_Qf1Enw4nWQ;http://www.youtube.com/@Ranjeetvishwakarma-72;This is the only channel where I found all the solution of My every problem;This is the only channel where I found all the solution of My every problem;0;0
Ugz9rtBZsik9mujB5fp4AaABAg;None;9R3X0JoCLyU;@Ray81194_mw;UC9arkGDj19FoQHcX2CzKLFA;http://www.youtube.com/@Ray81194_mw;2 years for an entry job 😂😂😂 and here I was thinking I can get it done in 3 months;2 years for an entry job 😂😂😂 and here I was thinking I can get it done in 3 months;3;1
UgxjKrpBeA0mGI3xJ6N4AaABAg;None;9R3X0JoCLyU;@eternal3469;UCqHWli3ejvQm-_f68m05lXg;http://www.youtube.com/@eternal3469;make a video on cybersecurity and ethical hacking skills to be learnt.;make a video on cybersecurity and ethical hacking skills to be learnt.;37;5
Ugx3VvuyhoDn9uA5ldB4AaABAg;None;9R3X0JoCLyU;@houssameoubnini265;UCeJ8xM9ttMKE6b-hDi9kGYA;http://www.youtube.com/@houssameoubnini265;I just want to know the difference between an ML Engineer and a Data Scientist.;I just want to know the difference between an ML Engineer and a Data Scientist.;2;0
UgxXQ1qIeVZCiCFfooF4AaABAg;None;9R3X0JoCLyU;@amersohail794;UCDW6_GZ21cV1dlxDLY9orsg;http://www.youtube.com/@amersohail794;One additional skill is data scraping which will help to collect data from various sources :);One additional skill is data scraping which will help to collect data from various sources :);0;0
UgyV9QSSs_pq0KU5PBh4AaABAg;None;9R3X0JoCLyU;@muhammadabdulla5224;UCRBAxW4TcRneKMXsoFMU5IQ;http://www.youtube.com/@muhammadabdulla5224;Cyber security roadmap please;Cyber security roadmap please;3;0
UgxxkR7RL805YQ1NS3d4AaABAg;None;9R3X0JoCLyU;@AllenDende;UCyrThvSM5l-oWguQcvmxDAg;http://www.youtube.com/@AllenDende;all along i was used to think i am a data scientist 😭😭😭😭😭;all along i was used to think i am a data scientist 😭😭😭😭😭;2;0
UgxGB7dAMxfImRHwrPN4AaABAg;None;9R3X0JoCLyU;@faizansaeed9126;UCJPvSKYSX6bEdJL8AGc19oA;http://www.youtube.com/@faizansaeed9126;Thank you for this invaluable content. Please make a video on the road map of Data Engineering;Thank you for this invaluable content. Please make a video on the road map of Data Engineering;1;0
UgzKRmDjY61zbVpKix14AaABAg;None;9R3X0JoCLyU;@detective_CNM;UC2LtGkxb-YRVOuJb7luT0eQ;http://www.youtube.com/@detective_CNM;Thank you for this 😭🙏🏻♥️;Thank you for this 😭🙏🏻♥️;1;0
UgzFJ8_-AHuPGYWgesZ4AaABAg;None;9R3X0JoCLyU;@dekev7503;UCbKNT--FSDrlqH6YGyBPxQw;http://www.youtube.com/@dekev7503;You forgot the part where you’d be competing with masters and PhD candidates for the same jobs.;You forgot the part where you’d be competing with masters and PhD candidates for the same jobs.;12;3
UgxKrYejUPzOUfs-b114AaABAg;None;9R3X0JoCLyU;@MikeDgreatAnalyst;UCy8NKPJoZt8pIplsqYpYAyw;http://www.youtube.com/@MikeDgreatAnalyst;Weldone Mosh. We hope to also get there one day;Weldone Mosh. We hope to also get there one day;0;0
UgxnGU2tdmvj-yh_v_l4AaABAg;None;9R3X0JoCLyU;@Hammad-f5t;UCH-7Q-3nET9wUmygIQbpZwg;http://www.youtube.com/@Hammad-f5t;1 year 4 months;1 year 4 months;1;0
UgwuANTwAqV1F2YVAPF4AaABAg;None;9R3X0JoCLyU;@jiema2113;UCUntF1D1w4zqdhAAKL6UPZQ;http://www.youtube.com/@jiema2113;I do not know. But for ontario, some technique may not be asked such as deeplearning. My advice is to try most common techniques would be questioned in the interview. Then when you have an interview, you can specifically supplement;I do not know. But for ontario, some technique may not be asked such as deeplearning. My advice is to try most common techniques would be questioned in the interview. Then when you have an interview, you can specifically supplement;0;0
UgzFDpN6dSLd7peML-l4AaABAg;None;9R3X0JoCLyU;@TheGraceDiary;UCYxWOAqFL_B8p8PgBe-JB4g;http://www.youtube.com/@TheGraceDiary;Very useful and informative video. I was planning to enroll for data science course, and then found this video and watched it.;Very useful and informative video. I was planning to enroll for data science course, and then found this video and watched it.;0;0
UgyI_CizLGdCte34P654AaABAg;None;9R3X0JoCLyU;@kishan4278;UC7L1Vzyrou3NREBQuj6Hs6g;http://www.youtube.com/@kishan4278;Pls make roadmap on cybersecurity like  ethical hacking, cybersecurity engineer, pentester, cybersecurity analyst ,etc.<br>I m waiting...;"Pls make roadmap on cybersecurity like  ethical hacking, cybersecurity engineer, pentester, cybersecurity analyst ,etc.
I m waiting...";1;0
UgwpclanLru7ItE9WpJ4AaABAg;None;9R3X0JoCLyU;@oscarferrermari3796;UCU6t6xrDR30L-EynG2drIkA;http://www.youtube.com/@oscarferrermari3796;Thanks for sharing. Now I have a vision of what I hope awaits me.🤗;Thanks for sharing. Now I have a vision of what I hope awaits me.🤗;0;0
UgzXcsRkMsSjIC57W6B4AaABAg;None;9R3X0JoCLyU;@RosaMailiyana-x7x;UC_URBdZlkiWQz0OwVllv2PA;http://www.youtube.com/@RosaMailiyana-x7x;"Thinking about this role after on of my friends telling me it&#39;ll be good if we have another skill who can make use stand out and different from another psychology bachelors";Thinking about this role after on of my friends telling me it'll be good if we have another skill who can make use stand out and different from another psychology bachelors;0;0
UgwdZzhsnhnsqJgV8Ed4AaABAg;None;9R3X0JoCLyU;@saifulislamislam9281;UCPU4Z4Oy9_k5i-LkrWBLzCw;http://www.youtube.com/@saifulislamislam9281;Thanks for sharing. Really appreciate it. ❤;Thanks for sharing. Really appreciate it. ❤;1;0
UgwU8ELj0T3J6Ksgp5N4AaABAg;None;9R3X0JoCLyU;@SheikabdullaSheikabdulla-cy7ht;UCO8KMIkppMCjmT0qEfL5hzg;http://www.youtube.com/@SheikabdullaSheikabdulla-cy7ht;"I never seen a video like  yours 🙇 roadmap for data science is very informative. Thankyou Sir, can you upload videos about data science please.... it&#39;s very useful for us.";I never seen a video like  yours 🙇 roadmap for data science is very informative. Thankyou Sir, can you upload videos about data science please.... it's very useful for us.;0;0
Ugx0-yHsl2al119ebxB4AaABAg;None;9R3X0JoCLyU;@animalbhai264;UCbc1C-N6qoKRZEdTnyPhITQ;http://www.youtube.com/@animalbhai264;next career path for software engineers;next career path for software engineers;1;0
UgwkmdsxEqwjD3E82xh4AaABAg;None;9R3X0JoCLyU;@CodeWithOgochukwu;UC7SYaxwJ47Bu9RcS3A0wd4Q;http://www.youtube.com/@CodeWithOgochukwu;This is wonderful. Well done 👍;This is wonderful. Well done 👍;1;0
Ugx0jWNC8nLb0jKqH7x4AaABAg;None;9R3X0JoCLyU;@كوكتيلضحك-ط6ج;UCJBkH2gnZnCFy6Leqwim3fQ;http://www.youtube.com/@%D9%83%D9%88%D9%83%D8%AA%D9%8A%D9%84%D8%B6%D8%AD%D9%83-%D8%B76%D8%AC;Can You make a roadmap for CyberSecurity;Can You make a roadmap for CyberSecurity;2;0
UgzXP6MKIJ6_wNTi0Oh4AaABAg;None;IsG4Xd6LlsM;@Memoriasxvida;UCJZMBVuq3dUlecEcEsckjDA;http://www.youtube.com/@Memoriasxvida;You made this seem so simple. My head hurts from trying to understand it and you just saved me a headache. Thank you!;You made this seem so simple. My head hurts from trying to understand it and you just saved me a headache. Thank you!;37;0
UgwZPeQXUx6-__bXmy14AaABAg;None;IsG4Xd6LlsM;@codewithsehran;UCPOixTpAD06EvRBEVUgs8-g;http://www.youtube.com/@codewithsehran;this guy,,<br>i started my coding journey from teaching of this guy take love ❤;"this guy,,
i started my coding journey from teaching of this guy take love ❤";6;0
UgwfafHgBr7lgJZ6An54AaABAg;None;IsG4Xd6LlsM;@idorenyinbenson1161;UC55XIEPnkgMGPJn3OqIHZxQ;http://www.youtube.com/@idorenyinbenson1161;Mosh, you have also played a vital role in my Frontend Tech Career.<br>Thanks;"Mosh, you have also played a vital role in my Frontend Tech Career.
Thanks";2;0
UgzUe2b0imGkk_WIdfZ4AaABAg;None;IsG4Xd6LlsM;@brikozub;UCpS1omqVhhxCOOFIV-eOuBQ;http://www.youtube.com/@brikozub;That use of notes being interpreted into the structure of the language was incredibly helpful.;That use of notes being interpreted into the structure of the language was incredibly helpful.;17;0
UgxILF8EMArLrv4InvR4AaABAg;None;IsG4Xd6LlsM;@jhoanmonsalve1302;UCAVqBKeSldCqS2phOApdjXw;http://www.youtube.com/@jhoanmonsalve1302;I’ve watched many YouTube channels but so far yours is one of the easiest ones to understand ❤❤;I’ve watched many YouTube channels but so far yours is one of the easiest ones to understand ❤❤;0;0
UgzOXz7gU-SDJWpUuUR4AaABAg;None;IsG4Xd6LlsM;@nokodaian;UC26DlR66bHNwtvrryVFtYLw;http://www.youtube.com/@nokodaian;"Brilliant! Doing prep for a bootcamp and they&#39;re asking me to do greetings at various times in various countries. Your vid has helped me get the solution, then simplify the solution. Onto Switch and Case now to pare it down further. Great vid.";Brilliant! Doing prep for a bootcamp and they're asking me to do greetings at various times in various countries. Your vid has helped me get the solution, then simplify the solution. Onto Switch and Case now to pare it down further. Great vid.;0;0
UgwhALqq7ogZpIoZ6-N4AaABAg;None;IsG4Xd6LlsM;@funhole26;UCHAfZOqBj03BpoLU9Od3JxQ;http://www.youtube.com/@funhole26;"I&#39;m doing theodinproject and this was a good supplemental video to the conditional statements section in foundations. I also appreciated how you encouraged everyone to write the other two statements. Thanks.";I'm doing theodinproject and this was a good supplemental video to the conditional statements section in foundations. I also appreciated how you encouraged everyone to write the other two statements. Thanks.;5;3
UgzGZIDztza-3MOPnXF4AaABAg;None;IsG4Xd6LlsM;@anilyasti;UCe84mis0AmL1N2Upz7UkIIQ;http://www.youtube.com/@anilyasti;I payed for udemy which there were a lot of facts that I couldnt get, but thiss channel helps me even better. gush;I payed for udemy which there were a lot of facts that I couldnt get, but thiss channel helps me even better. gush;0;0
UgzACUTq7kHa7hf7Ka94AaABAg;None;IsG4Xd6LlsM;@kalki-avatar;UCuKH_Pydp3d0D87WSF9TbdQ;http://www.youtube.com/@kalki-avatar;I am German, and my english is not good. Before i saw an german explanation. I understand nothing😅 But your explain this very clear, and i understand all. Thank you very much🎉;I am German, and my english is not good. Before i saw an german explanation. I understand nothing😅 But your explain this very clear, and i understand all. Thank you very much🎉;0;0
UgxHxBqh83h_XpPa0ch4AaABAg;None;IsG4Xd6LlsM;@nissangamba;UCZPxOvXls0idPZ7RA-HkLCA;http://www.youtube.com/@nissangamba;Wow. you made it so simple. thanks a lot.;Wow. you made it so simple. thanks a lot.;3;0
UgwSmjb9ytKTQ-CyH394AaABAg;None;IsG4Xd6LlsM;@tusharnawal1562;UCf_PPCS-Vs_SUzaH1QmTeKw;http://www.youtube.com/@tusharnawal1562;I am from non technical background but its really helpful video for me...thanks;I am from non technical background but its really helpful video for me...thanks;0;0
Ugwpz3Q7Oe-U3ab7s6J4AaABAg;None;IsG4Xd6LlsM;@greenlabs_ir;UCfwomJmA4aUmYszRUtR33GQ;http://www.youtube.com/@greenlabs_ir;hey mosh there is an empty field in your courses for html css , We love you man , you are awesome;hey mosh there is an empty field in your courses for html css , We love you man , you are awesome;1;0
UgxyvAz1oj7l6L-kq3B4AaABAg;None;IsG4Xd6LlsM;@FarhankhanCreations;UCcFHy-F6I2UF20JUPllhJHw;http://www.youtube.com/@FarhankhanCreations;🤗my favorite teacher the mosh hamadane;🤗my favorite teacher the mosh hamadane;0;0
UgytqRu-7PCsTvsMSY14AaABAg;None;IsG4Xd6LlsM;@ayMillmusic;UC_UxErrjXLbWfZQXoAoul3A;http://www.youtube.com/@ayMillmusic;"Great video! Thank you! How come we don&#39;t need the curly brazes though?";Great video! Thank you! How come we don't need the curly brazes though?;0;0
Ugxpl5sLnXK1j5T9MVx4AaABAg;None;IsG4Xd6LlsM;@Nexils;UC26RiGp5Iis2vjs2mrS4EDg;http://www.youtube.com/@Nexils;Thank you so much for giving the little assignment in between so we can pause the video to try it ourselves. Really useful that you actually make me think for a little.;Thank you so much for giving the little assignment in between so we can pause the video to try it ourselves. Really useful that you actually make me think for a little.;1;0
UgxmRUElwUkTvN50ibR4AaABAg;None;IsG4Xd6LlsM;@TNCG;UCBC13nH-ejzPaZkFZ4sqLyg;http://www.youtube.com/@TNCG;I needed this video so bad! Helped so much!;I needed this video so bad! Helped so much!;1;0
Ugz9QPC3ylXh8WT93AJ4AaABAg;None;IsG4Xd6LlsM;@Tom-xy9gb;UCIK_ZqYZNCowOay9bEcG70w;http://www.youtube.com/@Tom-xy9gb;I was having trouble understanding this, but thank god for youtube;I was having trouble understanding this, but thank god for youtube;0;0
UgwkgT-eINVfMx_o9VJ4AaABAg;None;IsG4Xd6LlsM;@htlkmsi2775;UCPA58dy5k5a3CYmMbgrMXQg;http://www.youtube.com/@htlkmsi2775;Simple and short. U re awesome!😁;Simple and short. U re awesome!😁;0;0
Ugxx5WIfc_th7-y9u514AaABAg;None;IsG4Xd6LlsM;@jonathanyoung2588;UCk0gvsnV_hQSZBZU1_8B5CQ;http://www.youtube.com/@jonathanyoung2588;Mosh, you have the best tutorials I have found so far.  Ive been working through Javascript and the concepts seemed outside of my understanding, but you explain in such an approachable way, it makes it almost easy.  Cheers to you, my friend;Mosh, you have the best tutorials I have found so far.  Ive been working through Javascript and the concepts seemed outside of my understanding, but you explain in such an approachable way, it makes it almost easy.  Cheers to you, my friend;0;0
UgxFqvuQgtqa9U0Ny9h4AaABAg;None;IsG4Xd6LlsM;@yasineapdillaahi2731;UCf6E847btRwJfGgpkD8nYoA;http://www.youtube.com/@yasineapdillaahi2731;thanks 😊 Mr mosh very explained explained and understandable 👏;thanks 😊 Mr mosh very explained explained and understandable 👏;0;0
UgyagmgTqlFyTYmfrrt4AaABAg;None;IsG4Xd6LlsM;@Cxdr-1;UCMdZH2IDYiM_PmfNWU60-HQ;http://www.youtube.com/@Cxdr-1;Thank You So much Mosh;Thank You So much Mosh;0;0
UgwzDtvUKB1ngAvr7X14AaABAg;None;IsG4Xd6LlsM;@nnourrrrr;UCu3CP9Ulku2GoYPzyFUoTgg;http://www.youtube.com/@nnourrrrr;JavaScript is just concepts, if you understand the concepts and logic behind lines of code, you will master JavaScript easily;JavaScript is just concepts, if you understand the concepts and logic behind lines of code, you will master JavaScript easily;1;5
UgxagK511LgBrCRAs-x4AaABAg;None;IsG4Xd6LlsM;@phetervincentdelmundo2274;UCp-7MbxzCLfduo2zZYGg6_Q;http://www.youtube.com/@phetervincentdelmundo2274;thank you so much, I need this.;thank you so much, I need this.;0;0
UgwOWxqjl0pk-YXCyBl4AaABAg;None;IsG4Xd6LlsM;@rajibdesai;UCKtZ0TAi9QeioZ_rKQtW2Yw;http://www.youtube.com/@rajibdesai;awesome..... from bangladesh...tnx;awesome..... from bangladesh...tnx;0;0
UgzMC6PmnKULXgmLgdV4AaABAg;None;IsG4Xd6LlsM;@asifali-mw6cy;UC8nAOR8kF6y6Cn3VMyC9-4g;http://www.youtube.com/@asifali-mw6cy;great explanation;great explanation;0;0
UgzS8BuQ7P3nwsZBOw54AaABAg;None;IsG4Xd6LlsM;@StrayFei;UCgkBDFHblN-yVdHhCiolSHw;http://www.youtube.com/@StrayFei;Yanderedev must have watched this video;Yanderedev must have watched this video;76;2
UgyXF5bgvGDAuMMT1FJ4AaABAg;None;IsG4Xd6LlsM;@matthewl7540;UCU4-Y6RmB1d83SJYL3JtoYw;http://www.youtube.com/@matthewl7540;You are amazing! Very well explained !;You are amazing! Very well explained !;0;0
UgzcnKABjLZYtqayhvZ4AaABAg;None;IsG4Xd6LlsM;@stacyhackney6100;UCd7RhuLa2UCdgmMQUAOo3NQ;http://www.youtube.com/@stacyhackney6100;Thank you.;Thank you.;0;0
UgxxnnO-VjMwROl_huF4AaABAg;None;IsG4Xd6LlsM;@georgegeorgio70;UCVH3vyBE4F_S0QgIbMqkQog;http://www.youtube.com/@georgegeorgio70;"<a href=""https://www.youtube.com/watch?v=IsG4Xd6LlsM&amp;t=275"">4:35</a> ilse ef :D";4:35 ilse ef :D;3;0
UgyA84l0fAge9HXi8DV4AaABAg;None;IsG4Xd6LlsM;@ManBehindTheBurger;UC8MHcKCFnF2_e5ARfIBRKZw;http://www.youtube.com/@ManBehindTheBurger;This guy made college so much easier;This guy made college so much easier;0;0
Ugyo7Ruy5cyPUFfbsYd4AaABAg;None;IsG4Xd6LlsM;@elidapacheco9536;UCymntkI5OfoGR6xPfYan9Ww;http://www.youtube.com/@elidapacheco9536;Great explanation, thank you!! Except the part where you recommended to remove curly braces threw me off, I thought curly braces were good practice?;Great explanation, thank you!! Except the part where you recommended to remove curly braces threw me off, I thought curly braces were good practice?;0;0
UgzxKCOYsB0j31Z16Gd4AaABAg;None;IsG4Xd6LlsM;@pabloernest5974;UCbf1u7L0LF392lYFgCWFvbw;http://www.youtube.com/@pabloernest5974;Thank u so much;Thank u so much;0;0
Ugxk10lcMm-5Gov5CfR4AaABAg;None;IsG4Xd6LlsM;@ktembhare5978;UCYMD1qYLYVWBSTDIQpuPLQQ;http://www.youtube.com/@ktembhare5978;Great course I love it;Great course I love it;0;0
UgxoRBJ4vHs4-dAmKdh4AaABAg;None;IsG4Xd6LlsM;@OmerMD;UCojHdIfvB5lIHrYD577E_5g;http://www.youtube.com/@OmerMD;Thanks buddy;Thanks buddy;0;0
UgypBAk9QangsxceJL94AaABAg;None;IsG4Xd6LlsM;@abhiramvegesna7690;UCmFJzB5jJkMos-M5ifMXaZQ;http://www.youtube.com/@abhiramvegesna7690;Thankk you so much it helped me alot;Thankk you so much it helped me alot;0;0
UgxWns44gfkFik1hm8l4AaABAg;None;IsG4Xd6LlsM;@ginaItgirl;UCX81XdT9AaB69QHh9letRPA;http://www.youtube.com/@ginaItgirl;Thanks!;Thanks!;0;0
Ugz8zoxRM7WUEOR_Uo14AaABAg;None;IsG4Xd6LlsM;@fabienpath;UC5wvRnGUNW2n06DnJX_eh3A;http://www.youtube.com/@fabienpath;Is there a way to add other statement to an if like python or c++<br>Example, statement and statement, statement or statement;"Is there a way to add other statement to an if like python or c++
Example, statement and statement, statement or statement";0;0
UgzyeR8IfA0jIJ82U2x4AaABAg;None;IsG4Xd6LlsM;@carolinach9114;UCDkAfbVBsN9jpplZxQCUgGw;http://www.youtube.com/@carolinach9114;thanks friend !!;thanks friend !!;0;0
UgzrqfSItUrNcRGxjSt4AaABAg;None;IsG4Xd6LlsM;@vijaybharathi18;UCi0wvr7v_But0fEO41hOnEA;http://www.youtube.com/@vijaybharathi18;"In else statement didn&#39;t used of curly braces";In else statement didn't used of curly braces;0;0
UgzwQr7bR2zMZ1GgTJt4AaABAg;None;IsG4Xd6LlsM;@VictoryRose509;UCeeXY3IGak9jGoEb0INnCow;http://www.youtube.com/@VictoryRose509;"Mosh, is your internal video setting set to Dutch only?  I don&#39;t have other option other than Dutch. Nonetheless, great video.";Mosh, is your internal video setting set to Dutch only?  I don't have other option other than Dutch. Nonetheless, great video.;0;0
Ugz0RHUAcdpXAxvNTvJ4AaABAg;None;IsG4Xd6LlsM;@amjadali-cs3si;UCuW7SFu44F6BzeNnhd8GuUw;http://www.youtube.com/@amjadali-cs3si;sir which exyention use it you in visual code your code is osm to write;sir which exyention use it you in visual code your code is osm to write;0;0
UgziyudSf6WP6lOoOAR4AaABAg;None;IsG4Xd6LlsM;@mdhamzabiswas5295;UCtt3UNeg8y0uTfwiKWB3ZTw;http://www.youtube.com/@mdhamzabiswas5295;very nice video;very nice video;0;0
UgzlE2MMjJFRehMjMIx4AaABAg;None;IsG4Xd6LlsM;@d4v3d2real;UC23xH56hfCJoUP1UYU4_g0A;http://www.youtube.com/@d4v3d2real;"is there a way to use  a prompt as the variable  &#39;hour&#39; instead ?";is there a way to use  a prompt as the variable  'hour' instead ?;0;0
UgymaS5vmU15ShasOZ94AaABAg;None;IsG4Xd6LlsM;@daddySAL;UCzdJBcOz54eg07pyq5kAuYA;http://www.youtube.com/@daddySAL;"thank you for the explanation, but I have a question why did you put 18 ? instead of 6 pm and for the first condition why didn&#39;t you put am or pm";thank you for the explanation, but I have a question why did you put 18 ? instead of 6 pm and for the first condition why didn't you put am or pm;0;0
UgzYj95UsSvWhsWQn3d4AaABAg;None;IsG4Xd6LlsM;@rahulchauhan496;UCwyOui6UZ8cx3fZAoxYGyUA;http://www.youtube.com/@rahulchauhan496;Sir how to create a chatbot using HTML and js...?? Sir I think its possible.. Using if else... <br>Create 1st case and the answer and the other case and answer...;"Sir how to create a chatbot using HTML and js...?? Sir I think its possible.. Using if else... 
Create 1st case and the answer and the other case and answer...";1;0
UgyMh6vb6JRqlYVaCal4AaABAg;None;IsG4Xd6LlsM;@akbarhosenpersonal;UCyMvRGXgGLoDrefUO7lKfjg;http://www.youtube.com/@akbarhosenpersonal;Please help..🚫🚫 need the next video link about the switch statement...;Please help..🚫🚫 need the next video link about the switch statement...;0;0
UgzRBKQGKX8iHuwKxvN4AaABAg;None;IsG4Xd6LlsM;@noeliaflorenino4478;UCOZ627tZmacgnMdvM7fi49w;http://www.youtube.com/@noeliaflorenino4478;you made it look really easy thank you.;you made it look really easy thank you.;0;0
UgxcR5rpdjtcytMPeIN4AaABAg;None;IsG4Xd6LlsM;@mystickid1;UCJyyfWzidUcRASD0St3noyw;http://www.youtube.com/@mystickid1;Does Javascript have a new spec where you can omit the curly braces now for code blocks? Never saw this before.;Does Javascript have a new spec where you can omit the curly braces now for code blocks? Never saw this before.;6;2
UgxYxEIaVi8Ecxv7l5h4AaABAg;None;IsG4Xd6LlsM;@abhilashasahay5490;UCOZtbrh9kZLyuf5sp5-nRKg;http://www.youtube.com/@abhilashasahay5490;Can you pls do one in Windows OS;Can you pls do one in Windows OS;0;0
UgzakqSSsxCMx0wicqZ4AaABAg;None;IsG4Xd6LlsM;@ayac6495;UCWbCJyFbN3oSq_uKzz2nP4g;http://www.youtube.com/@ayac6495;link to the last section of operators ?;link to the last section of operators ?;0;0
UgxlbmwjXkHi-fTZ6GV4AaABAg;None;kJOqIaGwQ7Y;@MuhammadBashirAl-Kasim;UCkWDofBAGHLwBDdFreYKoQQ;http://www.youtube.com/@MuhammadBashirAl-Kasim;Thank you so much, Mosh! You have changed my life. I studied chemistry at university in my country, but finding a job as a chemist was very difficult. Then, I came across your 6 hour video on Python on YouTube. I watched it all and also subscribed to CodeWithMosh. I learned Python, MySQL, and Django through your courses. Now, I am a junior backend developer with a fantastic salary. Thank you so much!;Thank you so much, Mosh! You have changed my life. I studied chemistry at university in my country, but finding a job as a chemist was very difficult. Then, I came across your 6 hour video on Python on YouTube. I watched it all and also subscribed to CodeWithMosh. I learned Python, MySQL, and Django through your courses. Now, I am a junior backend developer with a fantastic salary. Thank you so much!;814;60
UgwoyRfQRZw-WgXDJ654AaABAg;None;kJOqIaGwQ7Y;@dosaimre;UCOantRteAymOMi-KoIqJ2eA;http://www.youtube.com/@dosaimre;"Since I am 73, it&#39;s not a necessity to learn any  programming language for me, BUT your videos were/are so motivational, that I started coding in Python just for fun to myself. And I found a lot of joy in it. Keep up spreading your knowledge and motivation! Like is this video, where you give a good summary of  what to choose and why.";Since I am 73, it's not a necessity to learn any  programming language for me, BUT your videos were/are so motivational, that I started coding in Python just for fun to myself. And I found a lot of joy in it. Keep up spreading your knowledge and motivation! Like is this video, where you give a good summary of  what to choose and why.;143;5
UgzWJSsNJhrTjnm84L94AaABAg;None;kJOqIaGwQ7Y;@Noah-357;UC0wrh4x-K0RahV2nLZywhKg;http://www.youtube.com/@Noah-357;For me, learning one language in a very deep way is better than learning too many things and ending up forgeting everything.;For me, learning one language in a very deep way is better than learning too many things and ending up forgeting everything.;317;14
Ugz5kqanBNHT5zMP6mx4AaABAg;None;kJOqIaGwQ7Y;@SalahudeenHamasi;UCR9h0q_r0RcGLoHa2XjYN7A;http://www.youtube.com/@SalahudeenHamasi;Iam learning javascript from you, my dear teacher, <br>After javascript inshallah i will learn react and react native, ❤;"Iam learning javascript from you, my dear teacher, 
After javascript inshallah i will learn react and react native, ❤";68;1
Ugz8SDVvHzDKdDNeHT14AaABAg;None;kJOqIaGwQ7Y;@vinmulonda;UCGPFueVhZtJcXIHMrZZObOg;http://www.youtube.com/@vinmulonda;Mosh, am a programmer but basically fullstack web developer, i started coding in 2020 but now i know c+ c js htm reactjs  nextjs css + use of bootstrap just because of your videos.;Mosh, am a programmer but basically fullstack web developer, i started coding in 2020 but now i know c+ c js htm reactjs  nextjs css + use of bootstrap just because of your videos.;17;1
UgxVCWBF73BXrzxg2t14AaABAg;None;kJOqIaGwQ7Y;@muneebhussain745;UCzB68SCbmOppaca0qN7ig0Q;http://www.youtube.com/@muneebhussain745;You missed out the DevOps, Microservices and Cloud path, where Go shines a lot.;You missed out the DevOps, Microservices and Cloud path, where Go shines a lot.;30;1
UgxlgnrUiug7LPgQQQd4AaABAg;None;kJOqIaGwQ7Y;@avuyilepupa5075;UCvPF9m_3IUWW4iBOeub6sRg;http://www.youtube.com/@avuyilepupa5075;"This was great, im so grateful! keep on...<br>totally solidified my opinions on JS &amp; now lift-off!!!";"This was great, im so grateful! keep on...
totally solidified my opinions on JS & now lift-off!!!";32;0
UgyTtHf_tKZBd3iTM-Z4AaABAg;None;kJOqIaGwQ7Y;@marino6707;UC_LLWO3L7rnPKxxOA93aKXA;http://www.youtube.com/@marino6707;The first language to learn is English...;The first language to learn is English...;1614;59
UgzMIUUA1odIJC0odqF4AaABAg;None;kJOqIaGwQ7Y;@MyCodingDiary;UC_-Sg3dW0yIathaX7-RtJMQ;http://www.youtube.com/@MyCodingDiary;You have such a knack for explaining things clearly. Awesome job!;You have such a knack for explaining things clearly. Awesome job!;23;0
UgxZkVObQvqiv2afvwB4AaABAg;None;kJOqIaGwQ7Y;@DigitalCanineGamesStuff;UCje5-bMR-xhQBH5PpIxdZWA;http://www.youtube.com/@DigitalCanineGamesStuff;Finally, a list that includes C#;Finally, a list that includes C#;219;15
UgxJ9Ni_oLEFnEV_9Yx4AaABAg;None;kJOqIaGwQ7Y;@hagenzwosta;UCx8GEeQf1s3uIjJ4uGiRXTw;http://www.youtube.com/@hagenzwosta;Take it as you will. I have been a software developer for 34 years now. I was in consulting, I was everywhere. I tried and did it all. What always stayed and what I do right now: C/C++. Start with C and it will make you understand the basics and the core. If you are really good in C/C++ all other languages are easy anyway, but if you ENJOY coding on C/C++ you are settled. It will never die? Why? Because it always starts with new hardware. All you have is new hardware and a C compiler. Everything else is just built on top of that. Sorry for the rant.;Take it as you will. I have been a software developer for 34 years now. I was in consulting, I was everywhere. I tried and did it all. What always stayed and what I do right now: C/C++. Start with C and it will make you understand the basics and the core. If you are really good in C/C++ all other languages are easy anyway, but if you ENJOY coding on C/C++ you are settled. It will never die? Why? Because it always starts with new hardware. All you have is new hardware and a C compiler. Everything else is just built on top of that. Sorry for the rant.;23;2
UgwZ7UOtFqwjXKltkgZ4AaABAg;None;kJOqIaGwQ7Y;@kevinemugisha9035;UCdZaS_vxPDWrr15PbBDuNEA;http://www.youtube.com/@kevinemugisha9035;Sending love from Rwanda,we are your biggest fans Mosh❤;Sending love from Rwanda,we are your biggest fans Mosh❤;38;7
Ugz3Uw_YlERQMH8WYLJ4AaABAg;None;kJOqIaGwQ7Y;@aravindrajendran581;UCqTmMbiOHGnYguu7_MACQnQ;http://www.youtube.com/@aravindrajendran581;"SQL &amp; Python- Data Engineering &amp; Data Analytics";SQL & Python- Data Engineering & Data Analytics;209;4
UgwtlM7HOX5CbJJNb8V4AaABAg;None;kJOqIaGwQ7Y;@exploittutorial8689;UCDXMKZZEgKzzgGUoHxKGAaQ;http://www.youtube.com/@exploittutorial8689;Mosh, we need a comprehensive Java tutorial like you did with python. 6 hrs;Mosh, we need a comprehensive Java tutorial like you did with python. 6 hrs;30;2
Ugxq1_dAXAgUXv2hzwZ4AaABAg;None;kJOqIaGwQ7Y;@maryozonkwor-ei8vw;UCKzpzkozVkZH3rotF2HARqw;http://www.youtube.com/@maryozonkwor-ei8vw;Yea Mosh. Full Stack Web Dev.  <br>Thanks for the juicy insight;"Yea Mosh. Full Stack Web Dev.  
Thanks for the juicy insight";6;0
UgyJGOhUWm0z8bp8X0h4AaABAg;None;kJOqIaGwQ7Y;@Virgoklassics;UC3xefurzoShtRbWHono8j7g;http://www.youtube.com/@Virgoklassics;Continue to educate and motivate we the upcoming developers Mosh.;Continue to educate and motivate we the upcoming developers Mosh.;94;0
UgyIWyb1Sq7M6WkOc2N4AaABAg;None;kJOqIaGwQ7Y;@nigeriansurprise;UCvaJqwpWb7_1kP9ZPoM_ZdA;http://www.youtube.com/@nigeriansurprise;"My tech stack: React, React Native, Flask, Django. HTML/CSS/JS &amp; Python. Know these 4 and you are getting hired.";My tech stack: React, React Native, Flask, Django. HTML/CSS/JS & Python. Know these 4 and you are getting hired.;49;18
UgxxCCN1KJ1W-IqSYZR4AaABAg;None;kJOqIaGwQ7Y;@geosayegh6665;UCWAPGjDRaOXhiKMVhy-cGOA;http://www.youtube.com/@geosayegh6665;In my opinion, whichever path someone takes should also learn Python bcz:<br>1- Easy to learn<br>2- Vast and huge libraries<br>3- Can be used for:<br>•web app (using Django or Flask)<br>•game dev (pygame, panda3D etc...)<br>•data analysis and data science (numpy, pandas, matplotlib, seaborn, statsmodel etc...)<br>•AI and ML (tensorflow, pytorch, scikit-learn, NLTK ...)<br><br>4- It is between the top 5 most used languages and gained popularity in the recent years, so the job market is becoming huge more and more.;"In my opinion, whichever path someone takes should also learn Python bcz:
1- Easy to learn
2- Vast and huge libraries
3- Can be used for:
•web app (using Django or Flask)
•game dev (pygame, panda3D etc...)
•data analysis and data science (numpy, pandas, matplotlib, seaborn, statsmodel etc...)
•AI and ML (tensorflow, pytorch, scikit-learn, NLTK ...)

4- It is between the top 5 most used languages and gained popularity in the recent years, so the job market is becoming huge more and more.";18;3
UgxTR4BzJlQe2fhZ7P14AaABAg;None;kJOqIaGwQ7Y;@dylankoonjoobeeharry9453;UCMywby-eUHESLrOyIdjq1rA;http://www.youtube.com/@dylankoonjoobeeharry9453;Hey MOSH! I have recently embarked on my career journey as a junior Salesforce developer. However, I must admit that I am quite new to Apex programming, Salesforce programming in general, and the Salesforce platform as a whole. Given your expertise and educational content, it would be immensely helpful if you could create some videos focused on these topics to assist those of us who are beginners in this field. Your guidance would be greatly appreciated as we navigate through learning these essential skills.;Hey MOSH! I have recently embarked on my career journey as a junior Salesforce developer. However, I must admit that I am quite new to Apex programming, Salesforce programming in general, and the Salesforce platform as a whole. Given your expertise and educational content, it would be immensely helpful if you could create some videos focused on these topics to assist those of us who are beginners in this field. Your guidance would be greatly appreciated as we navigate through learning these essential skills.;6;0
Ugy9PdwnORfx9uEJwc14AaABAg;None;kJOqIaGwQ7Y;@codematters7970;UCKQA52PtyefyH6mIENGbNqA;http://www.youtube.com/@codematters7970;"I&#39;ve learnt Java and JS with you. Looking forward to learning R  :)";I've learnt Java and JS with you. Looking forward to learning R  :);18;3
UgyGt9XYSUQOPdBbumx4AaABAg;None;kJOqIaGwQ7Y;@raPy-uj6si;UCrVJdrxvZ2KycBSSeWhgO1w;http://www.youtube.com/@raPy-uj6si;Dear Mosh,<br><br>I am second year student at University for Software Engineering, and i can assure you that you explain better than some university professors with decades of experience in Software Engineering and teaching. You really explain it in simple and accurate way! <br><br>You made my life easier, thank you!;"Dear Mosh,

I am second year student at University for Software Engineering, and i can assure you that you explain better than some university professors with decades of experience in Software Engineering and teaching. You really explain it in simple and accurate way! 

You made my life easier, thank you!";2;0
UgzDb4v6uw1H9oTcReh4AaABAg;None;kJOqIaGwQ7Y;@noquit739;UCyW8GMUgIHUyIAJ9zgCFrjw;http://www.youtube.com/@noquit739;I am into web development, so I need to master HTML5, CSS and JS, then React to Nodejs for a full stack development. Thanks Mosh. Keep posting 🥰;I am into web development, so I need to master HTML5, CSS and JS, then React to Nodejs for a full stack development. Thanks Mosh. Keep posting 🥰;77;4
UgwndGuE_8n6fRY7dQ54AaABAg;None;kJOqIaGwQ7Y;@TsimiFerdinand;UCEKIwAcPWN5PJAegIp9rG8g;http://www.youtube.com/@TsimiFerdinand;Thank you mosh, I currently studing network and security engineering, in Cameroon;Thank you mosh, I currently studing network and security engineering, in Cameroon;0;1
Ugyta9TpljOao4B7h3V4AaABAg;None;kJOqIaGwQ7Y;@VicTheCrafty;UCYZzeaQ3vmJG5V2NBVhe7bA;http://www.youtube.com/@VicTheCrafty;Hey, novice programmer here. This helped get my things straight! Right now i am coding in luau because i create roblox games for fun and I do commisions for others. I am decent in python with machine learning and other tasks, my go-to language right now is Lua, and im passionate about game development. I think I will most likely learn C# and Unity, thanks!;Hey, novice programmer here. This helped get my things straight! Right now i am coding in luau because i create roblox games for fun and I do commisions for others. I am decent in python with machine learning and other tasks, my go-to language right now is Lua, and im passionate about game development. I think I will most likely learn C# and Unity, thanks!;19;9
UgyPpWMNzpOabpL36JB4AaABAg;None;kJOqIaGwQ7Y;@FutureCodingStars;UCXCEXokpYE4oL3-r3hR0ebA;http://www.youtube.com/@FutureCodingStars;"It&#39;s so true that the right language depends on your project. Picking a language with a supportive community is also a huge win. That makes all the difference when you run into challenges. Your point about Python&#39;s role in AI is spot on. It&#39;s a gateway to so many exciting new fields.";It's so true that the right language depends on your project. Picking a language with a supportive community is also a huge win. That makes all the difference when you run into challenges. Your point about Python's role in AI is spot on. It's a gateway to so many exciting new fields.;0;0
Ugw77R6a88g-VniLQcN4AaABAg;None;kJOqIaGwQ7Y;@angeleneenya7245;UCXFBqtlwdqDDv_xDTw3kLCQ;http://www.youtube.com/@angeleneenya7245;"I&#39;ve been wondering what part of programming to get into before I go into college and your video made it easier 😁<br>I&#39;ve been learning HTML inconsistently for some time now and I feel Web development is the way for me so I&#39;m gonna be more consistent. Thanks for the insight!!!!❤️";"I've been wondering what part of programming to get into before I go into college and your video made it easier 😁
I've been learning HTML inconsistently for some time now and I feel Web development is the way for me so I'm gonna be more consistent. Thanks for the insight!!!!❤️";8;4
Ugw-Oe-ABNSUpTmI8bB4AaABAg;None;kJOqIaGwQ7Y;@wakeupreality145;UCB4ZuAkYO6NGy2KzcPoIQuA;http://www.youtube.com/@wakeupreality145;"Thank you instructor Mosh you&#39;re best coding instructor that i have ever met❤ from Somalia🇸🇴 <br>Make a complete courses for Nodejs,Express,Mongodb and PHP";"Thank you instructor Mosh you're best coding instructor that i have ever met❤ from Somalia🇸🇴 
Make a complete courses for Nodejs,Express,Mongodb and PHP";2;0
Ugwvb0d4BmVHW51StXV4AaABAg;None;kJOqIaGwQ7Y;@andychow2151;UCQPQqRip6ayJI7tlf7i7-5Q;http://www.youtube.com/@andychow2151;Great video!! Currently learning Python!;Great video!! Currently learning Python!;4;0
Ugy9Casox9qxu67kOl14AaABAg;None;kJOqIaGwQ7Y;@derrickbaragu6322;UCiVYguXoIGbiBqriNv3ykfA;http://www.youtube.com/@derrickbaragu6322;Am a student pursuing...diploma in computer programming....in our units we are widely covering C , C# and Java ..I would really love to learn python in your channels am super excited in building ai machines 😎😎...thumbs up mosh 🎉;Am a student pursuing...diploma in computer programming....in our units we are widely covering C , C# and Java ..I would really love to learn python in your channels am super excited in building ai machines 😎😎...thumbs up mosh 🎉;3;0
Ugz2H4TyOQLTOrjrBnJ4AaABAg;None;kJOqIaGwQ7Y;@mentiyYT;UCWXddHzW-jZo70QCJFQnejQ;http://www.youtube.com/@mentiyYT;Java and c# are my favorite;Java and c# are my favorite;64;16
Ugx4SGahwgiSbPYqJwx4AaABAg;None;kJOqIaGwQ7Y;@judevector;UCrdGx4x7XDkxYY2zHG5_OTw;http://www.youtube.com/@judevector;I choose early in tech journey to learn and JavaScript and Python and am glad I did ❤;I choose early in tech journey to learn and JavaScript and Python and am glad I did ❤;7;1
UgxaDxpasi3dRCwruv94AaABAg;None;kJOqIaGwQ7Y;@TheGreatFury;UCs53a7HYlApJITur9E0dtTQ;http://www.youtube.com/@TheGreatFury;Thanks for the helpful video! Having this be broken down so clearly is great! Seems like Java is best for my goals.;Thanks for the helpful video! Having this be broken down so clearly is great! Seems like Java is best for my goals.;5;0
Ugz2s6bqVX4-x1njECR4AaABAg;None;kJOqIaGwQ7Y;@Kateyangyuqing;UCRE1KrmIAjr1K_xawsbkO4g;http://www.youtube.com/@Kateyangyuqing;Learned some JavaScript in an IT course and now wanting to learn some C++ just for game modding haha but I found the hardest part is the logic. It’s like making and solving a big puzzle at the same time;Learned some JavaScript in an IT course and now wanting to learn some C++ just for game modding haha but I found the hardest part is the logic. It’s like making and solving a big puzzle at the same time;0;0
Ugw_4SGcqHZYyvLFEYp4AaABAg;None;kJOqIaGwQ7Y;@underscorekentridge;UCC_kgrVP8nHR14bAJvzLfVA;http://www.youtube.com/@underscorekentridge;"I learned HTML and Python, and now I&#39;m currently learning Java!";I learned HTML and Python, and now I'm currently learning Java!;6;1
UgyciwzixxDN9a0Jcmh4AaABAg;None;kJOqIaGwQ7Y;@conmander6363;UCpQMx-V5ihHCiZGD1w4PcFA;http://www.youtube.com/@conmander6363;Actually started learning python before knowing what to do with it. Now I’m so addicted to it for its simple syntax and overall flexibility I don’t wanna go to another one anymore;Actually started learning python before knowing what to do with it. Now I’m so addicted to it for its simple syntax and overall flexibility I don’t wanna go to another one anymore;3;1
UgxGeqcPQ_L_2oVla-B4AaABAg;None;kJOqIaGwQ7Y;@KMP1994;UCUl--bLV46_pZjS6BGEe4KQ;http://www.youtube.com/@KMP1994;"Javascript is one of fav language and the reason behind is , it is used in frontend, backend and mobile development that&#39;s why , this language is my fav one ❤";Javascript is one of fav language and the reason behind is , it is used in frontend, backend and mobile development that's why , this language is my fav one ❤;30;6
UgyKK7cQmJ2fvyPmOKZ4AaABAg;None;kJOqIaGwQ7Y;@ziad4744;UCVpFKv2w37g8GaaSnLLl4YQ;http://www.youtube.com/@ziad4744;Great overview!!!<br>Your ability to summarize and explain is incredible!;"Great overview!!!
Your ability to summarize and explain is incredible!";4;0
UgzzsE_nZDLWriqecfF4AaABAg;None;kJOqIaGwQ7Y;@punmije;UCNMR4vA7ReTm72ycRobmIsw;http://www.youtube.com/@punmije;Learning a language is not the same as learning programming. You can learn a language but still be bad at programming. The industry needs programmers, not people who simply claim to know various programming languages.;Learning a language is not the same as learning programming. You can learn a language but still be bad at programming. The industry needs programmers, not people who simply claim to know various programming languages.;12;2
UgxVj3IEoYgSb7ImM9l4AaABAg;None;kJOqIaGwQ7Y;@nimce4u;UCr3htxzvxwTIvF71HzyDykQ;http://www.youtube.com/@nimce4u;You forgot to mention that like JS, C# can also be used for backend and frontend as well, with Blazor for example.;You forgot to mention that like JS, C# can also be used for backend and frontend as well, with Blazor for example.;3;2
UgyzYM41xN7mSkYvvvd4AaABAg;None;kJOqIaGwQ7Y;@angelinselvi1772;UCQDsswIM-i0eezG3OmhaUfA;http://www.youtube.com/@angelinselvi1772;hey mosh, can you explain the basic requirements to a fresher for getting a job opportunity in companies like google, nasa ect?<br>that will be helpful!;"hey mosh, can you explain the basic requirements to a fresher for getting a job opportunity in companies like google, nasa ect?
that will be helpful!";3;0
UgzT-lKrfjlnJW4oZ_54AaABAg;None;kJOqIaGwQ7Y;@SmokeyMountain0;UCtHBxRaGRD2kK8s-Wf_Ekjg;http://www.youtube.com/@SmokeyMountain0;Most of these languages are variations of C.Learning C can be hard for starting from zero but it will make everything easier in long-term.And you should start at one point to know what do you want to do.;Most of these languages are variations of C.Learning C can be hard for starting from zero but it will make everything easier in long-term.And you should start at one point to know what do you want to do.;1;0
UgyZjdgPz4Y6XnS4UZJ4AaABAg;None;kJOqIaGwQ7Y;@JohnSmith-po5pj;UCC1QGcQcv0P1fNFB4rq5FbQ;http://www.youtube.com/@JohnSmith-po5pj;JS,C#,c++;JS,C#,c++;3;0
UgwkKiXuKAeJFsYW4fN4AaABAg;None;kJOqIaGwQ7Y;@Soraj_83;UC0NSR3gQTRrpdsEcyemHTCw;http://www.youtube.com/@Soraj_83;ماش عزیز دمتون گرم .<br>اگه میشه برای AI یه ویدیو بسازید که چی ابزار لازم داره و چجوری میشه و چقدر طول میکشه تا تو بخش AI شاغل بشیم .<br>ممنونم ❤.;"ماش عزیز دمتون گرم .
اگه میشه برای AI یه ویدیو بسازید که چی ابزار لازم داره و چجوری میشه و چقدر طول میکشه تا تو بخش AI شاغل بشیم .
ممنونم ❤.";0;0
UgzMgDJyb0QzWYPZbpx4AaABAg;None;kJOqIaGwQ7Y;@mrialedavid;UCJ5y_e8LGPS36L4mNGf9ejw;http://www.youtube.com/@mrialedavid;Very enlightening,currently learning JavaScript bt will  consider python due to machine learning...;Very enlightening,currently learning JavaScript bt will  consider python due to machine learning...;3;0
Ugw4TuUqJUQY892KItV4AaABAg;None;kJOqIaGwQ7Y;@jr_moodie;UCH540-eEfse6YIOLCUZusCQ;http://www.youtube.com/@jr_moodie;This was very insightful and helpful, I would like you to do a follow up video for best programming languages for different career paths in Cybersecurity, thanks! 🙏🏿;This was very insightful and helpful, I would like you to do a follow up video for best programming languages for different career paths in Cybersecurity, thanks! 🙏🏿;2;0
Ugw6L5YeJqes8PabOf54AaABAg;None;kJOqIaGwQ7Y;@CharlesMirco;UCmjHGVyxplCy9DRnYqK5SHw;http://www.youtube.com/@CharlesMirco;Appreciate all your effort keep us updating.;Appreciate all your effort keep us updating.;3;0
UgwidbhZebFeNSRXqnV4AaABAg;None;kJOqIaGwQ7Y;@ctg5561;UCTfjSNNJ6EOQRvdK2DOjuWA;http://www.youtube.com/@ctg5561;"I&#39;d love to see an updated course on angular";I'd love to see an updated course on angular;1;0
UgyMAS6U4qUT7ppVs5J4AaABAg;None;kJOqIaGwQ7Y;@venkatakrishnanramachandra6325;UCeysaUCXsSJekdED85CjXAw;http://www.youtube.com/@venkatakrishnanramachandra6325;"There was a time i didn&#39;t had any money...i used to download your course from pirated sites....then you became my fav teacher, mentor.......now iam a full stack developer now handling a team of 5 people...im earning a handful of money...and now i pay for all your courses..thank you so mosh.....";There was a time i didn't had any money...i used to download your course from pirated sites....then you became my fav teacher, mentor.......now iam a full stack developer now handling a team of 5 people...im earning a handful of money...and now i pay for all your courses..thank you so mosh.....;18;3
UgxbqCS9zz23dfhCM3l4AaABAg;None;kJOqIaGwQ7Y;@SvetlanaBeltyukova;UClC8jJgrFc3-FUPwSVLuc3w;http://www.youtube.com/@SvetlanaBeltyukova;Thank you for this video, Mosh! I have my own LLC that I am taking to the next level with data analytics, visualization, dashboard development and automated reporting. I believe that AI and Machine learning path is #1 for me followed by Web Dev. I just signed up for your courses and am looking forward to learning everything I need and more!;Thank you for this video, Mosh! I have my own LLC that I am taking to the next level with data analytics, visualization, dashboard development and automated reporting. I believe that AI and Machine learning path is #1 for me followed by Web Dev. I just signed up for your courses and am looking forward to learning everything I need and more!;0;0
UgzkJppDI30ytvO9hdl4AaABAg;None;kJOqIaGwQ7Y;@humtum156;UCNidZDADF_6YXEbgCF2ie3w;http://www.youtube.com/@humtum156;Python, javascript and C++;Python, javascript and C++;3;0
UgzBVGJ6Cr476KdQL5J4AaABAg;None;09BwruU4kiY;@NorthernChimp;UCL7bTMn_j7EVGYBW9kfLIWA;http://www.youtube.com/@NorthernChimp;"Since this video, MDN has moved the section on escape notation to it&#39;s own page. It is no longer found at <br>/JavaScript/Reference/Global_Objects/String  <br>but at  <br>/JavaScript/Reference/Regular_expressions/Character_escape  <br>:) <br>Thank you Mosh.";"Since this video, MDN has moved the section on escape notation to it's own page. It is no longer found at 
/JavaScript/Reference/Global_Objects/String  
but at  
/JavaScript/Reference/Regular_expressions/Character_escape  
:) 
Thank you Mosh.";1;0
UgxFDLw_vE3-p5EXuM94AaABAg;None;09BwruU4kiY;@NCREASE-KnowYourMoney;UC8rlXtwnfo_UhlDxtzSMkvw;http://www.youtube.com/@NCREASE-KnowYourMoney;Thanks for putting together these simple videos to explain JS string concepts and methods. I will remember to test string methods and others in the console.;Thanks for putting together these simple videos to explain JS string concepts and methods. I will remember to test string methods and others in the console.;7;0
Ugx7meJqYLor1qHDxUp4AaABAg;None;09BwruU4kiY;@-mohammadalakedy5417;UCWAQEXV-swJrGHrOMn_5RmA;http://www.youtube.com/@-mohammadalakedy5417;You is very Great Person about of me , I am Following From Syria <br>Thanks From Arabs 🤩😍;"You is very Great Person about of me , I am Following From Syria 
Thanks From Arabs 🤩😍";3;0
UgxBx24z5cD8RUdbCel4AaABAg;None;09BwruU4kiY;@fereshtehkhojastehmehr6128;UCyTgxFhYanJgQWeEUOf0WMQ;http://www.youtube.com/@fereshtehkhojastehmehr6128;Really helpful, thank you Mosh!;Really helpful, thank you Mosh!;5;0
Ugy1mm5-aHgMpkh3Z0B4AaABAg;None;09BwruU4kiY;@Siddharth-uo6zw;UC2gk4Zdy37PIG_YCD7dObQQ;http://www.youtube.com/@Siddharth-uo6zw;Thank you guru ji 🙏🏽;Thank you guru ji 🙏🏽;2;0
UgzaDYGPh13jQg8FbOF4AaABAg;None;09BwruU4kiY;@solomonakpas;UCVUO1Z422QVLSxtdBwprzvQ;http://www.youtube.com/@solomonakpas;I really love this. I will practice this until they stick;I really love this. I will practice this until they stick;0;0
UgzyJapI9Uq8rQbPHKZ4AaABAg;None;09BwruU4kiY;@prateek4524;UCzpwhCTmrt7C953_wCLH31Q;http://www.youtube.com/@prateek4524;thankyou soo much 🔥🙏;thankyou soo much 🔥🙏;0;0
UgxTQqkQqyYVB3cQTjR4AaABAg;None;09BwruU4kiY;@gamezblock7717;UCsXO0CdRmDh6Agyex-TJvLQ;http://www.youtube.com/@gamezblock7717;Love from india;Love from india;1;0
Ugx3COO817lqQuFo4Hx4AaABAg;None;09BwruU4kiY;@phamdangkhoa1997;UC0-FOOgp1-RBaxPH3jNfdwg;http://www.youtube.com/@phamdangkhoa1997;love this sir !;love this sir !;0;0
Ugym955RocfALasSePV4AaABAg;None;09BwruU4kiY;@kastus9188;UCQPFovP-wH6s3YObwcR9cQA;http://www.youtube.com/@kastus9188;great video;great video;0;0
UgyPSxjERAMfrSxdAqt4AaABAg;None;09BwruU4kiY;@snakeeyesOFFICIAL76;UC484nXSTKjWvZIJkhhO5PSQ;http://www.youtube.com/@snakeeyesOFFICIAL76;This short vídeos are great!;This short vídeos are great!;0;0
Ugz7vTi50tDCZcEKmZB4AaABAg;None;09BwruU4kiY;@mek059;UCOREem7sjwrouz0tK2GyqJQ;http://www.youtube.com/@mek059;javascript engine is the interpreter?;javascript engine is the interpreter?;0;0
UgwSw0vFiDDyeJKuwFl4AaABAg;None;09BwruU4kiY;@daniellaerasoftwareengineer;UCQk_kRUoxJQY5vqbJQFgJDA;http://www.youtube.com/@daniellaerasoftwareengineer;"great video! what&#39;s the VSCode theme and syntax color theme? thanks";great video! what's the VSCode theme and syntax color theme? thanks;1;1
Ugx5ozoWENc3QYtALE94AaABAg;None;09BwruU4kiY;@gloreez4;UCtwVeTPAWJ3jm4zskECT8pg;http://www.youtube.com/@gloreez4;"i&#39;m new here, but i downloaded node.js on my Hp-pc laptop and it refused to install, please help";i'm new here, but i downloaded node.js on my Hp-pc laptop and it refused to install, please help;0;1
Ugxabe41oa8Eznw6L054AaABAg;None;09BwruU4kiY;@prajinshankarkarthik8013;UCIOMQZLfeTFV-wzhoqETp1Q;http://www.youtube.com/@prajinshankarkarthik8013;"at &quot;<a href=""https://www.youtube.com/watch?v=09BwruU4kiY&amp;list=PLTjRvDozrdlxEIuOBZkMAK5uiqp8rHUax&amp;t=194"">https://youtu.be/09BwruU4kiY?list=PLTjRvDozrdlxEIuOBZkMAK5uiqp8rHUax&amp;t=194</a>&quot; Mosh says &quot;capital T&quot; but its actually a &quot;small t&quot;...";"at ""https://youtu.be/09BwruU4kiY?list=PLTjRvDozrdlxEIuOBZkMAK5uiqp8rHUax&t=194"" Mosh says ""capital T"" but its actually a ""small t""...";0;0
UgwDrjYgUFlDl_lwODd4AaABAg;None;09BwruU4kiY;@mek059;UCOREem7sjwrouz0tK2GyqJQ;http://www.youtube.com/@mek059;"why when I type var number = 5; in the console and then press enter it returns me undefined and not 5?";"why when I type var number = 5; in the console and then press enter it returns me undefined and not 5?";0;2
UgwrkjYUSBg2pByBvw14AaABAg;None;09BwruU4kiY;@veronikak513;UCVNL_zgP32T-pV-sn8fE4Vg;http://www.youtube.com/@veronikak513;"<a href=""UCkszU2WH9gy1mb0dV-11UJg/JAJ1XpGpJYnW8wTupZu4Cw""></a><a href=""UCkszU2WH9gy1mb0dV-11UJg/JAJ1XpGpJYnW8wTupZu4Cw""></a><a href=""UCkszU2WH9gy1mb0dV-11UJg/hf90Xv-jHeOR8gSxxrToBA""></a><a href=""UCkszU2WH9gy1mb0dV-11UJg/uP90Xq6wNYrK8gTUoo3wAg""></a>";;0;0
UgwG_G5-kJ4U4ZHEtpx4AaABAg;None;N8ap4k_1QEQ;@RouuxMel;UC13JuyyehBRa_z58BdExfIA;http://www.youtube.com/@RouuxMel;This 5 minute video made more sense than my hour long online modules. Thank you!;This 5 minute video made more sense than my hour long online modules. Thank you!;405;8
Ugzb99uvUyz_57xXHsh4AaABAg;None;N8ap4k_1QEQ;@rachelcosta926;UCi3hhEiJEIrDg-jKKgHbSLg;http://www.youtube.com/@rachelcosta926;I am Brazilian and suffer from the scarcity of this type of content. your video helped me a lot. Thanks!;I am Brazilian and suffer from the scarcity of this type of content. your video helped me a lot. Thanks!;8;0
UgzHUyUn3SrZtzgdWz94AaABAg;None;N8ap4k_1QEQ;@dnjosh10;UCSFaAOH_Ldg98d_TFaP__GA;http://www.youtube.com/@dnjosh10;"I&#39;ve watched tons of videos on function but this short clip summarizes everything. Thank you Sir Mosh";I've watched tons of videos on function but this short clip summarizes everything. Thank you Sir Mosh;9;0
Ugy07dfqbNY_UgykU5N4AaABAg;None;N8ap4k_1QEQ;@vrsozluk765;UCFTF-kawotmYx3TwAN9PptA;http://www.youtube.com/@vrsozluk765;"This is the cleanest/purest/easiest explanation I&#39;ve watched about functions. I learned it. Thank you!";This is the cleanest/purest/easiest explanation I've watched about functions. I learned it. Thank you!;8;0
Ugyod1OQIxwG0ZFFP3Z4AaABAg;None;N8ap4k_1QEQ;@jaylayoung2576;UC12NBMb6SLS3mRRZ9ZTimQw;http://www.youtube.com/@jaylayoung2576;"You are the best. I started to feel like coding wasn&#39;t for me until I found your videos. Thank you so much, Mosh!";You are the best. I started to feel like coding wasn't for me until I found your videos. Thank you so much, Mosh!;10;0
UgxL6saYpT2RZDq6tdp4AaABAg;None;N8ap4k_1QEQ;@NCREASE-KnowYourMoney;UC8rlXtwnfo_UhlDxtzSMkvw;http://www.youtube.com/@NCREASE-KnowYourMoney;This is a simple easy to understand tutorial on JS functions. I caught myself wondering how an array of objects with firstName and lastName arguments can be updated automatically. It is a natural building step. Thank you for putting this video and so many others out there for others to grow from.;This is a simple easy to understand tutorial on JS functions. I caught myself wondering how an array of objects with firstName and lastName arguments can be updated automatically. It is a natural building step. Thank you for putting this video and so many others out there for others to grow from.;39;1
Ugx4LYDuJr9RxJP8D5B4AaABAg;None;N8ap4k_1QEQ;@jerichoo7346;UCYxDBmKkeZWbx1_yPxWjflg;http://www.youtube.com/@jerichoo7346;Thank you Mosh! Very simple and straight forward. I am currently a Junior Web Developer and working through a boot camp for Full Stack. This was short but helpful and to the point, excellent material.;Thank you Mosh! Very simple and straight forward. I am currently a Junior Web Developer and working through a boot camp for Full Stack. This was short but helpful and to the point, excellent material.;8;0
UgyaTO8kflvbrfrZFJx4AaABAg;None;N8ap4k_1QEQ;@hcm4019;UC5pjn0IpFsBCYHh8kn_IhWA;http://www.youtube.com/@hcm4019;"I would also like to share that you can add a default parameter. For example :  function greet ( name= &#39;Valued Customer&#39;).... so that when you don&#39;t add any value to the argument, it comes out as: Hello Valued Customer . I hope that helps! P.S Whatever argument you would add later would override the default parameter.";I would also like to share that you can add a default parameter. For example :  function greet ( name= 'Valued Customer').... so that when you don't add any value to the argument, it comes out as: Hello Valued Customer . I hope that helps! P.S Whatever argument you would add later would override the default parameter.;14;3
Ugx9ZPVhkOZGJYNal3h4AaABAg;None;N8ap4k_1QEQ;@isitric;UCOOGWDqu49FXkU-uCWghTpg;http://www.youtube.com/@isitric;"You&#39;ve just cleared up exactly why someone should use parametres instead of variables - somethign I&#39;ve been trying to find a clear explaiantion for - for ages!";You've just cleared up exactly why someone should use parametres instead of variables - somethign I've been trying to find a clear explaiantion for - for ages!;1;0
UgykD_4V_yWvP9SuELx4AaABAg;None;N8ap4k_1QEQ;@darcygibbons2891;UC1kDTKBRsGWGtbEjY90RucQ;http://www.youtube.com/@darcygibbons2891;Thanks a lot. You made it very simple;Thanks a lot. You made it very simple;22;0
Ugw4UjNWUoY-P30mdqp4AaABAg;None;N8ap4k_1QEQ;@hcm4019;UC5pjn0IpFsBCYHh8kn_IhWA;http://www.youtube.com/@hcm4019;"You are an inspiration. Every time I&#39;m stuck, I watch your videos and you make things very easy!";You are an inspiration. Every time I'm stuck, I watch your videos and you make things very easy!;4;0
UgzFunnFnsKgLKgClXJ4AaABAg;None;N8ap4k_1QEQ;@エイト-z7u;UCYbZhIuuVGvvAz6lHBXELaw;http://www.youtube.com/@%E3%82%A8%E3%82%A4%E3%83%88-z7u;I completely understood that how to operate function.<br>Thank you for lesson.;"I completely understood that how to operate function.
Thank you for lesson.";4;0
UgwlLLVzM33xVKxKVG14AaABAg;None;N8ap4k_1QEQ;@somecat2993;UCkCCrgitGU1miOTZRhc7Qdw;http://www.youtube.com/@somecat2993;thanks again mosh. you did a much better job of explaining this to me. I was stuck in Codecademy :p;thanks again mosh. you did a much better job of explaining this to me. I was stuck in Codecademy :p;27;1
UgxK4KvauaMxpxm35Ml4AaABAg;None;N8ap4k_1QEQ;@Jeicodes;UCpmRjhCFLonv5QPkIGfoX7Q;http://www.youtube.com/@Jeicodes;You explain everything so clear! Thank you loving the videos;You explain everything so clear! Thank you loving the videos;6;0
UgyN3MDxmB23TzSIJN94AaABAg;None;N8ap4k_1QEQ;@The__Gent;UCvXNh21BScD-jCoEToGSfjg;http://www.youtube.com/@The__Gent;Professors talk, teachers teach. You are a teacher. Thank you!;Professors talk, teachers teach. You are a teacher. Thank you!;0;0
UgzsEalcYJz8Qwxtj7h4AaABAg;None;N8ap4k_1QEQ;@poisonedcupcake6860;UCxrfwN8YfHm614nwIGKcFiQ;http://www.youtube.com/@poisonedcupcake6860;Thanks from a very happy lady looking for quality coding tutorials to supplement her learning! Legend!;Thanks from a very happy lady looking for quality coding tutorials to supplement her learning! Legend!;0;0
Ugxc3Cd06pvFbmNvPOl4AaABAg;None;N8ap4k_1QEQ;@HybridTheory101;UCjavMDAn-8UzVYWvVX9yFWg;http://www.youtube.com/@HybridTheory101;You made it so simple to understand. Big thanks from Australia;You made it so simple to understand. Big thanks from Australia;1;0
UgzS7doLyqrGaLWEv4d4AaABAg;None;N8ap4k_1QEQ;@hamadi619;UCNuy7rXqfMs5Ywu6rZKReXA;http://www.youtube.com/@hamadi619;"I&#39;m learning JS for the first time. You explained this so succinctly, well done. Thank you.";I'm learning JS for the first time. You explained this so succinctly, well done. Thank you.;0;0
Ugx1mn7jOzUdCSgePb54AaABAg;None;N8ap4k_1QEQ;@muhammadaadil3546;UCoLg3ps2x0W4sZLxICh3bYA;http://www.youtube.com/@muhammadaadil3546;Your teaching style is so great <br>Thank for the video;"Your teaching style is so great 
Thank for the video";2;0
UgyRTyV0Jmp4t3GwHJZ4AaABAg;None;N8ap4k_1QEQ;@juliemassa6024;UCHEAJA7vLKw_rlsvOIGFovg;http://www.youtube.com/@juliemassa6024;I am learning JavaScript and was having trouble understanding functions.  Your explanation was extremely helpful with my understanding. Thank you!;I am learning JavaScript and was having trouble understanding functions.  Your explanation was extremely helpful with my understanding. Thank you!;1;1
Ugy80QieWSqlUlkJfIR4AaABAg;None;N8ap4k_1QEQ;@Activofilmz;UCsevIURju9yAub2jjc8FVSQ;http://www.youtube.com/@Activofilmz;"You&#39;re a legend my dude!";You're a legend my dude!;4;0
Ugzb4pwAU0j7Tba_hsh4AaABAg;None;N8ap4k_1QEQ;@eggxecution;UClGi2Thcf8o3oC7KwegY02Q;http://www.youtube.com/@eggxecution;argument is the supply of the parameter while parameter is the name of the input when function is declared. Superb!;argument is the supply of the parameter while parameter is the name of the input when function is declared. Superb!;0;0
UgxyC44QiulL7VddVf14AaABAg;None;N8ap4k_1QEQ;@flaggstang7977;UC7Xe3JWJDogetjDZjo3wzCA;http://www.youtube.com/@flaggstang7977;"Thank you again for making programming understandable ! I can&#39;t count how many times i have spent hours on simple problems and found the answer on this channel";Thank you again for making programming understandable ! I can't count how many times i have spent hours on simple problems and found the answer on this channel;1;0
UgzL9m-zFR7A9hnEjB54AaABAg;None;N8ap4k_1QEQ;@hsumyathlaing2002;UCiN3IxcG2U05zCZKq03gPVA;http://www.youtube.com/@hsumyathlaing2002;"thank you so much sir! y&#39;all JavaScript videos are so much knowledge and easily to understand for beginners.... i appreciate it!";thank you so much sir! y'all JavaScript videos are so much knowledge and easily to understand for beginners.... i appreciate it!;3;0
UgygCYOuAoawx-q4Omh4AaABAg;None;N8ap4k_1QEQ;@VHTrayanov;UCws9u7ndB_1XcY3ciXV7TrQ;http://www.youtube.com/@VHTrayanov;Mosh is the BEST, Thank you;Mosh is the BEST, Thank you;3;0
UgyZFcVVQUeuVhTn-9J4AaABAg;None;N8ap4k_1QEQ;@ganiyuridwan9940;UCAXB9V2qGdTYhoC4c-YJmwQ;http://www.youtube.com/@ganiyuridwan9940;This 5 minutes video makes a lot of sense,I love all your YouTube tutorials I attended ❤️❤️;This 5 minutes video makes a lot of sense,I love all your YouTube tutorials I attended ❤️❤️;0;0
UgxvZ1e8Y4bOzXgU22R4AaABAg;None;N8ap4k_1QEQ;@solomoneze2301;UCTtdsgNUHjCdALktpeWCFzg;http://www.youtube.com/@solomoneze2301;short ,concise and self explanatory thank you;short ,concise and self explanatory thank you;0;0
UgzBCdyphJiH9nBPxpV4AaABAg;None;N8ap4k_1QEQ;@Gary_Reid_Backing_Tracks;UCxh7QpzVaEihUAZwP2inqnQ;http://www.youtube.com/@Gary_Reid_Backing_Tracks;"So let me see if I&#39;ve got this straight...  <br> A parameter - a unique term typed inside the &quot;function( )&quot; parentheses becomes a variable that is only valid when used within that function itself. <br>also @ <a href=""https://www.youtube.com/watch?v=N8ap4k_1QEQ&amp;t=182"">3:02</a> - &#39;most programmers don&#39;t know the difference between a parameter and an argument&#39;. <br><br> This is very helpful. I&#39;ve been studying JS for a month or so, and I&#39;m trying desperately to find the &quot;aha&quot; moment of calling functions and how they relate to creating actions at specific moments.";"So let me see if I've got this straight...  
 A parameter - a unique term typed inside the ""function( )"" parentheses becomes a variable that is only valid when used within that function itself. 
also @ 3:02 - 'most programmers don't know the difference between a parameter and an argument'. 

 This is very helpful. I've been studying JS for a month or so, and I'm trying desperately to find the ""aha"" moment of calling functions and how they relate to creating actions at specific moments.";0;0
UgymZWeSn2EZspD3BMJ4AaABAg;None;N8ap4k_1QEQ;@michaelotto2744;UCkSvS7Z0cCfOmUJoVFNUlRA;http://www.youtube.com/@michaelotto2744;This is EXCELLENT. Really awesome job of concisely dealing with the composition and components of a function.;This is EXCELLENT. Really awesome job of concisely dealing with the composition and components of a function.;7;1
UgyG2NmVxSaVlfvu_xJ4AaABAg;None;N8ap4k_1QEQ;@webylancers5607;UCrBaH4VD2SNIfBP6W1noR8Q;http://www.youtube.com/@webylancers5607;JazakuMullaha Khaira!!..Aameen!!..;JazakuMullaha Khaira!!..Aameen!!..;1;0
Ugz3lroAjPtuM9Q9Wl94AaABAg;None;N8ap4k_1QEQ;@elianpahlow5861;UCKXOJX2z3iNu-DRkN-6Se9g;http://www.youtube.com/@elianpahlow5861;Thank you for this short and great explanation!;Thank you for this short and great explanation!;1;0
UgwzyBiyrnfCJcxK1Tp4AaABAg;None;N8ap4k_1QEQ;@banetkaa;UCj2P7bHobMMZScBdtObMYJA;http://www.youtube.com/@banetkaa;This was really straightforward and simple. Thank you;This was really straightforward and simple. Thank you;0;0
UgzU6C8SHTPVV7TR8tl4AaABAg;None;N8ap4k_1QEQ;@scottldn;UCvmfopJGM5Fv4wL9bPBTRPg;http://www.youtube.com/@scottldn;"crystal clear explanation, best I&#39;ve seen. Thank you!";crystal clear explanation, best I've seen. Thank you!;0;0
UgwGB6fztY_E4ktvLVp4AaABAg;None;N8ap4k_1QEQ;@mani_7800;UCi4UkgN21cJ5Fn-Rj9oMDyw;http://www.youtube.com/@mani_7800;Explained it so well in just 5 min. Lemme tell, this concept was so confusing for me and your 5 min video made it all clear.  Subscribed 👍;Explained it so well in just 5 min. Lemme tell, this concept was so confusing for me and your 5 min video made it all clear.  Subscribed 👍;3;1
UgwJQXk7zdOOKwjbvqx4AaABAg;None;N8ap4k_1QEQ;@LostSwiper;UC8wltKkGXnBEZcnkHUylOcg;http://www.youtube.com/@LostSwiper;thanks alot man, never understood functions but you explain it really easy;thanks alot man, never understood functions but you explain it really easy;0;0
UgwOD5mYWzVzE_r_79h4AaABAg;None;N8ap4k_1QEQ;@christianhartwig4959;UC3-mjMZtPJTJqf3C7Y-fGNQ;http://www.youtube.com/@christianhartwig4959;"subscribed....Thank you for taking the time to explain this without leaving out any basic details.  So many times people who understand things explain them to people who don&#39;t as if they have the same experience level or knowledge.";subscribed....Thank you for taking the time to explain this without leaving out any basic details.  So many times people who understand things explain them to people who don't as if they have the same experience level or knowledge.;0;0
Ugy2NZVtOZm4tvUdg8F4AaABAg;None;N8ap4k_1QEQ;@aaradhyajain5463;UC0jCyjrbX0ZPYGgYQh94hnw;http://www.youtube.com/@aaradhyajain5463;thankyou so much.I was so confused about what are parameters and i finally got it;thankyou so much.I was so confused about what are parameters and i finally got it;0;0
UgyYyU71488qJ5FlKMp4AaABAg;None;N8ap4k_1QEQ;@gregburke7729;UCuN-bV2Mv4dJnh7_Y43a-Tg;http://www.youtube.com/@gregburke7729;great videos for a new JS developer! thank you;great videos for a new JS developer! thank you;1;0
UgynPM8JfPBGv-plAxd4AaABAg;None;N8ap4k_1QEQ;@merv2424;UCvqoT3ogo0UeKSuBCKznPBg;http://www.youtube.com/@merv2424;This helped me understand parameters more, thanks boss;This helped me understand parameters more, thanks boss;0;0
UgyPQuMLx0n5p_lmIDV4AaABAg;None;N8ap4k_1QEQ;@HugoHenriqueGrah;UCrq2O2OLbAMkLSRRXmcWC1w;http://www.youtube.com/@HugoHenriqueGrah;Exactly what I was looking for. Thanks!;Exactly what I was looking for. Thanks!;1;0
UgxFbggqnarMJi664CJ4AaABAg;None;N8ap4k_1QEQ;@marlon82mc;UCBwuxL_5K7i3d6N7oICTDjw;http://www.youtube.com/@marlon82mc;I get it that you want to show people how core JS works, but why not briefly show that and then move on to how we should be writing it today? I just think that modern JS (ES6+) should be taught up front now instead of people having to search for those lessons specifically. Just my opinion. Please keep the great content coming!;I get it that you want to show people how core JS works, but why not briefly show that and then move on to how we should be writing it today? I just think that modern JS (ES6+) should be taught up front now instead of people having to search for those lessons specifically. Just my opinion. Please keep the great content coming!;2;0
Ugx3FzjxhIW77Eyqk3l4AaABAg;None;N8ap4k_1QEQ;@rubabali61;UCPsJLWmrr-4bK-G_dttUcKw;http://www.youtube.com/@rubabali61;An excellent lesson, short and easy to understand.;An excellent lesson, short and easy to understand.;0;0
UgwuWWSSZoczwZZnqAV4AaABAg;None;N8ap4k_1QEQ;@БьорнСтрауструп;UC7WeC4KQ64mPwzEHH_ZUfUQ;http://www.youtube.com/@%D0%91%D1%8C%D0%BE%D1%80%D0%BD%D0%A1%D1%82%D1%80%D0%B0%D1%83%D1%81%D1%82%D1%80%D1%83%D0%BF;Thanks a lot!<br>I understood functions only thanks of this lesson;"Thanks a lot!
I understood functions only thanks of this lesson";1;0
UgxKIWMCBg1rPvEQEIl4AaABAg;None;N8ap4k_1QEQ;@webylancers5607;UCrBaH4VD2SNIfBP6W1noR8Q;http://www.youtube.com/@webylancers5607;JazakAllah!!.Aameen!!..;JazakAllah!!.Aameen!!..;1;0
UgyIQbZNtXOH2kxQL-x4AaABAg;None;N8ap4k_1QEQ;@haowu2513;UCwltDW9RJ9-i7WZtFDH_mUw;http://www.youtube.com/@haowu2513;formal Parameter and actual Argument;formal Parameter and actual Argument;1;0
Ugw04TYiJdpvyxLXrSl4AaABAg;None;N8ap4k_1QEQ;@thekidshn5681;UCUkGLHABaSAxLQopVlutqXQ;http://www.youtube.com/@thekidshn5681;🙃🙃🙃I feel relax after getting the point.<br>This was one of the most confusing one which you solved for me.;"🙃🙃🙃I feel relax after getting the point.
This was one of the most confusing one which you solved for me.";1;0
UgxlHXXp0jgU1WAtJYx4AaABAg;None;N8ap4k_1QEQ;@djhonz45;UCoimRDMlaj-Ai38RByo8sgw;http://www.youtube.com/@djhonz45;Absolutely well explained!!!! Thank you!!;Absolutely well explained!!!! Thank you!!;0;0
UgzfGOg62fuVwdIHjpZ4AaABAg;None;N8ap4k_1QEQ;@joshuamichael845;UCd6GSp5ewPMHtQZKXsCJQjg;http://www.youtube.com/@joshuamichael845;Thank you for these, very well elaborated. God bless you;Thank you for these, very well elaborated. God bless you;0;0
UgxatHJYAXtF2uEzY6t4AaABAg;None;N8ap4k_1QEQ;@ruchitpatel5827;UC7XlssxMjc_CpvGRFg-h34A;http://www.youtube.com/@ruchitpatel5827;Thanks 🙏 you sir I really appreciate it finally my doubts is cleared thank u god bless u sir;Thanks 🙏 you sir I really appreciate it finally my doubts is cleared thank u god bless u sir;1;0
UgzHyGjunu9Rf95FkVF4AaABAg;None;N8ap4k_1QEQ;@webylancers5607;UCrBaH4VD2SNIfBP6W1noR8Q;http://www.youtube.com/@webylancers5607;Alhamdilillah!!..Aameen!!..;Alhamdilillah!!..Aameen!!..;1;0
Ugy7rWj-4bDIIC7vwO94AaABAg;None;27YP6n6pDh0;@jackpaice;UChmdvnK_xzWDLoB26UJUhtg;http://www.youtube.com/@jackpaice;"I just wanna quickly share my story. I started learning JS and React from Mosh&#39;s courses in late 2019. Within a year and a half I landed my first job in the industry as a Frontend Developer. I now work as a Senior Mobile Developer in a large pharmaceutical corporation making close to 6 figures. The industry has changed a lot post covid, and getting hired is harder than it was when I started, but there are still plenty of jobs out there. Don&#39;t get discouraged. Focus on improving key skills and making important connections😊";I just wanna quickly share my story. I started learning JS and React from Mosh's courses in late 2019. Within a year and a half I landed my first job in the industry as a Frontend Developer. I now work as a Senior Mobile Developer in a large pharmaceutical corporation making close to 6 figures. The industry has changed a lot post covid, and getting hired is harder than it was when I started, but there are still plenty of jobs out there. Don't get discouraged. Focus on improving key skills and making important connections😊;202;16
Ugzc0MJl-x8DobKXQIl4AaABAg;None;27YP6n6pDh0;@luthelear256;UCKbBVxAzeWlxgjBE2dewsoQ;http://www.youtube.com/@luthelear256;At this point in life you are directly talking to me. I was confused but every time I come to this Channel everything becomes clearer and clearer!;At this point in life you are directly talking to me. I was confused but every time I come to this Channel everything becomes clearer and clearer!;41;3
UgzfGdw7IHmribdT6pt4AaABAg;None;27YP6n6pDh0;@ArturMorgan;UCK8sbw5YQn6E9KxWJNCdJdw;http://www.youtube.com/@ArturMorgan;"Okay guys. I&#39;ve realized that it&#39;s time for me to really focus. One year from now, I promise myself that I&#39;ll be employed as a programmer. I&#39;ll keep you all updated on my progress. Wish me good luck! 🙏🍀";Okay guys. I've realized that it's time for me to really focus. One year from now, I promise myself that I'll be employed as a programmer. I'll keep you all updated on my progress. Wish me good luck! 🙏🍀;29;9
UgyYMlKPwvsZD2whbZh4AaABAg;None;27YP6n6pDh0;@FutureCodingStars;UCXCEXokpYE4oL3-r3hR0ebA;http://www.youtube.com/@FutureCodingStars;"The point about choosing a specific field is so true. It&#39;s easy for young learners to get overwhelmed. Focusing on a single, fun project can make the journey feel much more manageable.";The point about choosing a specific field is so true. It's easy for young learners to get overwhelmed. Focusing on a single, fun project can make the journey feel much more manageable.;1;0
UgyVIqQctFZjMnTKwLV4AaABAg;None;27YP6n6pDh0;@ShadmanJarif-m3g;UCXJ0zoW6wb3MKHGdCrKaIrg;http://www.youtube.com/@ShadmanJarif-m3g;If you want to learn coding step by step and think like a coder then Mosh is best.Thank you Mosh for teaching me the world of code .;If you want to learn coding step by step and think like a coder then Mosh is best.Thank you Mosh for teaching me the world of code .;5;0
Ugzu8F-PIx7g31lNOR54AaABAg;None;27YP6n6pDh0;@luisloyola3591;UCRKEdvb5dhwTw6Z9fElcq6g;http://www.youtube.com/@luisloyola3591;Soy de la comunidad de habla hispana, si entiendes algo de ingles, estos cursos son para ti, mosh te enseña no solo a replicar código, sino que a darle sentido al mismo usando las tecnologías que se usan en las empresas, eso te da mas contexto global y un entendimiento superior a otros cursos que puedas tomar en español. <br>Para los que son de latam, estos cursos son en mi opinion al mismo nivel del señor Herrera y Miguel D. incluso diría que por el formato que se usa es mucho mejor para los principiantes, se aprende mas y esta mucho mejor guionado lo que te deja menos vacíos teóricos (algo bien usual en cursos promedios).<br>Conclusion: el gran plus de mosh es el correcto guion de los cursos, no hay términos sueltos, ni explicaciones inconclusas, también tiene un correcto nivel de dificultad teórica, de lo sencillo a lo más complicado. No son cursos para expertos, pero si para gente que es incluso intermedia (juniors con 1-3 años de experiencia).<br><br>PD: esto no es una promo, doy mi opinion totalmente libre y en base a mi experiencia (soy analista programador titulado);"Soy de la comunidad de habla hispana, si entiendes algo de ingles, estos cursos son para ti, mosh te enseña no solo a replicar código, sino que a darle sentido al mismo usando las tecnologías que se usan en las empresas, eso te da mas contexto global y un entendimiento superior a otros cursos que puedas tomar en español. 
Para los que son de latam, estos cursos son en mi opinion al mismo nivel del señor Herrera y Miguel D. incluso diría que por el formato que se usa es mucho mejor para los principiantes, se aprende mas y esta mucho mejor guionado lo que te deja menos vacíos teóricos (algo bien usual en cursos promedios).
Conclusion: el gran plus de mosh es el correcto guion de los cursos, no hay términos sueltos, ni explicaciones inconclusas, también tiene un correcto nivel de dificultad teórica, de lo sencillo a lo más complicado. No son cursos para expertos, pero si para gente que es incluso intermedia (juniors con 1-3 años de experiencia).

PD: esto no es una promo, doy mi opinion totalmente libre y en base a mi experiencia (soy analista programador titulado)";4;0
UgwcIJzCCk2UCnJP-R14AaABAg;None;27YP6n6pDh0;@ammarhassan_;UC6iL5RjId7fi81ALhPMh-ww;http://www.youtube.com/@ammarhassan_;"Hi Mosh, I was a yearly subscriber to your platform, the problem I saw is that the help wasn&#39;t available as it should when a person get stuck, otherwise your coding style is great. Hope the forum thing will change this year so on some new deal I come back 😁";Hi Mosh, I was a yearly subscriber to your platform, the problem I saw is that the help wasn't available as it should when a person get stuck, otherwise your coding style is great. Hope the forum thing will change this year so on some new deal I come back 😁;11;0
UgwUIbGRKqyfsTU5Jp54AaABAg;None;27YP6n6pDh0;@mohsenibraheem;UCw-O1ReO1LzNA54pO8Hm6Aw;http://www.youtube.com/@mohsenibraheem;"Thank you very much, you always use to tell use &#39;&#39;learn first programming language after you succeed then jump to another&#39;&#39;<br>Thank you for everything";"Thank you very much, you always use to tell use ''learn first programming language after you succeed then jump to another''
Thank you for everything";5;0
Ugx_TjgmFeAv7DT8bw54AaABAg;None;27YP6n6pDh0;@Thatboybubu;UCWveEEXKdYnjcv7Pai32qhw;http://www.youtube.com/@Thatboybubu;I’m currently 17 years old and I started coding at 14. I started without a laptop/pc and was just writing down my codes in a book to try them out when I visit the cafe. Now I’m a full stack web developer.;I’m currently 17 years old and I started coding at 14. I started without a laptop/pc and was just writing down my codes in a book to try them out when I visit the cafe. Now I’m a full stack web developer.;45;4
UgxYBNZgTtuxod8oxqt4AaABAg;None;27YP6n6pDh0;@anuagasthya8927;UCLyv4S5AzwlBTx_N7ZgX-AA;http://www.youtube.com/@anuagasthya8927;I am a mom to 24yrs old programmar. I learned basics of python from your python for beginners of 6hrs duration and I was able see my little programs running😊Thankyou once again for this video;I am a mom to 24yrs old programmar. I learned basics of python from your python for beginners of 6hrs duration and I was able see my little programs running😊Thankyou once again for this video;75;3
UgwaODpx4IUs-tZZjT14AaABAg;None;27YP6n6pDh0;@Roocosan;UCX03vLMEWPXOKFQ2bgHhmOQ;http://www.youtube.com/@Roocosan;This video may be a year ago, but the advice to select a good course and actually finish it hit me hard man. Gotta be consistent with the courses instead of jumping around.;This video may be a year ago, but the advice to select a good course and actually finish it hit me hard man. Gotta be consistent with the courses instead of jumping around.;0;0
UgwFaS8g71WIIVWkqX94AaABAg;None;27YP6n6pDh0;@MyCodingDiary;UC_-Sg3dW0yIathaX7-RtJMQ;http://www.youtube.com/@MyCodingDiary;"I&#39;ve been struggling with this topic, but your video cleared it up for me. Thanks a ton!";I've been struggling with this topic, but your video cleared it up for me. Thanks a ton!;8;0
UgwecMZ8tp3wHJvwtQ14AaABAg;None;27YP6n6pDh0;@pawnationofficial;UCD93d1wSJJUihDtB91RKGnw;http://www.youtube.com/@pawnationofficial;"I&#39;m currently 17 and started learning Python 3 weeks ago, your videos really help me learn faster. I&#39;ll update this comment after 1 year to tell how it went.";I'm currently 17 and started learning Python 3 weeks ago, your videos really help me learn faster. I'll update this comment after 1 year to tell how it went.;10;3
UgztT1Lb2jAxSR02VPN4AaABAg;None;27YP6n6pDh0;@jonsommet;UC0DfJMEOlTu8KuBR9vdE05A;http://www.youtube.com/@jonsommet;Thanks for helping me get there, Mosh!;Thanks for helping me get there, Mosh!;5;0
UgyCyl7U2b19KcmlDbd4AaABAg;None;27YP6n6pDh0;@c38ns;UCNlxYjmJA0fg4k9AUF46zuA;http://www.youtube.com/@c38ns;"Wow. This is great stuff. I bought M&#39;s online course. Best deal ever. It&#39;s cheap but 100x more thorough than any other coding course I&#39;ve taken. Great job.";Wow. This is great stuff. I bought M's online course. Best deal ever. It's cheap but 100x more thorough than any other coding course I've taken. Great job.;1;0
Ugxr444kUm9CTqMsijF4AaABAg;None;27YP6n6pDh0;@GeletaArarsa;UC0-Z1_rAB2H0wPNkiYf4TGA;http://www.youtube.com/@GeletaArarsa;"You&#39;re always the best, keep up on helping and putting us on a right path";You're always the best, keep up on helping and putting us on a right path;6;0
Ugy9slvRkdN_dzwQ9it4AaABAg;None;27YP6n6pDh0;@SQU-4-DRON;UC9XaKmyhO6HpUqLrg8r6LAQ;http://www.youtube.com/@SQU-4-DRON;I’m 30 years old and i have a degree in CS but didn’t get a job after completing my degree it’s been two years i have been jobless without any real life job experience i want to get a job and change my life;I’m 30 years old and i have a degree in CS but didn’t get a job after completing my degree it’s been two years i have been jobless without any real life job experience i want to get a job and change my life;8;2
UgysvMhc9cpfjcrAhI14AaABAg;None;27YP6n6pDh0;@me0101001000;UCjb3Y8OP3ka9blbvEUfm-kQ;http://www.youtube.com/@me0101001000;"I&#39;m a PhD student in materials science. I&#39;m learning to code for the purposes of making and running simulations to inform my experiments. Most of my work revolves around Python, C++, Fortran, and of course, Bash.";I'm a PhD student in materials science. I'm learning to code for the purposes of making and running simulations to inform my experiments. Most of my work revolves around Python, C++, Fortran, and of course, Bash.;4;3
UgxvA2-XqQjNMPv3IPF4AaABAg;None;27YP6n6pDh0;@MyCodingDiary;UC_-Sg3dW0yIathaX7-RtJMQ;http://www.youtube.com/@MyCodingDiary;This video is like a ray of sunshine on a cloudy day.;This video is like a ray of sunshine on a cloudy day.;3;0
UgzQJPwVcTecF5R_mu54AaABAg;None;27YP6n6pDh0;@pompeii1275;UCcWylllBl-SgF2_WsN2XIvQ;http://www.youtube.com/@pompeii1275;I’m just starting The Odin Project… idk if it will be a waste of time or not but I’ve set a goal for myself. I’m giving myself 8 months to learn and build projects before I start to apply for jobs. I have zero experience in web development but I do have a bachelor degree in IT.;I’m just starting The Odin Project… idk if it will be a waste of time or not but I’ve set a goal for myself. I’m giving myself 8 months to learn and build projects before I start to apply for jobs. I have zero experience in web development but I do have a bachelor degree in IT.;1;0
UgxxrIBH_QT2vDGZ9MN4AaABAg;None;27YP6n6pDh0;@cstechnique;UCsNz0vKMIW7JAKpJudPc1qQ;http://www.youtube.com/@cstechnique;"Your Django course helped me land a fresher position even though I only took Django courses 1 and 2. I didn&#39;t rate Django 3 highly, as it focused too much on tools and utilities that were difficult to remember. I hope you&#39;ll redo Django 3 and create a microservice course with Django. Thank you.";Your Django course helped me land a fresher position even though I only took Django courses 1 and 2. I didn't rate Django 3 highly, as it focused too much on tools and utilities that were difficult to remember. I hope you'll redo Django 3 and create a microservice course with Django. Thank you.;1;0
UgzRnphEzuLlg_pehYh4AaABAg;None;27YP6n6pDh0;@Stephen-ed4pp;UCIhvyunoopMsiLoNaPRlSEA;http://www.youtube.com/@Stephen-ed4pp;"Mosh : Pick an instructor whose teaching style you like and dedicate yourself to actually finishing each course.<br>Me who has picked Mosh but ain&#39;t able to afford his course: 😞😣";"Mosh : Pick an instructor whose teaching style you like and dedicate yourself to actually finishing each course.
Me who has picked Mosh but ain't able to afford his course: 😞😣";4;0
Ugzgr121DmBan7w5dbF4AaABAg;None;27YP6n6pDh0;@kodekorp2064;UC_ZbHOLRjB7tYZQ3aobLyLQ;http://www.youtube.com/@kodekorp2064;I did everything wrong I guess. But technically I also didn’t try as much as I should. 5 years of coding and 2 years of start up experience with no pay and now back to being unemployed.;I did everything wrong I guess. But technically I also didn’t try as much as I should. 5 years of coding and 2 years of start up experience with no pay and now back to being unemployed.;5;4
UgxHSEW3okN1_qSCFoB4AaABAg;None;27YP6n6pDh0;@r8_now;UCN5-_AB6H5Rg9PJFk4toWOQ;http://www.youtube.com/@r8_now;this was in 2021, good luck in 2024. You need to bring a lot more to the table. You can do it but expect to put down 2 years atleast;this was in 2021, good luck in 2024. You need to bring a lot more to the table. You can do it but expect to put down 2 years atleast;1;0
UgykGsaSDtyIMyGfSZx4AaABAg;None;27YP6n6pDh0;@ScientiaOfLight;UCCREIT27VKFPuCzM5mbb0lA;http://www.youtube.com/@ScientiaOfLight;"Same, I&#39;m currently 17 years old. Just trying to get into the field. I already have like 4 years of programming.";Same, I'm currently 17 years old. Just trying to get into the field. I already have like 4 years of programming.;124;35
UgxfUu4PyhFuMDzBOM14AaABAg;None;27YP6n6pDh0;@andrewcomplainer;UCnvM9n_ccizoT2EZmGTf5HA;http://www.youtube.com/@andrewcomplainer;Im studying informatics since 24 years now. I tried literally everything including Mosh videos, Bachelor, Master, Plenty of Udemy Videos, countless hours  projects and applies for a job. All I managed was 5 interviews from which I was rejected. I applied for 2.500 jobs for real! Alone and with help of many prof.. covering whole Greece and Germany;Im studying informatics since 24 years now. I tried literally everything including Mosh videos, Bachelor, Master, Plenty of Udemy Videos, countless hours  projects and applies for a job. All I managed was 5 interviews from which I was rejected. I applied for 2.500 jobs for real! Alone and with help of many prof.. covering whole Greece and Germany;0;0
Ugx_427YYU4YjZRb4i14AaABAg;None;27YP6n6pDh0;@black2thepiink;UC6DQAvPJAHWEVC8J1F1A_jw;http://www.youtube.com/@black2thepiink;To be honest mosh one hr vidoes is more engaging than the fulll course i tried your react but never its was really hard fr me.. those class based vidoes is waste of time .. but i can say...when i start a beginner mosh bro vidoes boosted my confidence i believe finding right ✅ source of learning is difficult when it comes to framework these tutorials vidoes mostly comes with bugs;To be honest mosh one hr vidoes is more engaging than the fulll course i tried your react but never its was really hard fr me.. those class based vidoes is waste of time .. but i can say...when i start a beginner mosh bro vidoes boosted my confidence i believe finding right ✅ source of learning is difficult when it comes to framework these tutorials vidoes mostly comes with bugs;2;0
UgwrYLOyNYET3wK3psB4AaABAg;None;27YP6n6pDh0;@aparnasengupta03;UC7Wa65IvimT0-lYRT2I-12w;http://www.youtube.com/@aparnasengupta03;"Mosh, I always learn technical skills watching your videos. Could it be possible for you to make a series of video on relevant topics on AWS real time Projects to get a entry -level &quot;Cloud engineer&quot; jobs . Also, if you can teach those projects, how to build those projects, where we can add our own stuff to make it authentic at the same time learn the stuffs how to do it. And be ready for interviews.";"Mosh, I always learn technical skills watching your videos. Could it be possible for you to make a series of video on relevant topics on AWS real time Projects to get a entry -level ""Cloud engineer"" jobs . Also, if you can teach those projects, how to build those projects, where we can add our own stuff to make it authentic at the same time learn the stuffs how to do it. And be ready for interviews.";1;0
UgwzFkD3uMMMUl97RiZ4AaABAg;None;27YP6n6pDh0;@isamu7416;UCwHFA71o5CU6G2Oq0nz-Ccw;http://www.youtube.com/@isamu7416;Thanks Mosh you are the best<br>We need a react course please🙏🙏🙏;"Thanks Mosh you are the best
We need a react course please🙏🙏🙏";2;0
UgxLo4rZ04cKNm7KAyt4AaABAg;None;27YP6n6pDh0;@mdyasinahamedfardin7790;UCL5AfuSbHLXMYYogv2l0ylQ;http://www.youtube.com/@mdyasinahamedfardin7790;Thanks a lot! now I am feeling motivated again to restart.  actually I am just finishing my Higher secondary school exam after 2 years drop but hardly wants too learn Software development and land my first job quickly. I hope I can make it real very soon.;Thanks a lot! now I am feeling motivated again to restart.  actually I am just finishing my Higher secondary school exam after 2 years drop but hardly wants too learn Software development and land my first job quickly. I hope I can make it real very soon.;0;0
UgwyWi0QbUsAWdjUMM54AaABAg;None;27YP6n6pDh0;@vignesh170794;UCI-IcirGhpqA07Ax1_gVyVw;http://www.youtube.com/@vignesh170794;"Hi Mosh! Thanks for sharing your ideas to us. I&#39;m currently working as an Senior Implementation Engineer II and I have 6+ years of experience in application and customer support. I have so much interest to become a Data Scientist. As a first step, I started learning Python from scratch by watching your 6 hours python class video. In fact, I have basic skills in SQL. I know it&#39;s a long way to go. I like to have a roadmap to understand the path better and learn in depth to become a Data Scientist.<br><br>I&#39;m happy to have your advices and thoughts in this regard.";"Hi Mosh! Thanks for sharing your ideas to us. I'm currently working as an Senior Implementation Engineer II and I have 6+ years of experience in application and customer support. I have so much interest to become a Data Scientist. As a first step, I started learning Python from scratch by watching your 6 hours python class video. In fact, I have basic skills in SQL. I know it's a long way to go. I like to have a roadmap to understand the path better and learn in depth to become a Data Scientist.

I'm happy to have your advices and thoughts in this regard.";0;0
UgyBpNvsIqV3RbPskAp4AaABAg;None;27YP6n6pDh0;@amuelofficial;UCyfZk6-gsRpzRjSuXZSkEhQ;http://www.youtube.com/@amuelofficial;Wise words❤❤;Wise words❤❤;1;0
UgwtZuwiCwed7gLY7BN4AaABAg;None;27YP6n6pDh0;@WIZZOSMART;UC5QteKW1dZ3ScMemv-slPYg;http://www.youtube.com/@WIZZOSMART;what are the way to learn it faster and to do it;what are the way to learn it faster and to do it;1;0
UgxMvQWLLKVqp80oTE94AaABAg;None;27YP6n6pDh0;@thecurioussumit7.;UCw9h39p4MZTd4IazLa5YFUA;http://www.youtube.com/@thecurioussumit7.;Thank you for helping me ❤;Thank you for helping me ❤;3;0
UgwbeOpO5MRRLRgIUrp4AaABAg;None;27YP6n6pDh0;@jiauyjiauy3777;UCQKi8RHf4l5y3IfKTpsVTGQ;http://www.youtube.com/@jiauyjiauy3777;"&quot;even without a degree&quot;<br>In my own experience, a CS degree ain&#39;t shit. It literally not only teaches you nothing relevant but also slows down the whole process of learning. So, &quot;self taughts&quot; are inheretly better";"""even without a degree""
In my own experience, a CS degree ain't shit. It literally not only teaches you nothing relevant but also slows down the whole process of learning. So, ""self taughts"" are inheretly better";1;0
UgzoTqT5mA-Qf4MdSxZ4AaABAg;None;27YP6n6pDh0;@mirkamrulahsanasif3948;UCDap_rJjd4GMdyA4gYl9_Bg;http://www.youtube.com/@mirkamrulahsanasif3948;I am trying to land my first developer job... I was very frustrated until i saw your video. And your last sentence about landing first developer job seems very right to me nowdays.... thank you;I am trying to land my first developer job... I was very frustrated until i saw your video. And your last sentence about landing first developer job seems very right to me nowdays.... thank you;2;1
Ugwohwz0wns_EFXHLOR4AaABAg;None;27YP6n6pDh0;@nanayaw7159;UChE-KfGL0TGi-AoEjB7YzRQ;http://www.youtube.com/@nanayaw7159;Thanks Mosh😊;Thanks Mosh😊;2;0
UgycYnfyqhbugnx_S_V4AaABAg;None;27YP6n6pDh0;@MrArod1207;UCXr13JTYHFtfDn26C1-rsYg;http://www.youtube.com/@MrArod1207;Happened to me. Complete career change from oilfield industry to software development in under a year. It can happen. Persistence is the key;Happened to me. Complete career change from oilfield industry to software development in under a year. It can happen. Persistence is the key;6;2
UgzazEZVqc4GoRrEZlx4AaABAg;None;27YP6n6pDh0;@NobleCalligraphy;UCZop-ORYl4JgJF3fu-RmJRw;http://www.youtube.com/@NobleCalligraphy;"<b>I&#39;m watching Your Python Course of 6 Hours and Near to end that video. It help me a lot to get some basic Python projects done, Thanks Brother.</b><br><i>From Pakistan 🇵🇰 ❤</i>";"*I'm watching Your Python Course of 6 Hours and Near to end that video. It help me a lot to get some basic Python projects done, Thanks Brother.*
_From Pakistan 🇵🇰 ❤_";0;1
UgxGQvt1zJQ-h8B7-ol4AaABAg;None;27YP6n6pDh0;@godfreyogbeide2340;UCcoKuzEuZ0neeZcUeUhLncg;http://www.youtube.com/@godfreyogbeide2340;Mosh, Thank you for this Educative Informations;Mosh, Thank you for this Educative Informations;2;0
UgyBF1iUUgli1f4Qhvd4AaABAg;None;27YP6n6pDh0;@alifhasanshahOfficial;UCwvUB7u3-il0o7-TYworNpA;http://www.youtube.com/@alifhasanshahOfficial;Thank you mosh.;Thank you mosh.;1;0
UgxFpXuXABZwvc_riZl4AaABAg;None;27YP6n6pDh0;@mdrahman-ju9qv;UC_n7LxnXiZQqL4yddO0advA;http://www.youtube.com/@mdrahman-ju9qv;The most difficult part I am currently struggling with is to get a call for the interview, though I too training to become a full stack web developer. Not getting positive responses from 100s of applications for an entry level position is upsetting. Not sure if they don’t like my resume !! I also didn’t see much entry level job openings in the last few months. I do have a bachelor degree in Economics and minor in Computer Science.;The most difficult part I am currently struggling with is to get a call for the interview, though I too training to become a full stack web developer. Not getting positive responses from 100s of applications for an entry level position is upsetting. Not sure if they don’t like my resume !! I also didn’t see much entry level job openings in the last few months. I do have a bachelor degree in Economics and minor in Computer Science.;0;0
UgyMRkUzWpE5bikPHuV4AaABAg;None;27YP6n6pDh0;@MadhuSudhan-um2lm;UCzOlivrxhfOEj1W6JqNVyrQ;http://www.youtube.com/@MadhuSudhan-um2lm;Please give a complete path for every development with every edge case;Please give a complete path for every development with every edge case;0;0
UgyExcTXUsiCJso65vV4AaABAg;None;27YP6n6pDh0;@msbanda2123;UCVTjHZbbfJHm4yIAHeq1iOQ;http://www.youtube.com/@msbanda2123;Really informative video!;Really informative video!;1;0
UgxxZGN5yNgFVWuCxnN4AaABAg;None;27YP6n6pDh0;@MahdiJalaliJam;UC508z-jds0_Fnc2foMmd8-Q;http://www.youtube.com/@MahdiJalaliJam;Thank you dear mosh;Thank you dear mosh;1;0
UgxhNqpTIZhbvc_r5wZ4AaABAg;None;27YP6n6pDh0;@salmanjalil00;UCLpmHCFxxB7uXiN_MvCFu8w;http://www.youtube.com/@salmanjalil00;Make a modern frontend Developer roadmap;Make a modern frontend Developer roadmap;0;0
Ugy_eREt3Ok4ICaafNN4AaABAg;None;27YP6n6pDh0;@matt112fly;UC5W_MMC_5MVa7D-M6BWqmSA;http://www.youtube.com/@matt112fly;"i learn the most when applying to jobs 😅 once i have a job i dont have time.. getting rejected while you&#39;re constantly improving and learning is the best way to learn - especially the harder things";i learn the most when applying to jobs 😅 once i have a job i dont have time.. getting rejected while you're constantly improving and learning is the best way to learn - especially the harder things;0;2
Ugx0TUYCDWuIhiB-4RF4AaABAg;None;27YP6n6pDh0;@ehtishamProg;UCz9dN12BGzl5aly1veZhxZw;http://www.youtube.com/@ehtishamProg;ما شاء الله <br>جزاك الله خيرا وبارك فيك ❤;"ما شاء الله 
جزاك الله خيرا وبارك فيك ❤";3;1
UgzX0mMbQvxhhFmpHu14AaABAg;None;27YP6n6pDh0;@Miguel-ve1lh;UCowR0Us79hlCY4_66o1dSew;http://www.youtube.com/@Miguel-ve1lh;You should include your website in the description!;You should include your website in the description!;0;0
Ugx5NkJVjrZ6dZUgE7d4AaABAg;None;27YP6n6pDh0;@EmmanuelCode101;UCKYl-wyWlOmGWTaL8fn_-TA;http://www.youtube.com/@EmmanuelCode101;Am 15, and a web developer, using HTML, CSS, JAVASCRIPT, PYTHON, frameworks: bootstrap, jquery. but am now learning django, it has been 3 years coding😊;Am 15, and a web developer, using HTML, CSS, JAVASCRIPT, PYTHON, frameworks: bootstrap, jquery. but am now learning django, it has been 3 years coding😊;0;0
UgzKzlCqyBs5dFlHFvN4AaABAg;None;pTB0EiLXUC8;@dizelvinable;UC88L5vJTRFev6vWOG2ZKxfA;http://www.youtube.com/@dizelvinable;Finally an example of OOP without a car! Thank you!;Finally an example of OOP without a car! Thank you!;3212;31
UgzA6Gv-sH4ol-BzJjd4AaABAg;None;pTB0EiLXUC8;@PavanKumar-pn2tc;UC2fOcixwsCH6TYF5a-P_SVg;http://www.youtube.com/@PavanKumar-pn2tc;Encapsulation : grouping related variables and  functions operating on them. (Reduce complexity)<br>Abstraction: hiding complex data and methods from user (simple interface)<br>Polymorphism: many forms .. to avoid long if else statements RENDER<br>Inheritance: inherent the qualities of a code (to remove redundant code);"Encapsulation : grouping related variables and  functions operating on them. (Reduce complexity)
Abstraction: hiding complex data and methods from user (simple interface)
Polymorphism: many forms .. to avoid long if else statements RENDER
Inheritance: inherent the qualities of a code (to remove redundant code)";179;4
UgwzqH1sh32RqmafI3R4AaABAg;None;pTB0EiLXUC8;@chrisaga6253;UC4SSiDQ8cpApKoChvQ555IA;http://www.youtube.com/@chrisaga6253;"<a href=""https://www.youtube.com/watch?v=pTB0EiLXUC8&amp;t=62"">1:02</a> Encapsulation<br><a href=""https://www.youtube.com/watch?v=pTB0EiLXUC8&amp;t=209"">3:29</a> Abstraction<br><a href=""https://www.youtube.com/watch?v=pTB0EiLXUC8&amp;t=281"">4:41</a> Inheritance<br><a href=""https://www.youtube.com/watch?v=pTB0EiLXUC8&amp;t=327"">5:27</a> Polymorphism";"1:02 Encapsulation
3:29 Abstraction
4:41 Inheritance
5:27 Polymorphism";579;1
Ugzr8XaCDzYriGvvpOl4AaABAg;None;pTB0EiLXUC8;@thallesaraujo7814;UCWWF3fw5f_VDiX1anKMJTrw;http://www.youtube.com/@thallesaraujo7814;I have tried many times to understand what object oriented programming really is. This was the first successful try. Thanks and congrats for the very high quality video!;I have tried many times to understand what object oriented programming really is. This was the first successful try. Thanks and congrats for the very high quality video!;602;7
Ugx4-6RmDdMfLlZHnb94AaABAg;None;pTB0EiLXUC8;@georgechristovich6239;UCM7kXh7EkdnPtc01_NPW7AA;http://www.youtube.com/@georgechristovich6239;Nice work.  I have no doubt that you are a competent programmer, but more importantly as a teacher, you are a gifted presenter.  I usually have to watch tutorials at 1.75 - 2.0 times normal playback to keep from stabbing my eyes out.  Your tutorials are actually enjoyable at normal playback speed. Thank you.;Nice work.  I have no doubt that you are a competent programmer, but more importantly as a teacher, you are a gifted presenter.  I usually have to watch tutorials at 1.75 - 2.0 times normal playback to keep from stabbing my eyes out.  Your tutorials are actually enjoyable at normal playback speed. Thank you.;10;0
UgxwQnAOBPDi6Ups1bZ4AaABAg;None;pTB0EiLXUC8;@aroxing;UCimiWxVJIlq31URR-A1WzSg;http://www.youtube.com/@aroxing;"For me encapsulation is not only about storing properties together and decreasing number of arguments, but what is more important it is all about HIDING implementation details and PROTECTING code from random access. At the same time abstraction is about ignoring unimportant parts of objects providing only essential interface for &#39;outer world&#39;.";For me encapsulation is not only about storing properties together and decreasing number of arguments, but what is more important it is all about HIDING implementation details and PROTECTING code from random access. At the same time abstraction is about ignoring unimportant parts of objects providing only essential interface for 'outer world'.;400;16
Ugzl4rRVC1Ib6kzeQ994AaABAg;None;pTB0EiLXUC8;@zarakhaliq6163;UC2SQDWTU4ITTGqSfqi8f4mw;http://www.youtube.com/@zarakhaliq6163;"I just looked at so many different explanations of OOP for my interview prep including the &quot;simple for even a child&quot; freecodecamp explanation but this one is by far the best one! Great work. Thanks :)";"I just looked at so many different explanations of OOP for my interview prep including the ""simple for even a child"" freecodecamp explanation but this one is by far the best one! Great work. Thanks :)";19;0
UgwhOdexiMs2C-an53F4AaABAg;None;pTB0EiLXUC8;@julianagrutzmann2223;UCgiBVohNTWdujxU0qQrnudw;http://www.youtube.com/@julianagrutzmann2223;What a simple and illustrative way of explaining OOP. I love your videos, Mosh. Keep up the exceptional work!;What a simple and illustrative way of explaining OOP. I love your videos, Mosh. Keep up the exceptional work!;18;0
Ugzojw4JMENU6kq4mb54AaABAg;None;pTB0EiLXUC8;@robertstimmel1100;UC3ppM05EeD0k9g8YfenVjiQ;http://www.youtube.com/@robertstimmel1100;"Great video! I am trying to teach myself C# and I really struggle to research certain things when I get stuck because I don&#39;t know the name of the concept that I need to look into. This video lays a lot of the groundwork in simple and concise terms. Thank you!!!";Great video! I am trying to teach myself C# and I really struggle to research certain things when I get stuck because I don't know the name of the concept that I need to look into. This video lays a lot of the groundwork in simple and concise terms. Thank you!!!;10;0
Ugwo9a4BRv2zJmzpmMh4AaABAg;None;pTB0EiLXUC8;@FiReOaNdDeMoS2121;UCkCLQZ9RuGXC5Lzih4Lk2rw;http://www.youtube.com/@FiReOaNdDeMoS2121;"OMG everything just clicks and makes so much sense, thank you for making this video &lt;3<br>- perfect balance of explanation and really well timed and well chosen diverse examples";"OMG everything just clicks and makes so much sense, thank you for making this video <3
- perfect balance of explanation and really well timed and well chosen diverse examples";85;0
UgyYMZJecOBOU9cMQfB4AaABAg;None;pTB0EiLXUC8;@ilyakortasov2637;UCpLe7BblV5-_S_59Hdbducg;http://www.youtube.com/@ilyakortasov2637;I have been Googling these concepts almost all day yesterday. Now this short video and that is it, I get it now :) I guess you made my day!!!;I have been Googling these concepts almost all day yesterday. Now this short video and that is it, I get it now :) I guess you made my day!!!;47;1
Ugw1jtyzvaTHZhXT4uR4AaABAg;None;pTB0EiLXUC8;@bapple7844;UCZLkeOaQaVxNOPMbywyeZqA;http://www.youtube.com/@bapple7844;"Computer scientists: &quot;ah yes this is an implementation of polymorphism and encapsulation&quot;<br>Also Computer Scientists: &quot;This some spaghetti code right here&quot;";"Computer scientists: ""ah yes this is an implementation of polymorphism and encapsulation""
Also Computer Scientists: ""This some spaghetti code right here""";421;2
UgxvjhqwVo0Vwh7MAF94AaABAg;None;pTB0EiLXUC8;@paisleybunk9352;UCjV7p7GA8gP1aXrwJOBFNWQ;http://www.youtube.com/@paisleybunk9352;Finally a video explaining OOP that is well organized, thorough, and applies it to real programming examples. THANK YOU.;Finally a video explaining OOP that is well organized, thorough, and applies it to real programming examples. THANK YOU.;37;0
Ugxua8YCOrSIzBVF6yx4AaABAg;None;pTB0EiLXUC8;@Farreach;UCfjFTy3W4Jn6dUftNzpzdgQ;http://www.youtube.com/@Farreach;"as a CS major who is in my Senior year.. this is a great clean &amp; concise explanation on the basics of OOP...I came to this video for a refresher since this is material we went over my first year ....I rarely use OOP but i definitely should ..would of made my life at Uni so much easier";as a CS major who is in my Senior year.. this is a great clean & concise explanation on the basics of OOP...I came to this video for a refresher since this is material we went over my first year ....I rarely use OOP but i definitely should ..would of made my life at Uni so much easier;35;6
Ugz1ezJEx1J5_r-xohh4AaABAg;None;pTB0EiLXUC8;@anothercitychannel;UClTGm2DTZhRaLZgaltpektw;http://www.youtube.com/@anothercitychannel;"I&#39;m currently in Programming II at my college which is specifically an object oriented programming class. This video really helped me see what my current class is about. Thanks!";I'm currently in Programming II at my college which is specifically an object oriented programming class. This video really helped me see what my current class is about. Thanks!;4;0
UgzV_UzsGc5lnZt9HeV4AaABAg;None;pTB0EiLXUC8;@talidan3421;UCDSkTAPGu10rNI3Rxrh4coA;http://www.youtube.com/@talidan3421;"Memory trick:  &quot;Oops I ate A PIE&quot;  <br><br><br>A - Abstraction<br><br><br>P - Polymorphism<br>I - Inheritance<br>E - Encaspulation<br><br><br><br><br>thumbs up to help someone out";"Memory trick:  ""Oops I ate A PIE""  


A - Abstraction


P - Polymorphism
I - Inheritance
E - Encaspulation




thumbs up to help someone out";1980;13
UgztlrJX7L2sZleDL3h4AaABAg;None;pTB0EiLXUC8;@geetapatil2680;UCl9eHHHvjoynMzEr81XEzoA;http://www.youtube.com/@geetapatil2680;Hi Mosh..<br>Really your videos are smooth understandable...Thanks;"Hi Mosh..
Really your videos are smooth understandable...Thanks";37;0
UgynBWyIpz7NU6NOX994AaABAg;None;pTB0EiLXUC8;@shsoh6726;UCnRYIcBJEGg_0On1C9TG0XA;http://www.youtube.com/@shsoh6726;Mosh, I read lots of OOP books, you just extracted all the useful contents out of it and translated it in simple words with no jargon. Damet warm.;Mosh, I read lots of OOP books, you just extracted all the useful contents out of it and translated it in simple words with no jargon. Damet warm.;8;1
UgwbR0K7lM-TCMagmiZ4AaABAg;None;pTB0EiLXUC8;@Broughtvulture;UCbPQwH2LFJ-rhOrU0t_wJhw;http://www.youtube.com/@Broughtvulture;"This video cleared up the fog I had when it came to Object Oriented programming. Thanks man. It feels like I&#39;ve broken down huge barrier.";This video cleared up the fog I had when it came to Object Oriented programming. Thanks man. It feels like I've broken down huge barrier.;6;0
UgxNVAqcmkjyBz4R0S54AaABAg;None;pTB0EiLXUC8;@mehrshadsoltani1165;UCzDKd6DG77VbxPSyLAmxm5g;http://www.youtube.com/@mehrshadsoltani1165;"you&#39;re insane man. i&#39;m reaaaaaly proud of having a compatriot like you. you know our difficulties from iran. for example i can&#39;t buy your tutorials. so i will be reeeaaallly thankfull if you publish more contents with us. &lt;3";you're insane man. i'm reaaaaaly proud of having a compatriot like you. you know our difficulties from iran. for example i can't buy your tutorials. so i will be reeeaaallly thankfull if you publish more contents with us. <3;23;0
UgzujsEVa9dfFw1qW9x4AaABAg;None;pTB0EiLXUC8;@wittyhumour29;UCxWntTuGT_fS1vZm6pMOq2Q;http://www.youtube.com/@wittyhumour29;Encapsulation is just not about making variables private, it is much more. It is about<br>breaking up the application into different logical and organized parts. So that you can<br>change one part without generally changing all the other parts. Therefore encapsulate<br>the parts that vary from the parts that remain the same.;"Encapsulation is just not about making variables private, it is much more. It is about
breaking up the application into different logical and organized parts. So that you can
change one part without generally changing all the other parts. Therefore encapsulate
the parts that vary from the parts that remain the same.";11;1
UgxTebCwOo-JE5qxtuN4AaABAg;None;pTB0EiLXUC8;@CalculusIsFun1;UCpTJp9J4gpu585G6N6GnFeg;http://www.youtube.com/@CalculusIsFun1;I was making a general math module in python and noticed that I kept having a bunch of redundant code. 3 minutes of research later, I am here. <br><br>Thank you so much. This will be an excellent addition to my coding arsenal.;"I was making a general math module in python and noticed that I kept having a bunch of redundant code. 3 minutes of research later, I am here. 

Thank you so much. This will be an excellent addition to my coding arsenal.";1;0
Ugw4gYvJpIbFDjxCWFt4AaABAg;None;pTB0EiLXUC8;@sumant9189;UCCXdlquLs7ppM2BhBS8pV8A;http://www.youtube.com/@sumant9189;My God...<br>7 minutes and alot of things in detail.<br>Thanks Mosh.;"My God...
7 minutes and alot of things in detail.
Thanks Mosh.";3;0
UgxgaTw-SsH1QWkN6Jp4AaABAg;None;pTB0EiLXUC8;@mateusloubach;UCBUzPKuhM3jvKkAFQWl0tDQ;http://www.youtube.com/@mateusloubach;"the BEST channel for programming explanation. even the easy english words are explained! &lt;3 - thank you, from a non native english speaker.";the BEST channel for programming explanation. even the easy english words are explained! <3 - thank you, from a non native english speaker.;1;0
Ugw39IvEUpti2O9kSzJ4AaABAg;None;pTB0EiLXUC8;@btkcodes;UCh0mLa3MpG3oLgK1qjeBYBA;http://www.youtube.com/@btkcodes;With Encapsulation: Resides Object oriented programming backbone of encapsulating data and functions into single unit called object<br>With Abstraction: We reduce the impact of change in other objects<br>With Inheritance: We can eliminate redundant code<br>With polymorphism: We can refactor codes according to different types in simple manner;"With Encapsulation: Resides Object oriented programming backbone of encapsulating data and functions into single unit called object
With Abstraction: We reduce the impact of change in other objects
With Inheritance: We can eliminate redundant code
With polymorphism: We can refactor codes according to different types in simple manner";164;3
UgzpFef-v5JdEsNjHKt4AaABAg;None;pTB0EiLXUC8;@mr.logicpants2835;UCMc5TemHIe4SLa6CiyDNy1g;http://www.youtube.com/@mr.logicpants2835;Mosh is AWESOME.  He was made to be a good teacher.  You RULE Mosh! 😛;Mosh is AWESOME.  He was made to be a good teacher.  You RULE Mosh! 😛;2;0
Ugzj-CPKUFaJRzxzUiN4AaABAg;None;pTB0EiLXUC8;@martynaskir7852;UCCdjXHRebrQkvgnHQ27vrWA;http://www.youtube.com/@martynaskir7852;One of the best explanations about the subject. Well structured and easy to follow.;One of the best explanations about the subject. Well structured and easy to follow.;7;0
Ugyzlo_chQ8w7kMRmw14AaABAg;None;pTB0EiLXUC8;@aaronstone_9965;UCxc8XgLE5N3FZF1cFqMvirg;http://www.youtube.com/@aaronstone_9965;"This was so needed. There&#39;s tons of material out there explaining OOP. But usually the explanation is either vague or a bit impractical. Congratulations for not beating about the Bush and yet not missing anything important.";This was so needed. There's tons of material out there explaining OOP. But usually the explanation is either vague or a bit impractical. Congratulations for not beating about the Bush and yet not missing anything important.;0;0
UgzglalMYKJE80mIu8t4AaABAg;None;pTB0EiLXUC8;@mccama19;UCbFc17uViBQpaJ5iPZAiUkQ;http://www.youtube.com/@mccama19;"Thank you for focusing in this one topic, I&#39;ve been having a hard time wrapping my head around this. Your video really helped.";Thank you for focusing in this one topic, I've been having a hard time wrapping my head around this. Your video really helped.;8;0
UgwWADd0kTE32DnZXat4AaABAg;None;pTB0EiLXUC8;@njourawebdev;UCOVfeOytNbNSX-Dnf4nwnvw;http://www.youtube.com/@njourawebdev;You just helped to understand oop after two years of university in just 7min!!!! I will blog about this in my future blog app for suree;You just helped to understand oop after two years of university in just 7min!!!! I will blog about this in my future blog app for suree;1;0
UgzXocdDltuzMR_dHCh4AaABAg;None;pTB0EiLXUC8;@skilz8098;UCjF11zbHaO1qaJ-nl1ndg6A;http://www.youtube.com/@skilz8098;"C++ gives you all of those benefits, plus procedural when need along with lambdas, functions pointers, function objects and templates consisting of function templates, class templates, and variadic templates...  but c++ also gives you the added benefit when a set of classes that are related can reference or modify internal protected or private members by labeling them as a friend. This doesn&#39;t account for the fact that C++ is a strongly typed language, and has various storage type classifiers such as static, const, mutable, inline, etc... Modern C++ also has constexpr which is a very useful precompile feature.<br><br>Suppose you have a class called Motor this could be a nested class within a Car class, however, you might want the Motor class to be an independent class because you can have a motor in a Boat, a Bike, Train, Plane, ATV, or it can even be an electrical motor to some kind of power tool. So in this situation, your base Motor class would be complete abstract, then your VehicleMotor class would derive from that. Then your derived Vehicle class objects such as a Car would have friend access to the VehicleMotor class so that it can change its internal properties such as HorsePower, NumberOfCylinders, etc. Now the Vehicle Motor class might not be able to access the Car&#39;s private members directly but could be a friend to access its private methods or its protected members...  <br><br>This doesn&#39;t even account for the preprocessor directives and macros. Yes, many people frown upon Macros, but in some contexts and if done carefully and correctly, they can make for good text expansion and replacement. I wouldn&#39;t rely on them for setting or changing values, or passing data types around, but they can still be useful. <br><br>With the current release of C++20 in which I do not have a current compiler as of yet, we are now being introduced to Concepts, Coroutines, Modules and more! It&#39;s just that with C++ you need to know what you are doing as C++ will allow you to write code to shoot yourself in the foot as long as it compiles and links and provided you don&#39;t have any run time errors or crashes. You can still have memory leaks, dangling pointers or references, invalid pointers, and references, etc. Other things such as out of bounds indexing or accessing memory that doesn&#39;t belong to you will cause unhandled exceptions. Knowing when to cache something into a local variable within its a specific scope or stack frame is vital compared to knowing when to put something on the heap. Dynamic programming is good in many contexts but one has to be careful, that&#39;s why the standard library is so versatile with its containers and algorithms, smart pointers, etc. <br><br>C++ gives you almost all of the concepts of OOP without the garbage collection of C# and Java with very minimal overhead and more. It is also considered a lower layer of the high-level languages next to C and Objective C, any lower and you&#39;d be working with ASM. It is very fast and efficient and when done correctly, the source code for the application or the program is practically invisible as modern C++ compilers are excellent at what they do and are only improving. They aren&#39;t completely perfect as they do have bugs, but they can generate object code or assembly code much better than you can! They will utilize specific operating system functionality and CPU instructions in manners that you would never think of! Their error messaging systems are becoming much better along with their linker and debugger tools. <br><br>I&#39;ve messed around with C# a little, JavaScript a little and Python but when it comes to the type of programming that I&#39;m into doing such as 3D Graphics Rendering Engines, Hardware Emulators, Sound Processing, Compiler Design, etc. this is where languages such as C, Objective C, and C++ excel above your high-end languages. <br><br>If you&#39;re looking to do something quick and fast such as an online interactive program for quick access and basic functionality then yes, by all means, Java, JavaScript, C#, Python and others are perfect for the job. However, when you are writing the backend, frameworks, libraries, server code, etc. that&#39;s where these languages are usually preferred. <br><br>This is why C++ is considered a multi-paradigm language! It can still work like C, it has the ability to inline assembly blocks as their own scope within a function for optimizing loops, etc. the capabilities such as C# and Java without the overkill of the garbage collection, and it isn&#39;t restricted to have everything as a class or an object or a smart pointer behind the scenes such as seen in Python, C#, or Java. However, it is a strongly typed language which makes it a great tool to master!<br><br><br>Happy Coding!";"C++ gives you all of those benefits, plus procedural when need along with lambdas, functions pointers, function objects and templates consisting of function templates, class templates, and variadic templates...  but c++ also gives you the added benefit when a set of classes that are related can reference or modify internal protected or private members by labeling them as a friend. This doesn't account for the fact that C++ is a strongly typed language, and has various storage type classifiers such as static, const, mutable, inline, etc... Modern C++ also has constexpr which is a very useful precompile feature.

Suppose you have a class called Motor this could be a nested class within a Car class, however, you might want the Motor class to be an independent class because you can have a motor in a Boat, a Bike, Train, Plane, ATV, or it can even be an electrical motor to some kind of power tool. So in this situation, your base Motor class would be complete abstract, then your VehicleMotor class would derive from that. Then your derived Vehicle class objects such as a Car would have friend access to the VehicleMotor class so that it can change its internal properties such as HorsePower, NumberOfCylinders, etc. Now the Vehicle Motor class might not be able to access the Car's private members directly but could be a friend to access its private methods or its protected members...  

This doesn't even account for the preprocessor directives and macros. Yes, many people frown upon Macros, but in some contexts and if done carefully and correctly, they can make for good text expansion and replacement. I wouldn't rely on them for setting or changing values, or passing data types around, but they can still be useful. 

With the current release of C++20 in which I do not have a current compiler as of yet, we are now being introduced to Concepts, Coroutines, Modules and more! It's just that with C++ you need to know what you are doing as C++ will allow you to write code to shoot yourself in the foot as long as it compiles and links and provided you don't have any run time errors or crashes. You can still have memory leaks, dangling pointers or references, invalid pointers, and references, etc. Other things such as out of bounds indexing or accessing memory that doesn't belong to you will cause unhandled exceptions. Knowing when to cache something into a local variable within its a specific scope or stack frame is vital compared to knowing when to put something on the heap. Dynamic programming is good in many contexts but one has to be careful, that's why the standard library is so versatile with its containers and algorithms, smart pointers, etc. 

C++ gives you almost all of the concepts of OOP without the garbage collection of C# and Java with very minimal overhead and more. It is also considered a lower layer of the high-level languages next to C and Objective C, any lower and you'd be working with ASM. It is very fast and efficient and when done correctly, the source code for the application or the program is practically invisible as modern C++ compilers are excellent at what they do and are only improving. They aren't completely perfect as they do have bugs, but they can generate object code or assembly code much better than you can! They will utilize specific operating system functionality and CPU instructions in manners that you would never think of! Their error messaging systems are becoming much better along with their linker and debugger tools. 

I've messed around with C# a little, JavaScript a little and Python but when it comes to the type of programming that I'm into doing such as 3D Graphics Rendering Engines, Hardware Emulators, Sound Processing, Compiler Design, etc. this is where languages such as C, Objective C, and C++ excel above your high-end languages. 

If you're looking to do something quick and fast such as an online interactive program for quick access and basic functionality then yes, by all means, Java, JavaScript, C#, Python and others are perfect for the job. However, when you are writing the backend, frameworks, libraries, server code, etc. that's where these languages are usually preferred. 

This is why C++ is considered a multi-paradigm language! It can still work like C, it has the ability to inline assembly blocks as their own scope within a function for optimizing loops, etc. the capabilities such as C# and Java without the overkill of the garbage collection, and it isn't restricted to have everything as a class or an object or a smart pointer behind the scenes such as seen in Python, C#, or Java. However, it is a strongly typed language which makes it a great tool to master!


Happy Coding!";12;5
Ugwb2IrVR23_lS2qVLp4AaABAg;None;pTB0EiLXUC8;@N00B283;UCIEfpmeECcnbhO9Ejq8maLA;http://www.youtube.com/@N00B283;This video just made me pass my exam in structured system development course at my university (y);This video just made me pass my exam in structured system development course at my university (y);10;0
UgwRCPhIjuH7NQMRsqB4AaABAg;None;pTB0EiLXUC8;@rany21;UCuDAkH-JZz6Wad2RIXuFPxQ;http://www.youtube.com/@rany21;Well done. Thanks for sharing this content.  Simple and easy to follow.;Well done. Thanks for sharing this content.  Simple and easy to follow.;13;0
UgyCbUioGF0Q1VXPujl4AaABAg;None;pTB0EiLXUC8;@andreisas9649;UCsE8dPW900QCuUImcCTdqiA;http://www.youtube.com/@andreisas9649;This is the simplest, precise and easy to understand explanation I have found until now.;This is the simplest, precise and easy to understand explanation I have found until now.;1;0
Ugy1vDOTPPPvkGaxJaR4AaABAg;None;pTB0EiLXUC8;@ifstatementifstatement2704;UCgftTTqOUHLQRocPl9-Ls2w;http://www.youtube.com/@ifstatementifstatement2704;Been programming for 22 years and going to try OOP for the first time. Looks like it will make my programming easier in some aspects. All this time I got away with procedural programming and my current job (programming automation) does not need me knowing OOP but I hope to get a job in software engineering, and I feel OOP is a must to master.;Been programming for 22 years and going to try OOP for the first time. Looks like it will make my programming easier in some aspects. All this time I got away with procedural programming and my current job (programming automation) does not need me knowing OOP but I hope to get a job in software engineering, and I feel OOP is a must to master.;23;1
UgyJdq8ip73LsHN1m4J4AaABAg;None;pTB0EiLXUC8;;UCa_h_k2rHjaANaSXC5oPjgw;http://www.youtube.com/c/KamilWi%C5%9Bniewski1;"&quot;We can change or modify one of the methods and it will not impact the rest of the code&quot; - famous last words ;) Class extending, sharing &quot;this&quot; all around the place, mutating the state - that&#39;s all the consequences of OOP and it WILL impact the whole program. Granted - it&#39;s all about the patterns. But we all know how you can end up with &quot;Spaghetti&quot; code even with OOP. Not to mention presented &quot;Procedural&quot; programming claims should be also contrasted with Functional Programming since Procedural would focus highly on imperatives rather than abstraction functions. Beginners could easily confuse Procedural with Functional at this point.<br><br>With that being said - thanks for gr8 video :)";"""We can change or modify one of the methods and it will not impact the rest of the code"" - famous last words ;) Class extending, sharing ""this"" all around the place, mutating the state - that's all the consequences of OOP and it WILL impact the whole program. Granted - it's all about the patterns. But we all know how you can end up with ""Spaghetti"" code even with OOP. Not to mention presented ""Procedural"" programming claims should be also contrasted with Functional Programming since Procedural would focus highly on imperatives rather than abstraction functions. Beginners could easily confuse Procedural with Functional at this point.

With that being said - thanks for gr8 video :)";3;0
UgxpaEsNp9jtNrMhofh4AaABAg;None;pTB0EiLXUC8;@MrValdesbg;UCj3CtCr4cP60g3fa9p56Qbw;http://www.youtube.com/@MrValdesbg;This is the first ever video that I watch about OOP, in fact this is the first ever information I learn about the OOP. Honestly speaking - I grasped the general idea. After watching it two more times I think I understood the concepts. From a single video from the first time. Thank you, Mosh! Thank you for braking down the complex matter into easily digestible bite sized bits.;This is the first ever video that I watch about OOP, in fact this is the first ever information I learn about the OOP. Honestly speaking - I grasped the general idea. After watching it two more times I think I understood the concepts. From a single video from the first time. Thank you, Mosh! Thank you for braking down the complex matter into easily digestible bite sized bits.;8;0
UgzcCTSpvyCBPjj5BNh4AaABAg;None;pTB0EiLXUC8;@jak9777;UC751nmjRXqqv0JTs-ab21qQ;http://www.youtube.com/@jak9777;I understood more about these concepts in 7mins than 2 hours with my teacher. Thanks!;I understood more about these concepts in 7mins than 2 hours with my teacher. Thanks!;2;0
UgzqJ5ZuJXL5SNv6fkd4AaABAg;None;pTB0EiLXUC8;@muhammadamir4964;UCZO8Ca5KI1YStSMZ9iK5Yxw;http://www.youtube.com/@muhammadamir4964;Mind Opening, Informative, pactical;Mind Opening, Informative, pactical;41;0
UgykNy2DDbh6UDVIDRx4AaABAg;None;pTB0EiLXUC8;@BaherZakhary-o6q;UCtuzAoF6VuP62YX0K8Hyyrg;http://www.youtube.com/@BaherZakhary-o6q;Thank you for the super clear and short explanation, it has helped so much, could you explain the difference between functional and procedural programming in a similar video ?;Thank you for the super clear and short explanation, it has helped so much, could you explain the difference between functional and procedural programming in a similar video ?;1;0
UgymKfShokB5bqLZ5Rt4AaABAg;None;pTB0EiLXUC8;@Andrea-np3dh;UCtmKB4DUCGD_53wPn98X5AQ;http://www.youtube.com/@Andrea-np3dh;"This is the best, clearest explanation I&#39;ve seen so far... Thank you!!!";This is the best, clearest explanation I've seen so far... Thank you!!!;44;1
UgxD2hIo_iUzHGZxCPZ4AaABAg;None;pTB0EiLXUC8;@ronp-eb9bh;UCiGZnmztoP0p9__Y4lUnE4g;http://www.youtube.com/@ronp-eb9bh;"Mr. Mosh, thank you for explaining Python in such a base-level common sense manner. You took a 4 hour class and summed it up better than the CISCO Network Academy that I&#39;m going thru. Thank you so much!";Mr. Mosh, thank you for explaining Python in such a base-level common sense manner. You took a 4 hour class and summed it up better than the CISCO Network Academy that I'm going thru. Thank you so much!;0;0
UgymmKjUjSgRviv8Z754AaABAg;None;pTB0EiLXUC8;@m.u.550;UCjb3hnPfSrI8EKKW5QYPcBQ;http://www.youtube.com/@m.u.550;What a brilliant Video! Thank you!;What a brilliant Video! Thank you!;20;0
UgyQRUdgDLsBmJmmshN4AaABAg;None;pTB0EiLXUC8;@gregsonnawahin6251;UCOQaK58iwVXEcBh3yj68Sww;http://www.youtube.com/@gregsonnawahin6251;To be honest, I like every tutorial of you on programming. In PNG the university dont have such a lecturer that can explain in the lectures room the way you explain in all your upload tutorial its amazing.;To be honest, I like every tutorial of you on programming. In PNG the university dont have such a lecturer that can explain in the lectures room the way you explain in all your upload tutorial its amazing.;1;0
UgzgPSYibNwPIIDRtJt4AaABAg;None;pTB0EiLXUC8;@HCEveningWalk;UCPgD-JRJ11ZKSPGrCrxXYOA;http://www.youtube.com/@HCEveningWalk;Wish f**king college textbooks were as short and straightforward! Thanks for the upload Mosh!;Wish f**king college textbooks were as short and straightforward! Thanks for the upload Mosh!;180;7
Ugzn2GBXSAleAnBQtWB4AaABAg;None;pTB0EiLXUC8;@matt96533;UCEngm-7-cN8Mqmn0rNhy9fg;http://www.youtube.com/@matt96533;"2.23 - &quot;they are decoupled&quot;. This really helped my understanding. Thanks";"2.23 - ""they are decoupled"". This really helped my understanding. Thanks";0;0
Ugz2rJisUxfBPbNbGLp4AaABAg;None;pTB0EiLXUC8;@erikschiegg68;UCggYmj_QUVTVJI5ifddH4_w;http://www.youtube.com/@erikschiegg68;Hey, <br>if you you watch the video in double speed, you master oop in even three and a half minutes!;"Hey, 
if you you watch the video in double speed, you master oop in even three and a half minutes!";1986;31
UgxhrFtXc87OVmOhMkt4AaABAg;None;pTB0EiLXUC8;@matychp;UCYV_qw0q-ppVWa6LDEF-Cvw;http://www.youtube.com/@matychp;The best explanation about the 4 pillars of OOP that I watched in my life, ty Mosh!.;The best explanation about the 4 pillars of OOP that I watched in my life, ty Mosh!.;2;0
UgxIM6GKSHyToWqCY-x4AaABAg;None;pTB0EiLXUC8;@harbisetyonugroho2312;UCTQydddpzndQ3GuxIuDYgDA;http://www.youtube.com/@harbisetyonugroho2312;Thanks, Mosh! I learned a lot! I just learned to code recently, but I am really passionate about it. I hope I can always be a better programmer over time.;Thanks, Mosh! I learned a lot! I just learned to code recently, but I am really passionate about it. I hope I can always be a better programmer over time.;3;0
UgyHoUan8dCo3hKhrNV4AaABAg;None;pTB0EiLXUC8;@stephanietucker5909;UC2MLLE7slRxNJzf0Zkxd9IA;http://www.youtube.com/@stephanietucker5909;You helped me understand OOP in minutes more than my professors did in hours of lecture. Thank you!!;You helped me understand OOP in minutes more than my professors did in hours of lecture. Thank you!!;0;0
UgzRedocv-lcx1LwVHh4AaABAg;None;23AOrSN-wmI;@mariomerino9758;UCkQnsQB4fsLlrk_PczZFjwg;http://www.youtube.com/@mariomerino9758;The last bit of this video was extremely useful! THANK YOU;The last bit of this video was extremely useful! THANK YOU;34;0
UgzCl_BW3SE2JjpzV5N4AaABAg;None;23AOrSN-wmI;@jasonwiesner5539;UCzQdkkprGnFbqKYgBie9Tig;http://www.youtube.com/@jasonwiesner5539;Instead of x you could explicitly use let this = {}, that is essentially what happens in the first line of the constructor function. Helped me to learn it that way.;Instead of x you could explicitly use let this = {}, that is essentially what happens in the first line of the constructor function. Helped me to learn it that way.;3;0
Ugw6WD5tyTNU2aSDXTp4AaABAg;None;23AOrSN-wmI;@nagakrushnayelisetty6880;UCRcTY9waNMY0LSiI8FronLA;http://www.youtube.com/@nagakrushnayelisetty6880;You are genious, explaning each piece of code in clear manner!;You are genious, explaning each piece of code in clear manner!;4;0
UgzCSs07_aC0nRh9ufh4AaABAg;None;23AOrSN-wmI;@codypayne3711;UCgC2lpJ4VmfDI0xutQKq7RA;http://www.youtube.com/@codypayne3711;"THANK YOU!!! I did NOT understand what the effective difference was between factory and constructor functions -- thanks for explaining that they&#39;re just different tools to get the same thing done.";THANK YOU!!! I did NOT understand what the effective difference was between factory and constructor functions -- thanks for explaining that they're just different tools to get the same thing done.;9;2
UgzTYQbRaYboVUH2AIF4AaABAg;None;23AOrSN-wmI;@keifer7813;UCEPF8g88x2YwoC7tgOK6XQg;http://www.youtube.com/@keifer7813;"I think it&#39;s important to be familiar with both ways since you&#39;ll be reading others&#39; code and be lost if they use constructor functions but you only know factory functions";I think it's important to be familiar with both ways since you'll be reading others' code and be lost if they use constructor functions but you only know factory functions;5;0
UgxB1GCr-DdEsXkd2r54AaABAg;None;23AOrSN-wmI;@Zen-lz1hc;UC-sUH2EymWgqLxAfnT59khw;http://www.youtube.com/@Zen-lz1hc;You should know all the ways of creating objects in JS :<br>-Object Literals<br>-Object.create() <br>-Factory function <br>-Constructor function <br>-Class<br>Why ? Because in certain situation one tool is better than the other !;"You should know all the ways of creating objects in JS :
-Object Literals
-Object.create() 
-Factory function 
-Constructor function 
-Class
Why ? Because in certain situation one tool is better than the other !";42;7
Ugx6yLerOOFPqeEs7fR4AaABAg;None;23AOrSN-wmI;@sonoftroy8572;UClfl5TIy_MhE82dBaUqMimA;http://www.youtube.com/@sonoftroy8572;Nice js talk! I’m learning something new everyday... thanks;Nice js talk! I’m learning something new everyday... thanks;7;0
UgwTSaqccuGHc2uBb-N4AaABAg;None;23AOrSN-wmI;@jsprodev2425;UCQyWLV-IMGcNgnlkYjbcKvQ;http://www.youtube.com/@jsprodev2425;The new keyword also sets the prototype of the object to its parent which is Circle<br>e.g Object.setPrototypeOf(newlyCreatedObject, ConstructorFunction);"The new keyword also sets the prototype of the object to its parent which is Circle
e.g Object.setPrototypeOf(newlyCreatedObject, ConstructorFunction)";17;1
UgyV9LcdUQ80vFAPeul4AaABAg;None;23AOrSN-wmI;@exosmexos915;UCn6AHqW_0emlTBAXsO_pthw;http://www.youtube.com/@exosmexos915;"When he says : &quot;What Is Happening Here&quot;<br><br>Me like : I don&#39;t know either :(";"When he says : ""What Is Happening Here""

Me like : I don't know either :(";77;1
UgxWjgo8PHA9HVqG2yB4AaABAg;None;23AOrSN-wmI;@sunitmody6064;UCBPnOscg_B6f4hU72M7kFjw;http://www.youtube.com/@sunitmody6064;Hi Mosh, as a new programmer I would like to suggest you include some context for the use of constructor function. I.E. What are they used for?;Hi Mosh, as a new programmer I would like to suggest you include some context for the use of constructor function. I.E. What are they used for?;29;1
UgyZMuYJkEPwfBPkIRx4AaABAg;None;23AOrSN-wmI;@majdalkwaja9792;UCuhZ82rFXYc_Tosc1chJjfw;http://www.youtube.com/@majdalkwaja9792;Amazing explanation thank you❤️❤️;Amazing explanation thank you❤️❤️;3;0
Ugzb3vjkbdVbZAkElM14AaABAg;None;23AOrSN-wmI;@cyanozoid2706;UCT3pV0TAKOOuQCYwYYrinWA;http://www.youtube.com/@cyanozoid2706;Crystal clear explanation. Thank you, sir!;Crystal clear explanation. Thank you, sir!;9;0
UgxE8J4evyIF6Yiwm1h4AaABAg;None;23AOrSN-wmI;@arshadhussain39;UC9OKEzNByGhH5YlKKwIFAOA;http://www.youtube.com/@arshadhussain39;God gifted mind to Mosh;God gifted mind to Mosh;1;0
UgxZX91Bt9mdlU6ryp54AaABAg;None;23AOrSN-wmI;@christianevillaroel2267;UC35FrdsZXWEYiKhGuNz-U3Q;http://www.youtube.com/@christianevillaroel2267;great video, still a bit confused by this topic. So I think its more just practicing and playing around with constructive functions to understand this.;great video, still a bit confused by this topic. So I think its more just practicing and playing around with constructive functions to understand this.;0;0
Ugxuleg0wCs0eABA5Cl4AaABAg;None;23AOrSN-wmI;@ritsk4338;UCsRtrV09OTcLkOsxH7ZODRw;http://www.youtube.com/@ritsk4338;You are awesome. Love your videos;You are awesome. Love your videos;2;0
UgwefxQiCsQR_BSA8wp4AaABAg;None;23AOrSN-wmI;@SuperLukiano;UCsY026W7Gr4BtXRBVQwElIg;http://www.youtube.com/@SuperLukiano;Bro...you rock! Great tutorials man, thumbs up on all of them. Of course I subscribed :-));Bro...you rock! Great tutorials man, thumbs up on all of them. Of course I subscribed :-));3;0
UgxuZJrRcNKM6QvnCbB4AaABAg;None;23AOrSN-wmI;@sureshmg6786;UCn5VhL6vrfXq9yz_mz1-x7A;http://www.youtube.com/@sureshmg6786;Thanks for the wonderfull explanation :);Thanks for the wonderfull explanation :);2;0
UgzK7mjRwu-NOJIlU5x4AaABAg;None;23AOrSN-wmI;@21rooms1willdo;UCTBXoxy2JuCQZzmHu38Hkfg;http://www.youtube.com/@21rooms1willdo;Mosh, you the goat.;Mosh, you the goat.;0;0
UgyksSrwEKCZb-gOOmx4AaABAg;None;23AOrSN-wmI;@asdjafhjasbfhjasbhjf;UCmtIfalJwJFQxmDKdoOFC2Q;http://www.youtube.com/@asdjafhjasbfhjasbhjf;Thank you Mosh, this was really good explaned;Thank you Mosh, this was really good explaned;0;0
Ugwyb9V_jtSWSeRb9Od4AaABAg;None;23AOrSN-wmI;@zissler1;UC6kWAV8lFu5wc2cLgL2BbaA;http://www.youtube.com/@zissler1;Earned a subscribe for not having a difficult accent and not having terrible sound quality.;Earned a subscribe for not having a difficult accent and not having terrible sound quality.;0;0
UgyWhyaWysIwwGAqYJd4AaABAg;None;23AOrSN-wmI;@saurabhpande7456;UCrq2vvF-MzWbusIOhe7ez1w;http://www.youtube.com/@saurabhpande7456;Simple and Superb!;Simple and Superb!;0;0
UgyjOf8_ruZCAW0wuKJ4AaABAg;None;23AOrSN-wmI;@TheJackTheLion;UCrnvorEaj_bGmfurHyV6Xug;http://www.youtube.com/@TheJackTheLion;"&quot;Do not get hung up on these developers&#39; strong opinions. They are just a waste of time.&quot;  🤣 I love this guy.";"""Do not get hung up on these developers' strong opinions. They are just a waste of time.""  🤣 I love this guy.";0;0
Ugz_cWxdvVrssdjn3sl4AaABAg;None;23AOrSN-wmI;@tntdogs6910;UCdHdbDgIBvJI17h4JODwJuA;http://www.youtube.com/@tntdogs6910;Thanks;Thanks;1;0
Ugx9GrBl0lNnJ-KU6JN4AaABAg;None;23AOrSN-wmI;@AkashKumar-lr6hc;UCXJw3YENgNhxiCjvDzhIMdg;http://www.youtube.com/@AkashKumar-lr6hc;Great lecture;Great lecture;0;0
UgzjvvjZ30jJgGrF4814AaABAg;None;23AOrSN-wmI;@vron7home;UCneQfV18qxpBDeHWOb1vZjw;http://www.youtube.com/@vron7home;"The moment you realize - the Factory function itself using Constructor function under hood:<br><br>function createCircle() {<br>    return new Object();<br>}";"The moment you realize - the Factory function itself using Constructor function under hood:

function createCircle() {
    return new Object();
}";2;2
UgyihS2u0SgEWH-KXU54AaABAg;None;23AOrSN-wmI;@PatrikRasch;UCpjnRoDsTGii6ZsgYOmhD1w;http://www.youtube.com/@PatrikRasch;Thank you;Thank you;0;0
UgyabdaBRMssfZEGE6B4AaABAg;None;23AOrSN-wmI;@kidoo1567;UCnP9teysqTts_ZFTET-NYfQ;http://www.youtube.com/@kidoo1567;Thanks Jhonny;Thanks Jhonny;0;0
UgxbCVQDfnDRcQZs1Nl4AaABAg;None;23AOrSN-wmI;@abikgurung9512;UCJRYQ5tjB5xkqOMqGnX5J8g;http://www.youtube.com/@abikgurung9512;Thank you!!;Thank you!!;1;0
Ugylm3Hvjla_-Kq_Ndh4AaABAg;None;23AOrSN-wmI;@samrad6508;UCuLxTjC5XbssTOhAdyQ6h7w;http://www.youtube.com/@samrad6508;thanks man !;thanks man !;1;0
UgwPwTTFTghWnZYHAF94AaABAg;None;23AOrSN-wmI;@jrseinc;UCOaAFmnmuuMQuQtOnPDi41g;http://www.youtube.com/@jrseinc;wonderful explination!;wonderful explination!;0;0
UgxG6tZ-lJJBhUeeaax4AaABAg;None;23AOrSN-wmI;@matavic25;UCn5rIFidkNtedQcQVUMMZaA;http://www.youtube.com/@matavic25;"And what about ES6&#39;s classes? What&#39;s the difference between this way of creating objects and classes?";And what about ES6's classes? What's the difference between this way of creating objects and classes?;13;3
UgyoTHGViSeQ0FtpTY54AaABAg;None;23AOrSN-wmI;@samsam-zu7zc;UC1tu9eGwkUB9e8_yUCdC_gg;http://www.youtube.com/@samsam-zu7zc;Since three days my life stopped working, but after watching your video my life has finally rebooted;Since three days my life stopped working, but after watching your video my life has finally rebooted;0;1
Ugx7IwKXLxndpHeX4MR4AaABAg;None;23AOrSN-wmI;@Alexgub84;UCOk_UjuO859iEp3y6kh_0tA;http://www.youtube.com/@Alexgub84;It’s great! Thanks;It’s great! Thanks;0;0
Ugxc26m1IGmHnk0Sitt4AaABAg;None;23AOrSN-wmI;@andrewdizenzojhu;UC12jiQFspG-JbER0D-L4tiw;http://www.youtube.com/@andrewdizenzojhu;"Why not include the new ES6 notation with class and constructor?<br>The code would read something like: <br>class Circle {<br>  constructor(radius){<br>    this.radius = radius;<br>  }<br>  draw() {<br>    console.log(&#39;draw&#39;)<br>  }<br>}<br>const myCircle = new Circle(radius)";"Why not include the new ES6 notation with class and constructor?
The code would read something like: 
class Circle {
  constructor(radius){
    this.radius = radius;
  }
  draw() {
    console.log('draw')
  }
}
const myCircle = new Circle(radius)";3;2
UgybIHNziR5uHYEhXNp4AaABAg;None;23AOrSN-wmI;@ohmegatech666;UCJwrDDGYrUa-H-BNsle9lkw;http://www.youtube.com/@ohmegatech666;"OK so constructor functions were just a sort of hacky way to get the functionality of classes in JavaScript before actual classes were introduced in ES6? You could get the exact same effect with a class like this:<br>class Circle {<br>  constructor(radius){<br>    this.radius = radius;<br>  }<br>  function draw(){<br>    console.log(&#39;draw&#39;);<br>  }<br>}";"OK so constructor functions were just a sort of hacky way to get the functionality of classes in JavaScript before actual classes were introduced in ES6? You could get the exact same effect with a class like this:
class Circle {
  constructor(radius){
    this.radius = radius;
  }
  function draw(){
    console.log('draw');
  }
}";0;0
Ugxy4YB0cMGsvhX7TXR4AaABAg;None;23AOrSN-wmI;@stephanyjubill5718;UCzvEpryYyUpIjhfqhKyZgNQ;http://www.youtube.com/@stephanyjubill5718;Wow so useful!;Wow so useful!;0;0
UgylgY6Ol7sCM87Dj_J4AaABAg;None;23AOrSN-wmI;@Akephalos204;UC35PHc-dmGewlWiIYlzu4oA;http://www.youtube.com/@Akephalos204;dude is godlike;dude is godlike;0;0
UgzvrpLWbULZk8RWqpt4AaABAg;None;23AOrSN-wmI;@haardikmanjani742;UCYBus93eonGKFwPONiitp1A;http://www.youtube.com/@haardikmanjani742;how is draw() initialized without mentioning function in factory function;how is draw() initialized without mentioning function in factory function;0;0
UgzfEHZJpPjiAspZSVF4AaABAg;None;23AOrSN-wmI;@techavy5537;UCUqgmV5PHnY20rGcqk0dYMQ;http://www.youtube.com/@techavy5537;excellent;excellent;0;0
UgzWSuNnb82oPkqwJLZ4AaABAg;None;23AOrSN-wmI;@samsam-zu7zc;UC1tu9eGwkUB9e8_yUCdC_gg;http://www.youtube.com/@samsam-zu7zc;Danke;Danke;0;0
UgwM-cKfypUEmCy9TgV4AaABAg;None;23AOrSN-wmI;@aaabbb-qv4ff;UCrt2mPhVHskwBoy2-Up774Q;http://www.youtube.com/@aaabbb-qv4ff;So, the memory usage on both ways is the same?;So, the memory usage on both ways is the same?;0;0
UgzGh_4KhV-G6CJMJiF4AaABAg;None;23AOrSN-wmI;@farhansiddiqi1008;UCB9_XjOZQdnZz15SKVj_o6g;http://www.youtube.com/@farhansiddiqi1008;what about the getter and setter ? Can that be used in factory functions? Or is that only possible with Constructor Functions ?;what about the getter and setter ? Can that be used in factory functions? Or is that only possible with Constructor Functions ?;0;0
UgzLQLCRPn29WSTYVQx4AaABAg;None;23AOrSN-wmI;@jessneurismfarmer;UCybFleiYob62CVJO1VPlT4g;http://www.youtube.com/@jessneurismfarmer;20% of the video is Camel vs Pascal;20% of the video is Camel vs Pascal;3;0
Ugz-vUBzV0t1euH6Iqp4AaABAg;None;23AOrSN-wmI;@Uuggubuggu;UCKPpdJjTWK_VOueu-7nymeg;http://www.youtube.com/@Uuggubuggu;O Captain! My Captain!;O Captain! My Captain!;0;0
Ugw5qp63VucS5vmg2aV4AaABAg;None;23AOrSN-wmI;@marcin2x4;UCTlYTlqQ4C90c0QxeZIkIvQ;http://www.youtube.com/@marcin2x4;"Isn&#39;t that creation of object prototype rather then declaring function via constructor? Got bit confused thus my question.";Isn't that creation of object prototype rather then declaring function via constructor? Got bit confused thus my question.;0;0
UgxyiJU3k1poLH3upb94AaABAg;None;23AOrSN-wmI;@gracep2910;UCNR1idFIFTYOj8RgYVNmxEg;http://www.youtube.com/@gracep2910;"<a href=""https://www.youtube.com/watch?v=23AOrSN-wmI&amp;t=108"">1:48</a>";1:48;0;0
Ugxk9GZD9L_tdHJeF8R4AaABAg;None;23AOrSN-wmI;@FredoCorleone;UC9Hjroc2LWQpV-vyl8bfB1Q;http://www.youtube.com/@FredoCorleone;Mosh explanation is always very neat and good.<br><br>My 2 cents about this topic:<br>Factory functions are a more reliable way to make objects.<br><br>Objects created via constructor have binding problem, those objects simply lose their scope in some occasion.<br><br>JavaScript is a functional programming language natively, not an object oriented one.<br><br>Messing with prototypes can have a bad impact in terms of performance.;"Mosh explanation is always very neat and good.

My 2 cents about this topic:
Factory functions are a more reliable way to make objects.

Objects created via constructor have binding problem, those objects simply lose their scope in some occasion.

JavaScript is a functional programming language natively, not an object oriented one.

Messing with prototypes can have a bad impact in terms of performance.";0;2
Ugz9vYzTydyw9HUHnyp4AaABAg;None;23AOrSN-wmI;@mihaipopeanga5298;UCJDwsVpZt1ki9L93r1EyMQQ;http://www.youtube.com/@mihaipopeanga5298;"I laughed out loud on that part about not hanging on which pattern is better. It&#39;s a waste of time! :)) so true. You are e doing an excelent job with these tutorials! Mosh rocks! :)";I laughed out loud on that part about not hanging on which pattern is better. It's a waste of time! :)) so true. You are e doing an excelent job with these tutorials! Mosh rocks! :);0;0
UgwC-7mlig48yMn9Tu14AaABAg;None;23AOrSN-wmI;@Boris1990ua;UCvCGdQFlY2vcUcTXhEInaGQ;http://www.youtube.com/@Boris1990ua;Why using constructor function Circle without putting draw method  into Circle.prototype?;Why using constructor function Circle without putting draw method  into Circle.prototype?;0;0
UgzSJX70j6yyGV3Fxqx4AaABAg;None;23AOrSN-wmI;@channelname8623;UCwGJ9fGv7TOMrHP3dwJU3mQ;http://www.youtube.com/@channelname8623;do any of you guys understand how const x is related to anything else in this? if it were const x = new Circle(1) I could understand how its related. but x is being initialized as an empty object. so hows it related to Circle? or are constructor functions global where any other objects or functions created in the same file/document are automatically associated with the constructor function?;do any of you guys understand how const x is related to anything else in this? if it were const x = new Circle(1) I could understand how its related. but x is being initialized as an empty object. so hows it related to Circle? or are constructor functions global where any other objects or functions created in the same file/document are automatically associated with the constructor function?;0;1
UgzRm7USj3v084UizCN4AaABAg;None;yye7rSsiV6k;@ThabangMoilo;UCIIQTurZs-H1Wd9tdwwQKzg;http://www.youtube.com/@ThabangMoilo;Pain of having an idea and not knowing how to code.;Pain of having an idea and not knowing how to code.;2343;111
UgxCOD6BRHPJv13toKt4AaABAg;None;yye7rSsiV6k;@TheCodeholic;UC_UMEcP_kF0z4E6KbxCpV1w;http://www.youtube.com/@TheCodeholic;Mosh is the must subscribe YouTube channel and it does not matter on what level of your programming journey you are.<br>His way of structuring content and teaching is exceptional. I am learning a lot from him as an instructor myself.<br>Thank you Mosh.;"Mosh is the must subscribe YouTube channel and it does not matter on what level of your programming journey you are.
His way of structuring content and teaching is exceptional. I am learning a lot from him as an instructor myself.
Thank you Mosh.";115;1
UgyZZgDR5DNjC4PzOkl4AaABAg;None;yye7rSsiV6k;@Adriel_Sandoval;UCRbWNuVS3M5HldcahI7MLMg;http://www.youtube.com/@Adriel_Sandoval;"When I pick a programming language, I mostly care about how pretty its syntax is. I mean, if I&#39;m gonna be staring at it all day, it better look nice, you know?";When I pick a programming language, I mostly care about how pretty its syntax is. I mean, if I'm gonna be staring at it all day, it better look nice, you know?;22;2
UgwFqnGRTZzod_GDXBF4AaABAg;None;yye7rSsiV6k;@dr.earnest.ujaama;UC3q5IowgIXK94c3oRSUoW5A;http://www.youtube.com/@dr.earnest.ujaama;"Hi Mosh. I have taken your courses on codewithmosh.I have nothing but mad respect for you, brother. I&#39;ve watched your channel go from under a million subscribers to over 4 million. As someone over 50 learning to program, I have enjoyed and learned from your teaching style. But I have a recommendation: Teach specific courses aimed at those, like me, who are not looking for a traditional employment, but wants to learn programming to develop programs (AI agents, data driven tools, web and native apps, interactive games, etc.), or become a consultant. I think the days of programming to make others become billionaire are over. I would also like to see the day when we have alternatives to the big (irresponsible and dangerous) tech companies today. We need more and more tech entrepreneurs.";Hi Mosh. I have taken your courses on codewithmosh.I have nothing but mad respect for you, brother. I've watched your channel go from under a million subscribers to over 4 million. As someone over 50 learning to program, I have enjoyed and learned from your teaching style. But I have a recommendation: Teach specific courses aimed at those, like me, who are not looking for a traditional employment, but wants to learn programming to develop programs (AI agents, data driven tools, web and native apps, interactive games, etc.), or become a consultant. I think the days of programming to make others become billionaire are over. I would also like to see the day when we have alternatives to the big (irresponsible and dangerous) tech companies today. We need more and more tech entrepreneurs.;15;0
UgxJuLNBLNQBufGTtDJ4AaABAg;None;yye7rSsiV6k;@daniel_garz;UCvrFOcT9oiaV2ky-8PywrDA;http://www.youtube.com/@daniel_garz;Make a Game Developer Roadmap too!!!! Great video btw;Make a Game Developer Roadmap too!!!! Great video btw;28;0
UgzK6hHxPJPw5crwB894AaABAg;None;yye7rSsiV6k;@abdulmuqsit3858;UCR6GhVTtlEMsTM1PiuFJT9w;http://www.youtube.com/@abdulmuqsit3858;Cybersecurity roadmap will be much appreciated 😁;Cybersecurity roadmap will be much appreciated 😁;66;0
UgxPWE4JXNa5-UK-vvt4AaABAg;None;yye7rSsiV6k;@ja1kob3;UCF9DEjCyDXPTJYKvq6UrS1A;http://www.youtube.com/@ja1kob3;"As a CS student, I 100% agree on the importance of data structures &amp; algorithms. It&#39;s one of the first things we learned. Btw thanks for making my journey easier, Mosh ❤";As a CS student, I 100% agree on the importance of data structures & algorithms. It's one of the first things we learned. Btw thanks for making my journey easier, Mosh ❤;270;5
UgwGW8I83FmXPZ2S9QN4AaABAg;None;yye7rSsiV6k;@Kerithusam;UCDf6kExdyigsf_-wGERXZ6A;http://www.youtube.com/@Kerithusam;I will build my own app, have the idea, just need to bring it into existence, the journey will be hard, I will get stuck, but I will breakthrough.<br><br>If you’re reading this and you’re on the fence, just start, don’t think about time, just do, dive in, you never know what will happen on the other end.;"I will build my own app, have the idea, just need to bring it into existence, the journey will be hard, I will get stuck, but I will breakthrough.

If you’re reading this and you’re on the fence, just start, don’t think about time, just do, dive in, you never know what will happen on the other end.";120;6
Ugwqh5dCxewfbYbAJjF4AaABAg;None;yye7rSsiV6k;@FBPrepping;UCpEiZzZTmanbno1cR-v8glA;http://www.youtube.com/@FBPrepping;"Dude: your video is totally accurate. I learned basic (VERY basic) programming back in 1992/93. My highly appreciated professor said the same. No matter what language you prefer later; you HAVE to learn how to interpretate the solutions you need to solve the problems you want with your code. Understanding the problem, then defining your environment variables (data structuring) and THEN working on the algorythm";"Dude: your video is totally accurate. I learned basic (VERY basic) programming back in 1992/93. My highly appreciated professor said the same. No matter what language you prefer later; you HAVE to learn how to interpretate the solutions you need to solve the problems you want with your code. Understanding the problem, then defining your environment variables (data structuring) and THEN working on the algorythm";32;0
UgxqZR9EMaQN9nT1mhh4AaABAg;None;yye7rSsiV6k;@HoboBonobo;UCZHoqkI_tVfB1J45-YHoeOg;http://www.youtube.com/@HoboBonobo;I appreciate the conservative timeline. I would expect investing “3-5 hours a day” for two months would yield slightly more than an “essence” level of understanding. I just like that he didn’t pitch 15 minutes a day or some BS nonsense.;I appreciate the conservative timeline. I would expect investing “3-5 hours a day” for two months would yield slightly more than an “essence” level of understanding. I just like that he didn’t pitch 15 minutes a day or some BS nonsense.;21;0
UgxTrOkoTZjZEcNEpIp4AaABAg;None;yye7rSsiV6k;@LoganBolfProductions;UCPCMtNoscEfiFNFEksNWLPg;http://www.youtube.com/@LoganBolfProductions;This is for mobile only apps, usless if you also want it on desk top or consoles;This is for mobile only apps, usless if you also want it on desk top or consoles;1;0
UgwylXVN0zG4NcRbKbJ4AaABAg;None;yye7rSsiV6k;@natnaeldebebe1541;UCOJxaIRkAsApcaFHrovxnEw;http://www.youtube.com/@natnaeldebebe1541;Hey mosh please make a course on flutter 🥺;Hey mosh please make a course on flutter 🥺;15;0
Ugy5TK65lQKfpHefemV4AaABAg;None;yye7rSsiV6k;@PlayGames-j8y;UCMaq68WrnnjeNWc5CfV7D-g;http://www.youtube.com/@PlayGames-j8y;We need Flutter course on the website <br>Like this to make him see it;"We need Flutter course on the website 
Like this to make him see it";20;0
UgymyDfs_tU5K69kLOt4AaABAg;None;yye7rSsiV6k;@petergitts623;UCzFwwIhbtLO4WBkzY6fwO9g;http://www.youtube.com/@petergitts623;Mose, my hero in Software development, great tips and advice.;Mose, my hero in Software development, great tips and advice.;8;0
UgwHNFWEhgdU-h9zIyV4AaABAg;None;yye7rSsiV6k;@MrPatrickbuit;UCMO7GpMPqL455lMvOo5bRQQ;http://www.youtube.com/@MrPatrickbuit;"<a href=""https://www.youtube.com/watch?v=yye7rSsiV6k&amp;t=401"">6:41</a> You say you don&#39;t recommend this book anymore because it&#39;s &quot;old&quot; but I&#39;m halfway through it right now and it&#39;s one of the best books I&#39;ve ever read. Don&#39;t listen to this guy. Read that book. It&#39;s the perfect book to pick up once you&#39;re familiar with basic OOP features.";"6:41 You say you don't recommend this book anymore because it's ""old"" but I'm halfway through it right now and it's one of the best books I've ever read. Don't listen to this guy. Read that book. It's the perfect book to pick up once you're familiar with basic OOP features.";16;4
Ugzq2XdnZ2qny91Aoz54AaABAg;None;yye7rSsiV6k;@howtos2;UC3LkzozPw6Pg9TZSNJPE0IA;http://www.youtube.com/@howtos2;long time no see 😢Mosh;long time no see 😢Mosh;69;0
Ugw1OsvFZp9qcu09RDB4AaABAg;None;yye7rSsiV6k;@frankbrayoh8711;UC7rf3hWtx1Re6eb2QBxIMRg;http://www.youtube.com/@frankbrayoh8711;Easy and comprehensive. A real master of the art.💯;Easy and comprehensive. A real master of the art.💯;4;0
UgzqPZnrFBgHXmcKmmN4AaABAg;None;yye7rSsiV6k;@navaneethakrishnans9434;UCvk8_rx12Ace1cs4oAe3aWw;http://www.youtube.com/@navaneethakrishnans9434;We want Spring boot course from you Mosh!❣;We want Spring boot course from you Mosh!❣;4;0
UgyhTrzc75OH7iY1VrN4AaABAg;None;yye7rSsiV6k;@Kira-s8q3r;UCB2nS-gvgPCpo_-buqif9_Q;http://www.youtube.com/@Kira-s8q3r;Congratulations Mosh ,almost 4 millions subs🎉;Congratulations Mosh ,almost 4 millions subs🎉;21;1
UgxbOFMoE79dn4-RFwJ4AaABAg;None;yye7rSsiV6k;@GoldFish2023-h7z;UCDAypiXz_BQUum5EIbFIw_w;http://www.youtube.com/@GoldFish2023-h7z;Thanks for making good step by step roadmap on app development roadmap and wish you all the best!;Thanks for making good step by step roadmap on app development roadmap and wish you all the best!;5;0
UgxcK4wt2luwtg7EAxt4AaABAg;None;yye7rSsiV6k;@DadaMamaViya;UCm9Bltwvp1ea7ZTMgmiVe-g;http://www.youtube.com/@DadaMamaViya;Lately I came across your videos even though I have been subscribed for sometime. And I am now religiously watching your videos to learn more. Thank you for being awesome Mosh;Lately I came across your videos even though I have been subscribed for sometime. And I am now religiously watching your videos to learn more. Thank you for being awesome Mosh;2;0
UgzILGzZTCbUTDi88rZ4AaABAg;None;yye7rSsiV6k;@bharatdas92;UCGhs9g7dDv66mZp0HJY_uow;http://www.youtube.com/@bharatdas92;Sir, please make videos on Springboot, microservices and AWS Devops;Sir, please make videos on Springboot, microservices and AWS Devops;46;5
UgwXsGsRl7yoeXSugcF4AaABAg;None;yye7rSsiV6k;@RohitSinghTheProgrammer;UCVN60KNRBPcKUp6lNOPT7mg;http://www.youtube.com/@RohitSinghTheProgrammer;Full flutter course for beginners ❤😊;Full flutter course for beginners ❤😊;184;3
UgwW3nJIyASLVT4S1LB4AaABAg;None;yye7rSsiV6k;@fixupappliances;UCtXmGq26s-dwdIsPQUhhL8A;http://www.youtube.com/@fixupappliances;Hi your this video really helps me to better understand my roadmap else I would lose into an unreached path.;Hi your this video really helps me to better understand my roadmap else I would lose into an unreached path.;2;0
UgwPrBBKrzyUzkVVoE14AaABAg;None;yye7rSsiV6k;@aldoimproves;UCgzG8Z2SBRW2npPI65x8WKw;http://www.youtube.com/@aldoimproves;This is all new to me but I love the estimated time frame. Time to get to work;This is all new to me but I love the estimated time frame. Time to get to work;2;0
UgyJVlGvq6nhq6QDsAt4AaABAg;None;yye7rSsiV6k;@Dachshund2018;UClKmvKs4jRHjR3qi1bwTR5w;http://www.youtube.com/@Dachshund2018;"I can&#39;t believe how much I learned from this. Subscribed! 🔔";I can't believe how much I learned from this. Subscribed! 🔔;3;0
UgyPFUuPwBPzf1iZkgl4AaABAg;None;yye7rSsiV6k;@Dannytremix256;UCYd2YpVpbgGqEgrNiORI--A;http://www.youtube.com/@Dannytremix256;You are the goat in the space of programming;You are the goat in the space of programming;9;1
UgxyjQPfsYhQD3qtY6R4AaABAg;None;yye7rSsiV6k;@ReignDubs;UCWuo-KPCrVhzWVCGbiNQ26w;http://www.youtube.com/@ReignDubs;I have been struggling to figure what to do next and this video was so informative... It told me exactly what I need to hear, Great video;I have been struggling to figure what to do next and this video was so informative... It told me exactly what I need to hear, Great video;1;0
Ugzepsk1BtkcbKFw10B4AaABAg;None;yye7rSsiV6k;@Claude_Developer;UC1Wn8F-xff2j4hR9ZZ1UsyA;http://www.youtube.com/@Claude_Developer;Great work! love your content. Keep it up!;Great work! love your content. Keep it up!;2;0
UgyIu6Tn54e_gkE5T8x4AaABAg;None;yye7rSsiV6k;@kishan4278;UC7L1Vzyrou3NREBQuj6Hs6g;http://www.youtube.com/@kishan4278;Pls make roadmap on cybersecurity like  ethical hacking, cybersecurity engineer, pentester, cybersecurity analyst ,etc.<br>I m waiting...;"Pls make roadmap on cybersecurity like  ethical hacking, cybersecurity engineer, pentester, cybersecurity analyst ,etc.
I m waiting...";3;0
UgyhqL0p4rdu_jrs9M54AaABAg;None;yye7rSsiV6k;@vijayas8007;UCMqLMODI5zJdBAQjugN0OGw;http://www.youtube.com/@vijayas8007;As a next video to this could you please tell the steps involved in mobile App developed in Native and Cross platform categories.Thank you for the clear description.;As a next video to this could you please tell the steps involved in mobile App developed in Native and Cross platform categories.Thank you for the clear description.;1;0
Ugze_7dzgO6aNqbj2Ht4AaABAg;None;yye7rSsiV6k;@_somerandomguyontheinternet_;UCGQn1WhuJCM3dhYfJiv8rvg;http://www.youtube.com/@_somerandomguyontheinternet_;Regarding programming patterns, they’re very, very useful to learn, but you should never be itching to use a pattern. The patterns solve problems, so don’t use it unless you have the problem it was made for.<br>It’s as my professor used to say: “If you wake up in the morning and the first thought that pops into your mind is ‘I wonder what design pattern I can use at work today,’ it’s a great day to call your boss and say you’re very sick and you’re not going to work.”;"Regarding programming patterns, they’re very, very useful to learn, but you should never be itching to use a pattern. The patterns solve problems, so don’t use it unless you have the problem it was made for.
It’s as my professor used to say: “If you wake up in the morning and the first thought that pops into your mind is ‘I wonder what design pattern I can use at work today,’ it’s a great day to call your boss and say you’re very sick and you’re not going to work.”";0;0
Ugw-Aeyho8WaG11WAHB4AaABAg;None;yye7rSsiV6k;@Pythagoras_a2;UCRcdo1Bd0RjNnGZlcnDOlWw;http://www.youtube.com/@Pythagoras_a2;Happy july 4th mosh!! 🇺🇸❤;Happy july 4th mosh!! 🇺🇸❤;8;1
UgxbH7AObV_3ZWI8E0N4AaABAg;None;yye7rSsiV6k;@gabrielmendonca5948;UCsS9zFwLr7DPTOP0XcZ_D5A;http://www.youtube.com/@gabrielmendonca5948;Amazing! This video helped me to clarify many questions and doubts that I had until now. In my first internship I had to program in Kotlin. It was pretty tough for me because of the complexity of the language and also because of the Android enviroment. Before that experience I was more comfortable with web development. Because of that I decided to start with React Native and the experience has been much better! Thank You Mosh!;Amazing! This video helped me to clarify many questions and doubts that I had until now. In my first internship I had to program in Kotlin. It was pretty tough for me because of the complexity of the language and also because of the Android enviroment. Before that experience I was more comfortable with web development. Because of that I decided to start with React Native and the experience has been much better! Thank You Mosh!;0;0
UgyB6ITtS4rAiE2QfkN4AaABAg;None;yye7rSsiV6k;@tamimtamim1883;UCyPBs5w_eKYw8Stce02MA4g;http://www.youtube.com/@tamimtamim1883;Need Machine learning, Data Science full roadmap;Need Machine learning, Data Science full roadmap;3;0
Ugy_ovu6TR9RSwjL-e14AaABAg;None;yye7rSsiV6k;@ashrafulmomenshuvo5344;UCkvwp_xGSdm35zKYQDhaB8g;http://www.youtube.com/@ashrafulmomenshuvo5344;❤ for JavaScript, Python and PHP 🎉;❤ for JavaScript, Python and PHP 🎉;2;0
UgwjMekC819slWHCUHx4AaABAg;None;yye7rSsiV6k;@hiwa_sh;UCYecCNGuV1DvjE9lQ8vFpBQ;http://www.youtube.com/@hiwa_sh;Hey Dear Mosh,<br>when are u gonna create a Flutter course?  💙;"Hey Dear Mosh,
when are u gonna create a Flutter course?  💙";8;1
UgwvHrykTjPjOXGx1cR4AaABAg;None;yye7rSsiV6k;@danny_the_K;UCvYlEa8nKFLP46KgL0Pwx1g;http://www.youtube.com/@danny_the_K;Ok Mosh, thanks for the overview, but you leave one gapping hole in the discussion.  If you a newbie with little experience, which route should you go… I know enough to get myself in trouble in several languages, so which way should I turn for building web app? I’m not really worried about getting a job, I’m worried about building a good tool from the ideas I have in my head? Answer that one, please!;Ok Mosh, thanks for the overview, but you leave one gapping hole in the discussion.  If you a newbie with little experience, which route should you go… I know enough to get myself in trouble in several languages, so which way should I turn for building web app? I’m not really worried about getting a job, I’m worried about building a good tool from the ideas I have in my head? Answer that one, please!;7;4
Ugy8dc2NI2d8q-aJY4N4AaABAg;None;yye7rSsiV6k;@TechnologiesAndSkills;UCLGaqsPm-XPtc7Q0UdGP7jA;http://www.youtube.com/@TechnologiesAndSkills;"Thanks sir it&#39;s help me lot and also spared my value able time after this complete road map";Thanks sir it's help me lot and also spared my value able time after this complete road map;1;0
UgwdqF_bIckvzTY2n2x4AaABAg;None;yye7rSsiV6k;@eugeneheynike8464;UCj2_MUfu6CjxOxXmN0kh46g;http://www.youtube.com/@eugeneheynike8464;Please make a full Flutter tutorial 🙏🙏🙏;Please make a full Flutter tutorial 🙏🙏🙏;2;0
UgyIX_6UjQUomWCeVU94AaABAg;None;yye7rSsiV6k;@Brucee_97;UC6uzazwA3-USELvErUvG6qA;http://www.youtube.com/@Brucee_97;Amazing. This gives me a better idea for what this industry is like and what to explore;Amazing. This gives me a better idea for what this industry is like and what to explore;0;0
UgxqHcF7I-fmZnVsZp14AaABAg;None;yye7rSsiV6k;@sammas533;UChw3QYwieno0V0TKzCJqEsg;http://www.youtube.com/@sammas533;A flutter course should be great, specially if you show to people that dart is really close to typescript. And I feel like the dev experience, the performances and the UI possibilities are better on flutter than RN.;A flutter course should be great, specially if you show to people that dart is really close to typescript. And I feel like the dev experience, the performances and the UI possibilities are better on flutter than RN.;0;0
UgyofOAzeF8twhQgCsx4AaABAg;None;yye7rSsiV6k;@achelias8477;UCn1nivln1iZpwbRVBSpU31A;http://www.youtube.com/@achelias8477;"Thats why every time i am looking for a tutorial of sth i add &quot;mosh&quot; in the end of my serach ❤❤❤❤❤";"Thats why every time i am looking for a tutorial of sth i add ""mosh"" in the end of my serach ❤❤❤❤❤";0;0
Ugypkym76RbYLOGUSGh4AaABAg;None;yye7rSsiV6k;@MadhuSudhan-um2lm;UCzOlivrxhfOEj1W6JqNVyrQ;http://www.youtube.com/@MadhuSudhan-um2lm;Please send a real time spring boot project in your upcoming spring boot course.😊;Please send a real time spring boot project in your upcoming spring boot course.😊;1;0
Ugyb4zIhiBqUc73dhx14AaABAg;None;yye7rSsiV6k;@andresguzman8303;UCU1EZ2jGVMhSofcTSFm6BNw;http://www.youtube.com/@andresguzman8303;Really cool video 🙌. Stuff like this always makes me think of how much potential there is if people had the right app built. Tepia’s got offices coast to coast now, and they’re honestly one of the best teams I’ve seen for this.;Really cool video 🙌. Stuff like this always makes me think of how much potential there is if people had the right app built. Tepia’s got offices coast to coast now, and they’re honestly one of the best teams I’ve seen for this.;0;0
UgwAW2-_jraW5_bPnD94AaABAg;None;yye7rSsiV6k;@JoseDelgado-u5n;UCYrebTn9DZ7G4N38OfZtU6w;http://www.youtube.com/@JoseDelgado-u5n;0 to Game Developer in 12 months?;0 to Game Developer in 12 months?;25;6
UgwoleYMI5rZHAVp-QB4AaABAg;None;yye7rSsiV6k;@thanwanna;UCde3q08ZqWbrQGzuYbbIdNw;http://www.youtube.com/@thanwanna;"I&#39;ve been waiting for Flutter with concepts not Implementation especially state management solutions like Bloc and behind the scenes ,<br>I&#39;m a big fan of you 😍 Mosh ( thanks)";"I've been waiting for Flutter with concepts not Implementation especially state management solutions like Bloc and behind the scenes ,
I'm a big fan of you 😍 Mosh ( thanks)";0;0
UgznZrYlGJpj4xffw1B4AaABAg;None;yye7rSsiV6k;@manishrajpurohit4354;UCvegqBPv6011A1lJGNOPRPg;http://www.youtube.com/@manishrajpurohit4354;Finally Mosh Read comments, great Guru!;Finally Mosh Read comments, great Guru!;0;0
UgwCP4sUJobXMJ6Tc4J4AaABAg;None;yye7rSsiV6k;@cjlaw262;UCvlXMwXfrfszf5eVcD-_lVw;http://www.youtube.com/@cjlaw262;"greetings to you Mosh I&#39;m a beginner and i need a strong understanding a fullstack development";greetings to you Mosh I'm a beginner and i need a strong understanding a fullstack development;0;0
UgwzCtIUKzQpwsQgRel4AaABAg;None;yye7rSsiV6k;@mikael9931;UCTQVBU4hczVjsbpHhkBa0gQ;http://www.youtube.com/@mikael9931;"You are a very good teacher, Mosh! I&#39;m now very seriously thinking about buying your C++ series.";You are a very good teacher, Mosh! I'm now very seriously thinking about buying your C++ series.;5;0
UgwVGfpJhkbc1tN0r_54AaABAg;None;nKzEJWbkPbQ;@IoniB;UCIVDDW41xtFxZt6eEcu_LgA;http://www.youtube.com/@IoniB;"This made little sense until I realised I was thinking about it wrong. It wasn&#39;t until I sat down on my ipad and tried to draw each step that I realised that firstly you are setting the current to the 2nd item in the list and J to just A NUMBER that is 1 less than the index. Then I realised that j-- was setting j to -1 and not 0. And once you do j + 1 = current this is the same as array[0] = current. <br>So I basically understood it like that: first steps: <br>array[1] = array[0]<br>j = -1; <br>arr[0] = current (array[1]) <br><br>I don&#39;t know if this makes sense to anyone else rn but if you are confused I suggest you just spend some time on it and draw it out at each step. I love Mosh though. He&#39;s the only one that actually encourages me to sit down and try something and this makes a huge difference. He breaks the developer&#39;s mindset of just watching tutorials forever and not actually practising it. In the last 2 days this is the second sort that he helped me truly understand and implement rather than think that I understand and then when I need to do it I don&#39;t actually get it. Awesome work!";"This made little sense until I realised I was thinking about it wrong. It wasn't until I sat down on my ipad and tried to draw each step that I realised that firstly you are setting the current to the 2nd item in the list and J to just A NUMBER that is 1 less than the index. Then I realised that j-- was setting j to -1 and not 0. And once you do j + 1 = current this is the same as array[0] = current. 
So I basically understood it like that: first steps: 
array[1] = array[0]
j = -1; 
arr[0] = current (array[1]) 

I don't know if this makes sense to anyone else rn but if you are confused I suggest you just spend some time on it and draw it out at each step. I love Mosh though. He's the only one that actually encourages me to sit down and try something and this makes a huge difference. He breaks the developer's mindset of just watching tutorials forever and not actually practising it. In the last 2 days this is the second sort that he helped me truly understand and implement rather than think that I understand and then when I need to do it I don't actually get it. Awesome work!";6;0
Ugx1DXAhr9RqZZ8c-NJ4AaABAg;None;nKzEJWbkPbQ;@snehanangunoori7838;UCtP_uf9P_IXim19iDqpv9Nw;http://www.youtube.com/@snehanangunoori7838;Hi Mosh! Just wanted to say that I especially like how you gave us 20 minutes to attempt the implementation instead of us just directly copying your code. I followed your instructions and was able to implement it by myself! It really made my day (the little things in life)...thank you so much!! I truly enjoy learning from your videos...thanks again! :);Hi Mosh! Just wanted to say that I especially like how you gave us 20 minutes to attempt the implementation instead of us just directly copying your code. I followed your instructions and was able to implement it by myself! It really made my day (the little things in life)...thank you so much!! I truly enjoy learning from your videos...thanks again! :);5;0
Ugw62XDtwy7b-ehdK454AaABAg;None;nKzEJWbkPbQ;@manostack;UCl6OSP0rGmyc6Xyp4tvv3qg;http://www.youtube.com/@manostack;"You&#39;re an inspiration Mosh! so much so that we decided to create a coding channel ourselves. Of course, we are nowhere near your way of teaching, but we see you as an inspiration and a guide for succeeding!";You're an inspiration Mosh! so much so that we decided to create a coding channel ourselves. Of course, we are nowhere near your way of teaching, but we see you as an inspiration and a guide for succeeding!;24;0
UgwU6HdjNwsEYm4FETJ4AaABAg;None;nKzEJWbkPbQ;@lucianboboc7513;UC8DbWJh9U_T2u-3BnVgp6lg;http://www.youtube.com/@lucianboboc7513;I have completed all 3 parts, the course is great, i highly recommend it.<br>A dynamic programming and system design would be a great addition to the existing 3 parts.;"I have completed all 3 parts, the course is great, i highly recommend it.
A dynamic programming and system design would be a great addition to the existing 3 parts.";67;1
Ugz_AJ8oTBs1NajuEll4AaABAg;None;nKzEJWbkPbQ;@mrbbayat;UCSQNuVoQ36vMSbcqL4KaBrA;http://www.youtube.com/@mrbbayat;"Well explained, very similar to this book<br>&quot;Thomas H. Cormen, Charles E. Leiserson, Ronald L. Rivest, Clifford Stein - Introduction to Algorithms - The MIT Press (2022)&quot;";"Well explained, very similar to this book
""Thomas H. Cormen, Charles E. Leiserson, Ronald L. Rivest, Clifford Stein - Introduction to Algorithms - The MIT Press (2022)""";7;0
UgxsHAZEE01DG1ckpgN4AaABAg;None;nKzEJWbkPbQ;@piyushborse3085;UCoyEvZWzvVtfmi0hXAnWLwA;http://www.youtube.com/@piyushborse3085;Now I can say one thing to CS students... ODIN is with us ❤️;Now I can say one thing to CS students... ODIN is with us ❤️;64;6
UgzocZ0FSUSE9R72BUB4AaABAg;None;nKzEJWbkPbQ;@zivv1147;UCn_94ZooJjJvJramftGsE0A;http://www.youtube.com/@zivv1147;The explanation was very good, the call to action to try it ourselves for 20 minutes is refreshing and wonderful, and when you demonstrated how you actually write the code - it was very informative and clear. Excellent video, thank you!;The explanation was very good, the call to action to try it ourselves for 20 minutes is refreshing and wonderful, and when you demonstrated how you actually write the code - it was very informative and clear. Excellent video, thank you!;2;0
UgwscShPRUqvJfRshXd4AaABAg;None;nKzEJWbkPbQ;@MichaelAdadey;UCnLSGXNdxktk0u3rQVX7daw;http://www.youtube.com/@MichaelAdadey;Mosh has gotta be a really rich guy, because man this guy knows so much;Mosh has gotta be a really rich guy, because man this guy knows so much;3;0
UgyDntAVKkeRfqwXe-d4AaABAg;None;nKzEJWbkPbQ;@__nitinkumar__;UC558tcEC2OCV263Mta-cXpw;http://www.youtube.com/@__nitinkumar__;"This one is for all all my friends who love for loops.<br><br>The Approach I took is of swap. Basically I think of it as a swap operation only and not as shift operation, as mentioned by Mosh.<br>So swap until you find the correct spot for the current element in the sorted portion.<br>Because of swapping the index of current gets changed, so keeping track of it, and decrementing it after every swap.<br><br>private static void insertionSort(int[] arr) {<br><br>    for (int i = 1; i &lt; arr.length; i++) {<br>        int curr = arr[i];<br>        int currIndex = i;<br>        for (int j = i - 1; j &gt;= 0; j--) {<br>            if (curr &lt; arr[j])<br>                swap(arr, j, currIndex--); <br>                 // after swapping the index of curr changes so decrementing<br>            else<br>                break; <br>                // reduce iterations as elements before ith index are sorted<br>        }<br>    }<br>}<br><br>private static void swap(int[] arr, int j, int i) {<br>    int temp = arr[j];<br>    arr[j] = arr[i];<br>    arr[i] = temp;<br>}";"This one is for all all my friends who love for loops.

The Approach I took is of swap. Basically I think of it as a swap operation only and not as shift operation, as mentioned by Mosh.
So swap until you find the correct spot for the current element in the sorted portion.
Because of swapping the index of current gets changed, so keeping track of it, and decrementing it after every swap.

private static void insertionSort(int[] arr) {

    for (int i = 1; i < arr.length; i++) {
        int curr = arr[i];
        int currIndex = i;
        for (int j = i - 1; j >= 0; j--) {
            if (curr < arr[j])
                swap(arr, j, currIndex--); 
                 // after swapping the index of curr changes so decrementing
            else
                break; 
                // reduce iterations as elements before ith index are sorted
        }
    }
}

private static void swap(int[] arr, int j, int i) {
    int temp = arr[j];
    arr[j] = arr[i];
    arr[i] = temp;
}";7;2
UgzUPvYa4jA1nBvYIzR4AaABAg;None;nKzEJWbkPbQ;@ZBadri;UC97EeLRkLsofKq3lkppTgMQ;http://www.youtube.com/@ZBadri;I just want to say you:<br>Thanks alot <br>although its my weekness, l would say l actually like you be my teacher .<br>If l lived in your city l  have found  you  to be my  private teacher.<br>Despite some  web s that you recommend are not responsible  in my country ,l keep trying to learn .<br><br>At least l could say you are so generous  ,so l wish  a happy life for you.;"I just want to say you:
Thanks alot 
although its my weekness, l would say l actually like you be my teacher .
If l lived in your city l  have found  you  to be my  private teacher.
Despite some  web s that you recommend are not responsible  in my country ,l keep trying to learn .

At least l could say you are so generous  ,so l wish  a happy life for you.";8;0
UgwCbPZjipw044tPZIB4AaABAg;None;nKzEJWbkPbQ;@user-he4ef9br7z;UCbmk1RS5FahSoVZocDkcZOA;http://www.youtube.com/@user-he4ef9br7z;this is explained waaaaaaay better than it was to me in school today;this is explained waaaaaaay better than it was to me in school today;4;0
UgxiK-mc0ZHQBiu_Z3J4AaABAg;None;nKzEJWbkPbQ;@bishowpandey8205;UCOc1ffKzAWqY3h8RVKok5gA;http://www.youtube.com/@bishowpandey8205;Hey mosh you are really a very good teacher. I love your videos. I had learned python by watching your videos. Thank you for all your videos. I have a small request, can you make videos on game development with python. It will be very helpful. Thank you!❤️❤️;Hey mosh you are really a very good teacher. I love your videos. I had learned python by watching your videos. Thank you for all your videos. I have a small request, can you make videos on game development with python. It will be very helpful. Thank you!❤️❤️;2;0
UgyduMrWzZQ6rmRDqIB4AaABAg;None;nKzEJWbkPbQ;@nikshepbangera5416;UCVBGzCP2feHaxyZgsCZbtiQ;http://www.youtube.com/@nikshepbangera5416;This guy is amazing;This guy is amazing;1;0
UgyaOyc56QruxfRX5Fh4AaABAg;None;nKzEJWbkPbQ;@TechGalDiaries;UCwZeUjaQCdkpgJc7JWKgjwQ;http://www.youtube.com/@TechGalDiaries;"Yesss! 👍👍 Why didn&#39;t I have this 2 years ago when I was struggling through data structures and algorithms? 😩";Yesss! 👍👍 Why didn't I have this 2 years ago when I was struggling through data structures and algorithms? 😩;6;0
UgzRPUoI3VbStTHO7Od4AaABAg;None;nKzEJWbkPbQ;@MuhammadIshmaell;UCz0GrxfM_RahthvUFZHUBLg;http://www.youtube.com/@MuhammadIshmaell;"Great explanation, but can any please explain why we&#39;re decrementing the value of j in the while loop?";Great explanation, but can any please explain why we're decrementing the value of j in the while loop?;3;0
UgwziKaOarMkKFtfW3V4AaABAg;None;nKzEJWbkPbQ;@aneeshkatkam8271;UCygDupr9MXlgs0qs0FV4vfA;http://www.youtube.com/@aneeshkatkam8271;mosh thank you thank you thank you for these courses;mosh thank you thank you thank you for these courses;1;0
UgyZMvA4gLhWqwgF07R4AaABAg;None;nKzEJWbkPbQ;@sarahfuntanilla6542;UC6gf8gjuCBTykJCORjDzFug;http://www.youtube.com/@sarahfuntanilla6542;Hi Mosh, Thanks for the Great Video I hope you will add some training in your Java too like Unit Testing using JUnit and Mockito, Java Secure Programming (This course is very important and only few tutorials on Web some are very expensive to enroll), Spring Framework and a Full Stack Developer which can give knowledge and experience to have good Job in Java World. Have a happy and Long life to you Mosh!!!.;Hi Mosh, Thanks for the Great Video I hope you will add some training in your Java too like Unit Testing using JUnit and Mockito, Java Secure Programming (This course is very important and only few tutorials on Web some are very expensive to enroll), Spring Framework and a Full Stack Developer which can give knowledge and experience to have good Job in Java World. Have a happy and Long life to you Mosh!!!.;2;0
UgzUSifsyDjdlUfKR8p4AaABAg;None;nKzEJWbkPbQ;@sarahle770;UCLC136PwUC9qOhtopzJd4hQ;http://www.youtube.com/@sarahle770;Beautiful explanation! I’ve been taking 3 parts java course and I loved it . <br><br>Do you think you will be able of doing java + hibernate + spring boot ( based on my sql Database ? ) I’m gonna take that course for sure ! <br><br>Thanks in Advance;"Beautiful explanation! I’ve been taking 3 parts java course and I loved it . 

Do you think you will be able of doing java + hibernate + spring boot ( based on my sql Database ? ) I’m gonna take that course for sure ! 

Thanks in Advance";5;0
UgzIUub2JhZ7DQL63mp4AaABAg;None;nKzEJWbkPbQ;@erollejenfreemagulod3637;UCF-2YLFNqhU16I-uP6W1s8g;http://www.youtube.com/@erollejenfreemagulod3637;nice!! thankyou !! my head hurts thinking about my projects in my sub but thanks fot this it really help;nice!! thankyou !! my head hurts thinking about my projects in my sub but thanks fot this it really help;0;0
UgyP09Wm7IhFfF5kluN4AaABAg;None;nKzEJWbkPbQ;@sportlifetv3838;UC-V21tHZBwwLAZzEtVkQBEg;http://www.youtube.com/@sportlifetv3838;Sir we need an django tutorial on delete,insert,update,delete and search operation..our institute have given us a project to build a web application..<br>I already shared your 6 hr python tutorial anoung student and that was great..django tutorial will be helpful for everyone who used to develop web application<br><br>Thank you;"Sir we need an django tutorial on delete,insert,update,delete and search operation..our institute have given us a project to build a web application..
I already shared your 6 hr python tutorial anoung student and that was great..django tutorial will be helpful for everyone who used to develop web application

Thank you";1;1
UgzuCsFm68dp538DFWR4AaABAg;None;nKzEJWbkPbQ;@abhishekshah11;UCZfE4QAAEfkUZjXzOr6rj_w;http://www.youtube.com/@abhishekshah11;"I need the intro music. It&#39;s so good &lt;3";I need the intro music. It's so good <3;6;3
UgyWRkKaPDKRE-Q-gdJ4AaABAg;None;nKzEJWbkPbQ;@saadkhan7891;UC3qskoVycKRx8q2Db9cK1WQ;http://www.youtube.com/@saadkhan7891;"Sir, I&#39;m your student from Pakistan<br>I love your videos so much<br>sir the reason for my texting you is a request that can you please upload tutorial about web scraping with python<br>i watch many videos on youtube but your method of teaching was too good i really loved it<br>can you please do that for your students";"Sir, I'm your student from Pakistan
I love your videos so much
sir the reason for my texting you is a request that can you please upload tutorial about web scraping with python
i watch many videos on youtube but your method of teaching was too good i really loved it
can you please do that for your students";0;0
UgwRzgRELG99N9GArl94AaABAg;None;nKzEJWbkPbQ;@diwakardayal954;UCTzYNAdEj8-a0j5elSerVkg;http://www.youtube.com/@diwakardayal954;thank you<br>animation is so clean;"thank you
animation is so clean";0;0
UgwOLKHtrcjwUUKMWy54AaABAg;None;nKzEJWbkPbQ;@miguelcaceres6763;UCI8Dv1z7bWu_ZpY7txbyUhQ;http://www.youtube.com/@miguelcaceres6763;thanks mosh;thanks mosh;0;0
UgwOasCC9cQrOkAvw214AaABAg;None;nKzEJWbkPbQ;@rockincy;UCqtv-DeNBejLy-K5xhz28Dg;http://www.youtube.com/@rockincy;This is called the art of teaching.;This is called the art of teaching.;0;0
UgyvkUas_p19Gzfn_1V4AaABAg;None;nKzEJWbkPbQ;@C.NaCyber;UCPi2Q_lOxzWjuP78POCThEQ;http://www.youtube.com/@C.NaCyber;Hi Mosh<br>all your tutorials are good, so could you please make a Linux tutorial for beginner to advance?;"Hi Mosh
all your tutorials are good, so could you please make a Linux tutorial for beginner to advance?";1;0
UgwlcHW6HsQpoumBjMV4AaABAg;None;nKzEJWbkPbQ;@masonbrown533;UCoWEkj_hV2cS7zFog4eduxg;http://www.youtube.com/@masonbrown533;The elements are not sorted right after they are moved I thought.  Not until the very end are they sorted.  That’s what my teacher said and it seems right.  Now I’m confused;The elements are not sorted right after they are moved I thought.  Not until the very end are they sorted.  That’s what my teacher said and it seems right.  Now I’m confused;2;0
UgzTkbY97LhmoLcsQxd4AaABAg;None;nKzEJWbkPbQ;@LizyAd;UCQyMKIwgWR8-R0F_em6Mbyw;http://www.youtube.com/@LizyAd;Very good video Mosh!;Very good video Mosh!;0;0
UgxPGAwbl9ApShMXX2J4AaABAg;None;nKzEJWbkPbQ;@AlphaSierra380;UCelU4oQh-gg_H50I865Ynww;http://www.youtube.com/@AlphaSierra380;Thanks for the video. Great explanation using animation.;Thanks for the video. Great explanation using animation.;0;0
UgwT4NfF0Ukfobb2ddt4AaABAg;None;nKzEJWbkPbQ;@ohmegatech666;UCJwrDDGYrUa-H-BNsle9lkw;http://www.youtube.com/@ohmegatech666;"Thanks a ton for these videos. I dislike having an index that is inherently -1 like you&#39;ve done with j as it is conceptually obtuse even if it makes the code slightly cleaner. I would prefer to just use a normal index for the while loop and then use (index-1) when you need to access the previous item. Also I think it can be confusing to use the letter j specifically for something like this as j is almost always used to represent an inner nested loop index which isn&#39;t really what we&#39;re doing here";Thanks a ton for these videos. I dislike having an index that is inherently -1 like you've done with j as it is conceptually obtuse even if it makes the code slightly cleaner. I would prefer to just use a normal index for the while loop and then use (index-1) when you need to access the previous item. Also I think it can be confusing to use the letter j specifically for something like this as j is almost always used to represent an inner nested loop index which isn't really what we're doing here;0;0
UgxHkfQXbba_hJbD2UF4AaABAg;None;nKzEJWbkPbQ;@lilit3552;UCXI2IiQzjIYa-YiUpzJTxzA;http://www.youtube.com/@lilit3552;Finally understood😊<br>Thank you soo much!;"Finally understood😊
Thank you soo much!";0;0
Ugwi0JDzlMo5QLkfLa94AaABAg;None;nKzEJWbkPbQ;@chirilcugureanu1853;UCuYSy5iPco6xpavVGHBUWdQ;http://www.youtube.com/@chirilcugureanu1853;I already took your Algorithms course in Java but implemented the algorithms in JavaScript! An amazing course! Really recommend it!;I already took your Algorithms course in Java but implemented the algorithms in JavaScript! An amazing course! Really recommend it!;1;0
UgybtLJ8pgrpxwWkchZ4AaABAg;None;nKzEJWbkPbQ;@shivendrachand1679;UC6aC6JGOcLY0zid7I40XQKQ;http://www.youtube.com/@shivendrachand1679;"Are the rest of the videos based on Algorithms still available on mosh&#39;s channel";Are the rest of the videos based on Algorithms still available on mosh's channel;1;0
UgzN4-lklg7I3kmlnMZ4AaABAg;None;nKzEJWbkPbQ;@elizarbucal348;UCNcGM8vZF5Yepao0hgsTJTw;http://www.youtube.com/@elizarbucal348;Thank you !;Thank you !;0;0
Ugxv1OonGdnktL_HRZN4AaABAg;None;nKzEJWbkPbQ;@herevancelightena9770;UCdIelvona8SmdfLo15DriOw;http://www.youtube.com/@herevancelightena9770;Have you released video about bubble sort?;Have you released video about bubble sort?;1;0
Ugx-gjYhiSOzffYcL8d4AaABAg;None;nKzEJWbkPbQ;@mounirelardi1201;UCPQwN_1YgQPX__jUtd9V_ng;http://www.youtube.com/@mounirelardi1201;"thanks mosh for your very useful tutorial! I&#39;m super exited to learn more from you!!";thanks mosh for your very useful tutorial! I'm super exited to learn more from you!!;1;1
UgzRQV0pWy_9wd5GbRx4AaABAg;None;nKzEJWbkPbQ;@AhamedKabeer-wn1jb;UCO6H7-JGnYAIP3I7CvhNKlQ;http://www.youtube.com/@AhamedKabeer-wn1jb;WELL EXPLAINED .. THANK YOU..;WELL EXPLAINED .. THANK YOU..;0;0
UgwMf7qzuA6zOZIX2gl4AaABAg;None;nKzEJWbkPbQ;@sahandsanaei3086;UCwQf6y-F9BftsehXyN8wjCQ;http://www.youtube.com/@sahandsanaei3086;great as always;great as always;0;0
Ugybzk0SU296eg78DEZ4AaABAg;None;nKzEJWbkPbQ;@u_u7094;UCWSN1IlakG5jodhcXWzr0hw;http://www.youtube.com/@u_u7094;Love your videos.;Love your videos.;1;0
Ugzopq9fRGHW0y1JsLp4AaABAg;None;nKzEJWbkPbQ;@dharshinisekar7036;UC6UAoc_-PjJ7jTzmpgRIyNw;http://www.youtube.com/@dharshinisekar7036;Thank you;Thank you;0;0
Ugy-vlElniFw8zl2oXp4AaABAg;None;nKzEJWbkPbQ;@DhhyeyDesai;UCtNSQBqRfk27b4S0aFA-9wA;http://www.youtube.com/@DhhyeyDesai;Hey! Nice video mate :);Hey! Nice video mate :);1;0
UgzMuikVrWhzEHqfWbh4AaABAg;None;nKzEJWbkPbQ;@mahadevhatti5228;UCAa_CINqGv-X79LDv1MxQIg;http://www.youtube.com/@mahadevhatti5228;amazing explaination baldy!!!;amazing explaination baldy!!!;0;0
UgynW2zELQBXd71ZtZ14AaABAg;None;nKzEJWbkPbQ;@Pink_Rose634;UC0UA4rfgI8mNP4BlRaPuzEA;http://www.youtube.com/@Pink_Rose634;awli bod moshveq jan movafaq bashi : );awli bod moshveq jan movafaq bashi : );0;0
UgyaODuSwJxxwDiAjnN4AaABAg;None;nKzEJWbkPbQ;@fangzsx0409;UCKnrcfHECJB1xu-_fk_hz6w;http://www.youtube.com/@fangzsx0409;What is the purpose of dicrementing the loop variable inside the while loop? Thank you and I hope you all are doing great;What is the purpose of dicrementing the loop variable inside the while loop? Thank you and I hope you all are doing great;2;3
UgwNAcH2q7tkGiyu3Xl4AaABAg;None;nKzEJWbkPbQ;@harifhadi8620;UCqbSewIl-LDkRPSi1NhphuQ;http://www.youtube.com/@harifhadi8620;Mosh can u pls make a video about Java frameworks and how to use them well;Mosh can u pls make a video about Java frameworks and how to use them well;0;0
UgyU-48lH-dzjgdEkfh4AaABAg;None;nKzEJWbkPbQ;@robloxprisoners6280;UCiLgTKhjAjnJYy0zQK_Fv8A;http://www.youtube.com/@robloxprisoners6280;Mosh please i want your django course cuz your explanation is easy and simple at the same time which motivates more to code even more.PLEASE.PLEASE;Mosh please i want your django course cuz your explanation is easy and simple at the same time which motivates more to code even more.PLEASE.PLEASE;4;1
UgwFAx8r2LNxyHfXSUh4AaABAg;None;nKzEJWbkPbQ;@sherazarain871;UC5gDuYyAyv2WM5JUYGUPfcA;http://www.youtube.com/@sherazarain871;Hey, mosh! Which language you are using in Data structure?;Hey, mosh! Which language you are using in Data structure?;1;0
UgzYhAOsCgpFtxqUegl4AaABAg;None;nKzEJWbkPbQ;@arfzbk;UCK7c8fvZ6hQrshRBDME_6oQ;http://www.youtube.com/@arfzbk;Simple is the best!;Simple is the best!;0;0
Ugyn7vqeKyZxxJZGwwp4AaABAg;None;nKzEJWbkPbQ;@armanahmed4806;UCr-PGW9_KdCjE7kV_pqxzig;http://www.youtube.com/@armanahmed4806;As always wonderful video sir plz make one video on Django;As always wonderful video sir plz make one video on Django;0;0
Ugxbf2mCHQRzzX-OVel4AaABAg;None;nKzEJWbkPbQ;@CelestialCanvasTV;UCgtFP1D1YnShXlks43_cjyw;http://www.youtube.com/@CelestialCanvasTV;Hey mosh , can u pls also make a video on bubble sort and insertion sort using <b>python</b>;Hey mosh , can u pls also make a video on bubble sort and insertion sort using *python*;2;1
Ugwv9it1TIwaP3FBd2x4AaABAg;None;s9wW2PpJsmQ;@Jedh09;UCllgGlKasaYVZgU4IgR1tbQ;http://www.youtube.com/@Jedh09;The explanation is just incredibly easy for me as a beginner to understand! I watched thousands of videos, and this is just perfect! Thank you!;The explanation is just incredibly easy for me as a beginner to understand! I watched thousands of videos, and this is just perfect! Thank you!;65;0
UgxOdhRkHEjnbDG3GKZ4AaABAg;None;s9wW2PpJsmQ;@alban1290;UCAc7OV4oHdxvX1g0v7b4RbQ;http://www.youtube.com/@alban1290;"I&#39;ve watched so many tutorials, I&#39;ve never been more impressed, you excel at explaining precisely yet comprehensibly by beginners";I've watched so many tutorials, I've never been more impressed, you excel at explaining precisely yet comprehensibly by beginners;5;0
UgzhvpMV06Ae8x-qoOl4AaABAg;None;s9wW2PpJsmQ;@mundana13;UCqyg1UAby-2sGGe-AkoDbXA;http://www.youtube.com/@mundana13;I really liked how the author broke down the different types of loops so easily;I really liked how the author broke down the different types of loops so easily;17;0
UgyZzhczGULCiSbysHB4AaABAg;None;s9wW2PpJsmQ;@VinhNguyen-ul8yg;UCmEPBvH7ibXpfY5htlUyaVg;http://www.youtube.com/@VinhNguyen-ul8yg;Thank You Mosh, I am taking the full stack Web Developer course and I am currently on the Javascript section of the course, and loops, but I do not understand it clearly until I watched your video. Thank You so much for your clear and concise explanation.;Thank You Mosh, I am taking the full stack Web Developer course and I am currently on the Javascript section of the course, and loops, but I do not understand it clearly until I watched your video. Thank You so much for your clear and concise explanation.;5;0
UgxtIjuVsYbSnUqspOx4AaABAg;None;s9wW2PpJsmQ;@nanakwamedickson4296;UC0sr742h7h-IWClS4H9vTeQ;http://www.youtube.com/@nanakwamedickson4296;"Wow, I never thought I could understand loops this easily. I&#39;ve struggled to understand this concept for 7 months. Thanks, Mosh!";Wow, I never thought I could understand loops this easily. I've struggled to understand this concept for 7 months. Thanks, Mosh!;54;2
Ugz6Fcl_fNB5UNwc8aR4AaABAg;None;s9wW2PpJsmQ;@nigelmukura3461;UCSymytmjhRdWyGI-BSPnKVw;http://www.youtube.com/@nigelmukura3461;Man, this made it so understandable. Thank you, definitely subbing;Man, this made it so understandable. Thank you, definitely subbing;104;1
UgxF0yyeX5iMN88vIip4AaABAg;None;s9wW2PpJsmQ;@WinserEspinal;UC862ky4MOrYczMaZ9RLC5xg;http://www.youtube.com/@WinserEspinal;Man, you just made a concept that I thought I was never going to get so incredibly easy. Thank you!;Man, you just made a concept that I thought I was never going to get so incredibly easy. Thank you!;27;0
UgyZyNk0jU69oeDpUa94AaABAg;None;s9wW2PpJsmQ;@daquanm4444;UCjI7YzzkycOJ0STWOLhkHLg;http://www.youtube.com/@daquanm4444;"I was having the hardest time understanding for loops until this video. I&#39;d recommend anyone to watch the full playlist if you&#39;re having a hard time with any concepts. I even watched the stuff for concepts I already understood and found some other useful information that wasn&#39;t covered elsewhere.";I was having the hardest time understanding for loops until this video. I'd recommend anyone to watch the full playlist if you're having a hard time with any concepts. I even watched the stuff for concepts I already understood and found some other useful information that wasn't covered elsewhere.;1;0
UgwJCPlxbo_LeNfUd-F4AaABAg;None;s9wW2PpJsmQ;@mpc79;UCFybFBw-TLpBn4DD9C3xvBg;http://www.youtube.com/@mpc79;"I&#39;ve been watching A LOT of videos. But now, I&#39;m just watching a lot of Mosh videos. Just subscribed. Thank you.";I've been watching A LOT of videos. But now, I'm just watching a lot of Mosh videos. Just subscribed. Thank you.;3;0
UgyPc0I-j9gtkE-cXmx4AaABAg;None;s9wW2PpJsmQ;@barrybrewer5164;UC5e4Z7C5rHE9MglgtMWRlVg;http://www.youtube.com/@barrybrewer5164;"You&#39;re an excellent, excellent teacher. Thank you so much for your contributions.";You're an excellent, excellent teacher. Thank you so much for your contributions.;6;0
Ugz74WP82Zmrm7Av0xZ4AaABAg;None;s9wW2PpJsmQ;@TalentMasasi;UCoz2qLASGS2nIRS3zz1i92Q;http://www.youtube.com/@TalentMasasi;How many beginners are here with me 😂;How many beginners are here with me 😂;60;6
Ugz1wj7eJc0vumJ3eWl4AaABAg;None;s9wW2PpJsmQ;@dorotheekarma7306;UCXh8wNP1_towmKkPrIK_DOQ;http://www.youtube.com/@dorotheekarma7306;Thanks Mosh, non of my friends would explain this to me in a simplified way!;Thanks Mosh, non of my friends would explain this to me in a simplified way!;1;0
UgzFXDJnySo6pbvM4_l4AaABAg;None;s9wW2PpJsmQ;@m_tdjk;UCOI3kwnLzYcITfC2mu4PAQA;http://www.youtube.com/@m_tdjk;"Mosh is by far the best teacher i &#39;ve ever had. Thank you!";Mosh is by far the best teacher i 've ever had. Thank you!;0;0
UgyFPVk34_Ik4F6wGJl4AaABAg;None;s9wW2PpJsmQ;@ezdiamond2522;UCl_7ntS25yDKnfxZjfXtQUA;http://www.youtube.com/@ezdiamond2522;why is this easier to understand then a codecadamy tutorial that i pay $40 a month for;why is this easier to understand then a codecadamy tutorial that i pay $40 a month for;6;0
UgytCOca7iqxqCngy654AaABAg;None;s9wW2PpJsmQ;@mohammedghazwanalmilhim7879;UCYqwmjOTFlU-Rq5MYtJowfw;http://www.youtube.com/@mohammedghazwanalmilhim7879;Better than my teachers 😂😂<br>Why do I go to school? I have you and the web 🤦‍♂️;"Better than my teachers 😂😂
Why do I go to school? I have you and the web 🤦‍♂️";71;3
Ugz2qiaekEzZpzMrekB4AaABAg;None;s9wW2PpJsmQ;@lycansre;UCTJ8c3JMJhm_arqttgcD-yg;http://www.youtube.com/@lycansre;"You&#39;re a hell of a good teacher. I understood this in 1 video here from Udacity xD";You're a hell of a good teacher. I understood this in 1 video here from Udacity xD;3;0
UgzDfqqo2kvk0NdKOtx4AaABAg;None;s9wW2PpJsmQ;@BrianFaheyy;UCibCG9mwYMSBUmf-4vybpRw;http://www.youtube.com/@BrianFaheyy;You simplified this in a way I was able to understand instantly. Thankyou. Great video. Going to watch the rest of your JS tutorials now.;You simplified this in a way I was able to understand instantly. Thankyou. Great video. Going to watch the rest of your JS tutorials now.;12;0
UgyJdtvkuSz6CnLTmc54AaABAg;None;s9wW2PpJsmQ;@peterwoods35;UCPPV-DmkeIh1byLfvJh3czg;http://www.youtube.com/@peterwoods35;Finally!  I get it.  Thanks.  Most programmers are terrible teachers.  You are the exception.;Finally!  I get it.  Thanks.  Most programmers are terrible teachers.  You are the exception.;0;0
UgxIYuWI6dRG5L3_8L54AaABAg;None;s9wW2PpJsmQ;@deepumon.d3148;UCxzBHn_d6c0kjqKDJ_uxWeA;http://www.youtube.com/@deepumon.d3148;Nice tutorial. You are always best teacher for me💖💖;Nice tutorial. You are always best teacher for me💖💖;14;1
UgxvHD74KA5KOFuvESJ4AaABAg;None;s9wW2PpJsmQ;@AlexeyaLu;UCuk7Yx6-SE7NShlc5rugd0g;http://www.youtube.com/@AlexeyaLu;I wish I saw this video 3 months ago.... Would have made my life easier.... Great job!;I wish I saw this video 3 months ago.... Would have made my life easier.... Great job!;0;0
UgyguOvMkBKvbD-vZZ94AaABAg;None;s9wW2PpJsmQ;@florincaroli;UCEzjJTh9jClucdymf0b1u8Q;http://www.youtube.com/@florincaroli;Best explanation on the entire YouTube, thank you!;Best explanation on the entire YouTube, thank you!;0;0
Ugy_mqH9wbbad-aoU-54AaABAg;None;s9wW2PpJsmQ;@umm_esaad;UCzVA5H1wn6qNQcXxC6gpjwg;http://www.youtube.com/@umm_esaad;Thank you Mosh! You just made loop easy to understand for me. Your way of explanation is really blessing of Almighty for me;Thank you Mosh! You just made loop easy to understand for me. Your way of explanation is really blessing of Almighty for me;0;0
UgyvjGJ7jbI9E_8r6U94AaABAg;None;s9wW2PpJsmQ;@talksister4496;UCgnaqkL5kKK9CqfpQG7r0VQ;http://www.youtube.com/@talksister4496;"Thank you so much for both explaining and demonstrating the syntax; super helpful.";"Thank you so much for both explaining and demonstrating the syntax; super helpful.";2;0
Ugyi-0HNwXwXZpAoXXt4AaABAg;None;s9wW2PpJsmQ;@AnimadeStudio;UCsrU_UAP1P-xDtoutCarNZQ;http://www.youtube.com/@AnimadeStudio;Man... This explanation was too awesome... The loops were confusing me a lot, but you solved it... Thanks man;Man... This explanation was too awesome... The loops were confusing me a lot, but you solved it... Thanks man;0;0
UgzpitZuRyKDZtE4pxV4AaABAg;None;s9wW2PpJsmQ;@rondevcode;UCp6HOFCfal9Z8XUN_Ek2jPA;http://www.youtube.com/@rondevcode;"This guy explains stuff so well. It&#39;s hard to not get it. And I&#39;ve heard some really bad explanation of what this is lol!";This guy explains stuff so well. It's hard to not get it. And I've heard some really bad explanation of what this is lol!;3;0
UgyjcwiDM5jgqKncE414AaABAg;None;s9wW2PpJsmQ;@zancrow_gaming;UCYKc-vpQU6OeoSqVC3jkHAw;http://www.youtube.com/@zancrow_gaming;I busted learned Array and loops today. Had an issue understanding loops. Thank you very much for this explanation coz now I understand and will soon finish JS😪😌;I busted learned Array and loops today. Had an issue understanding loops. Thank you very much for this explanation coz now I understand and will soon finish JS😪😌;0;0
UgzE88psQR2w2lYI_fV4AaABAg;None;s9wW2PpJsmQ;@ronaldlevy3176;UCmE-_MV3l-SqMXxsJKChDQg;http://www.youtube.com/@ronaldlevy3176;Really appreciated this video. Made this example simple and clear to understand. Many thanks.;Really appreciated this video. Made this example simple and clear to understand. Many thanks.;0;0
UgxeeQIsq_tgKANNdpt4AaABAg;None;s9wW2PpJsmQ;@magnumjade45;UCdahfjy84N31Kc_puvo_mIg;http://www.youtube.com/@magnumjade45;this guy really explains things so simple than even a dummy like me could understand. thank you bro.;this guy really explains things so simple than even a dummy like me could understand. thank you bro.;0;0
UgwZKp_BNjnTAJA8MbJ4AaABAg;None;s9wW2PpJsmQ;@BehindHealthyLife;UCoiVmbcNt-MnAvZT05nbBng;http://www.youtube.com/@BehindHealthyLife;Clear cut explanation - great job;Clear cut explanation - great job;0;0
UgytFJXI-TNo7F4r-0N4AaABAg;None;s9wW2PpJsmQ;@McAluso;UCZDBujgM7LMba1eO6gR-4DA;http://www.youtube.com/@McAluso;Thanks Mosh. You never disappoints.;Thanks Mosh. You never disappoints.;0;0
UgzVjRBDUCU_JoxKytJ4AaABAg;None;s9wW2PpJsmQ;@ronellepillay4551;UCTiVZoQeii_BpHyDsJgtJbg;http://www.youtube.com/@ronellepillay4551;thank you , your tutorials are really good for beginners who are trying to find there way;thank you , your tutorials are really good for beginners who are trying to find there way;0;0
UgzMb9mO-wzN_vl6Dm94AaABAg;None;s9wW2PpJsmQ;@slickchick8292;UCH6wIl_9tt7maC9X8lFFhtQ;http://www.youtube.com/@slickchick8292;This is truly the best explanation I have ever heard. Thank you so much!;This is truly the best explanation I have ever heard. Thank you so much!;0;0
UgyUGAQZ-eZqL_6_lZx4AaABAg;None;s9wW2PpJsmQ;@tt._.7857;UC5e7E_M5uZLSEFYT-g49RdQ;http://www.youtube.com/@tt._.7857;THIS MAKES SO MUCH SENSE NOW OMDS YOU LEGEND 🔥🔥;THIS MAKES SO MUCH SENSE NOW OMDS YOU LEGEND 🔥🔥;0;0
Ugy9qV4X5nSuAhKXIW54AaABAg;None;s9wW2PpJsmQ;@luisaborba4829;UC4_hOYx4XqQqBinnsGwW21Q;http://www.youtube.com/@luisaborba4829;"Amazing video, I couldn&#39;t understand a word when my teacher taught us this concept at the bootcamp. You&#39;re a great teacher, thanks for this video Mosh!";Amazing video, I couldn't understand a word when my teacher taught us this concept at the bootcamp. You're a great teacher, thanks for this video Mosh!;0;1
Ugz4X0kzW7lF5Mj7F7V4AaABAg;None;s9wW2PpJsmQ;@prhasn;UCgRmT-3UGAULvfY5INQcGGg;http://www.youtube.com/@prhasn;Amazing simple explaination. I like how you started slow then ramped up the explanation speed 👌;Amazing simple explaination. I like how you started slow then ramped up the explanation speed 👌;0;0
UgzwGyixGb5v2U2ki0d4AaABAg;None;s9wW2PpJsmQ;@andresbolivar6959;UC7-8KguI2tXYsliqlb-8A2A;http://www.youtube.com/@andresbolivar6959;Definitely the definition I need thanks!;Definitely the definition I need thanks!;0;0
UgzU9c2QBsycI9IoamN4AaABAg;None;s9wW2PpJsmQ;@JacobSeeger;UC_QxSr6IjyP3e9FVvLxNXPQ;http://www.youtube.com/@JacobSeeger;Phenomenal explanation - thank you SO much!!!;Phenomenal explanation - thank you SO much!!!;0;0
UgxL-XwqeifP8MvkbAJ4AaABAg;None;s9wW2PpJsmQ;@zmbaig;UC1z9DTcF5zUFxi7lcSKxRHw;http://www.youtube.com/@zmbaig;Indeed a good way of learning Javascript.;Indeed a good way of learning Javascript.;0;0
UgyCLpGYolZPx2aH2BJ4AaABAg;None;s9wW2PpJsmQ;@introspkt;UCTLZUhJQkeLXsXkC80DTRig;http://www.youtube.com/@introspkt;Thank you so much Mosh !! You broke it down for me properly and it was easy to understand!;Thank you so much Mosh !! You broke it down for me properly and it was easy to understand!;0;0
Ugw8Megbe02uqDObnrN4AaABAg;None;s9wW2PpJsmQ;@shinobiinu6920;UCjwI5evgZ7zYn4M-vAhbkXA;http://www.youtube.com/@shinobiinu6920;Just what I needed. Thanks Master Mosh!;Just what I needed. Thanks Master Mosh!;1;0
UgwEp98Z36J6-CEe2s14AaABAg;None;s9wW2PpJsmQ;@twicon87;UCwJeE9PucoVoFWRsOwlos2A;http://www.youtube.com/@twicon87;i cant learn in school, so those 8 hours on zoom meetings are wasted time. I learn more from a few videos like this when i am alone. Thanks for this one;i cant learn in school, so those 8 hours on zoom meetings are wasted time. I learn more from a few videos like this when i am alone. Thanks for this one;0;0
UgzwcpJaZrtOWlFBaTt4AaABAg;None;s9wW2PpJsmQ;@JeremiahRacheal;UCM76o9R3Bj36KHFV8aapZLg;http://www.youtube.com/@JeremiahRacheal;Pls do a tutorial for while loop.thank you;Pls do a tutorial for while loop.thank you;0;0
UgzytfzcaIae8QMQTW14AaABAg;None;s9wW2PpJsmQ;@animation4life819;UCLKUiAkR0CuH7LAakDDxZOg;http://www.youtube.com/@animation4life819;This made me understand everything such a good explanation. Thankyou for making this video;This made me understand everything such a good explanation. Thankyou for making this video;1;0
UgwgrAw-JDz8lEMiJXJ4AaABAg;None;s9wW2PpJsmQ;@nova2826;UC9olNM_-yMamNzuAm0W1JRQ;http://www.youtube.com/@nova2826;"was struggling with loops until i saw this, thank u &lt;3";was struggling with loops until i saw this, thank u <3;0;0
Ugx4LnhE5IDH2k9ssjt4AaABAg;None;s9wW2PpJsmQ;@El_Jose_22;UCgVGJdjFBESRjlskN1csFOg;http://www.youtube.com/@El_Jose_22;"Thank you so much man! I&#39;ve been struggling with for loops for a while now, much appreciated!";Thank you so much man! I've been struggling with for loops for a while now, much appreciated!;0;0
UgwK7-FYTsoXC5b6Xx94AaABAg;None;s9wW2PpJsmQ;@driassasofiane2839;UCHLo2t7_r0JyVnU_cjIW9ag;http://www.youtube.com/@driassasofiane2839;This the only understandable video that i saw fo real thank you so much;This the only understandable video that i saw fo real thank you so much;0;0
Ugw262qGG-cMIJNv2ot4AaABAg;None;s9wW2PpJsmQ;@sobdjs;UCP9_J6lpRgDhO4i2J48OMjA;http://www.youtube.com/@sobdjs;Mosh is the best teacher;Mosh is the best teacher;0;0
UgzwIcGTWPz3WALKayh4AaABAg;None;s9wW2PpJsmQ;@turgut8160;UCpW_8rrqWYq00YIpvhGyPgg;http://www.youtube.com/@turgut8160;The most easiest explanation I have ever seen;The most easiest explanation I have ever seen;0;0
Ugw7VAvLmKRurmPDkIV4AaABAg;None;s9wW2PpJsmQ;@kelleytbo;UCl14cSkMyt8Daw086lXRh7w;http://www.youtube.com/@kelleytbo;This was so helpful! Thank you so much.;This was so helpful! Thank you so much.;2;0
UgwZwCcEYz90_dhKJIx4AaABAg;None;s9wW2PpJsmQ;@oac7184;UC_9vhz1yNHUXGYt36Zl06eg;http://www.youtube.com/@oac7184;Wow , Ive been struggling with for loop concept and you made it super easy to understand. thank you! I will subscribe and like!;Wow , Ive been struggling with for loop concept and you made it super easy to understand. thank you! I will subscribe and like!;0;0
UgwiTsrIyVCrdPWU8sx4AaABAg;None;XgSjoHgy3Rk;@sanket_sy;UCtCyyqxpVrGPJo1JIjjnjFQ;http://www.youtube.com/@sanket_sy;"1) &quot;var&quot; is function-scoped, whereas &quot;let&quot; is block-scoped.<br>2) Using &quot;var&quot; attaches the variable to the window, whereas &quot;let&quot; prevents it.";"1) ""var"" is function-scoped, whereas ""let"" is block-scoped.
2) Using ""var"" attaches the variable to the window, whereas ""let"" prevents it.";200;5
UgxDIm8yK34Qz020b314AaABAg;None;XgSjoHgy3Rk;@m.u.550;UCjb3hnPfSrI8EKKW5QYPcBQ;http://www.youtube.com/@m.u.550;Mosh is the best teacher, calm and friendly voice, perfect speed and flow of speach. There are only a few software teacher, who increases my mood when following the tutorials and he is one of them!;Mosh is the best teacher, calm and friendly voice, perfect speed and flow of speach. There are only a few software teacher, who increases my mood when following the tutorials and he is one of them!;94;4
Ugy4t6U9gZrA72hPP4B4AaABAg;None;XgSjoHgy3Rk;@flyingbirds4235;UCpIm6YRPbOwquVOkgp8Ujmw;http://www.youtube.com/@flyingbirds4235;Finally, I understood the difference between var and let.  Great video.;Finally, I understood the difference between var and let.  Great video.;31;0
Ugw_KzcMSu4PgVn9OQN4AaABAg;None;XgSjoHgy3Rk;@codinginflow;UC_Fh8kvtkVPkeihBs42jGcA;http://www.youtube.com/@codinginflow;"Short and to the point explanation! Thank you very much! I&#39;m learning JS right now 😁";Short and to the point explanation! Thank you very much! I'm learning JS right now 😁;6;0
UgxBKrlIuYOdRDS3xE14AaABAg;None;XgSjoHgy3Rk;@VOGTLANDOUTDOORS;UC2LI0kZd_KW9PcACtKawX3g;http://www.youtube.com/@VOGTLANDOUTDOORS;"ALOT of &quot;javascript gurus&quot; have all made 5-minute videos on the history and distinction between var and const and let, then NEVER actually DEFINED any of these terms, but instead launched into some over-caffeinated babble of code examples where utterly NOTHING was explained, but they&#39;re oh-so-proud of themselves. <br><br>YOU alone (so far) took the time to actually DEFINE these terms first: &quot;const&quot;, &quot;var&quot;, &quot;let&quot; and even &quot;function&quot; and &quot;block&quot; AND even &quot;function-scoped&quot; and &quot;block-scoped&quot;. Then you examples were simple enough to make your target audience - PEOPLE NEW TO JAVASCRIPT WHO DON&#39;T UNDERSTAND SOME OF THE CONCEPTS - actually understand the distinction between &quot;function-scoped&quot; and &quot;block-scoped&quot; variables. <br><br>Well done you - you just EARNED yourself another subscriber. <br><br>Cheers,<br>-Mark Vogt in North Aurora IL (USA)";"ALOT of ""javascript gurus"" have all made 5-minute videos on the history and distinction between var and const and let, then NEVER actually DEFINED any of these terms, but instead launched into some over-caffeinated babble of code examples where utterly NOTHING was explained, but they're oh-so-proud of themselves. 

YOU alone (so far) took the time to actually DEFINE these terms first: ""const"", ""var"", ""let"" and even ""function"" and ""block"" AND even ""function-scoped"" and ""block-scoped"". Then you examples were simple enough to make your target audience - PEOPLE NEW TO JAVASCRIPT WHO DON'T UNDERSTAND SOME OF THE CONCEPTS - actually understand the distinction between ""function-scoped"" and ""block-scoped"" variables. 

Well done you - you just EARNED yourself another subscriber. 

Cheers,
-Mark Vogt in North Aurora IL (USA)";1;1
Ugx_2cfRWHQMxFar9NV4AaABAg;None;XgSjoHgy3Rk;@RezaMohseni;UCb1_zyMGRhucPhubdMK9WzQ;http://www.youtube.com/@RezaMohseni;"Mosh jan, you should add WHY bloating the &quot;window&quot; let say or other objects with variables and functions is bad. watching your video, a novice would think, &quot;well, why would having access to data outside of a scope bad?!&quot;, which is a valid and good question. Otherwise, a very nice video, thanks :)";"Mosh jan, you should add WHY bloating the ""window"" let say or other objects with variables and functions is bad. watching your video, a novice would think, ""well, why would having access to data outside of a scope bad?!"", which is a valid and good question. Otherwise, a very nice video, thanks :)";5;0
UgzM6OhDeY2V73w00Px4AaABAg;None;XgSjoHgy3Rk;@SuperMauriceWilliams;UCFHhVtjccO1Ot_QgpVBEBqA;http://www.youtube.com/@SuperMauriceWilliams;This video taught me that Var and Let will make the code behave differently sometimes. Thanks!;This video taught me that Var and Let will make the code behave differently sometimes. Thanks!;0;0
Ugy72E8sejaIG7lTrd14AaABAg;None;XgSjoHgy3Rk;@hardik.motwani;UCLkdSFX_5_zqE2lutdSkwYw;http://www.youtube.com/@hardik.motwani;The best explanation of let and var keyword so far, Thanks;The best explanation of let and var keyword so far, Thanks;1;0
Ugzku1mVKpc7PLVpKah4AaABAg;None;XgSjoHgy3Rk;@frankvee;UCGAztRBl5bFNfY1VEpzWwHQ;http://www.youtube.com/@frankvee;"CONST is a &#39;variable&#39; that cannot be changed. It is a CONSTant. This is useful as a control so that you don&#39;t inadvertently make a change to a variable. You can define all your variables as CONST and change them as needed if you find you do need to update them.";CONST is a 'variable' that cannot be changed. It is a CONSTant. This is useful as a control so that you don't inadvertently make a change to a variable. You can define all your variables as CONST and change them as needed if you find you do need to update them.;9;1
UgxwDklBHGvqcQ-JDWZ4AaABAg;None;XgSjoHgy3Rk;@pranjalijambhule6729;UCISvDFExd8CSJPlnqdqjQcw;http://www.youtube.com/@pranjalijambhule6729;I was searching everywhere to understand the difference and finally found this video. Really helpful! Thanks for making this video. :D;I was searching everywhere to understand the difference and finally found this video. Really helpful! Thanks for making this video. :D;1;0
UgxHIJa3DxBjb-voKyp4AaABAg;None;XgSjoHgy3Rk;@human151;UCTClzEjMaNWFXVn2t-f705A;http://www.youtube.com/@human151;I bought his js course recently.   I’ve tried several courses and can honestly say this is one of the best.<br><br>His explanations are very clear, for the most part.  I love his explanations and upbeat attitude.   <br><br>I just wish there was some way to ask questions.   There is no area for that on teachable, as there is on Udemy.;"I bought his js course recently.   I’ve tried several courses and can honestly say this is one of the best.

His explanations are very clear, for the most part.  I love his explanations and upbeat attitude.   

I just wish there was some way to ask questions.   There is no area for that on teachable, as there is on Udemy.";13;3
UgxHa00gjksCnX-dkrJ4AaABAg;None;XgSjoHgy3Rk;@samithakulatilaka;UC6xvrcyOH0gB7Ou9hLYAIVA;http://www.youtube.com/@samithakulatilaka;A great and simple explanation of var vs. let. Thank you Mosh.;A great and simple explanation of var vs. let. Thank you Mosh.;0;0
Ugwe5jnKk4HPNN8gKvp4AaABAg;None;XgSjoHgy3Rk;@driassasofiane2839;UCHLo2t7_r0JyVnU_cjIW9ag;http://www.youtube.com/@driassasofiane2839;i was not good at all in the variables but now im proud of myself thank MR mosh;i was not good at all in the variables but now im proud of myself thank MR mosh;0;0
UgwuWduG1fc6bk69eL14AaABAg;None;XgSjoHgy3Rk;@dijiflex;UCa1DUsXnHZj4aABh5Lj54lQ;http://www.youtube.com/@dijiflex;Clear and straight to the point;Clear and straight to the point;0;0
Ugwj2dllTkMeVqHjRtB4AaABAg;None;XgSjoHgy3Rk;@SimarpreetKaur-er1dw;UCDP6OLGI5yx900zNfs8hohA;http://www.youtube.com/@SimarpreetKaur-er1dw;let variables cannot be read/written until they have been fully initialized, which happens when they are declared (if no initial value is specified on declaration, the variable is initialized with a value of undefined).<br>This differs from var variables, which will return a value of undefined if they are accessed before they are declared.;"let variables cannot be read/written until they have been fully initialized, which happens when they are declared (if no initial value is specified on declaration, the variable is initialized with a value of undefined).
This differs from var variables, which will return a value of undefined if they are accessed before they are declared.";0;0
Ugx7tbU-jJSwaTctbYB4AaABAg;None;XgSjoHgy3Rk;@blub579;UCXB_yXb8VrbP2J9wKSmc9cA;http://www.youtube.com/@blub579;Packed with information, but short and concise. great video;Packed with information, but short and concise. great video;0;0
UgzkvHS8eKHRPtMYRJt4AaABAg;None;XgSjoHgy3Rk;@berniecat8756;UC37iAmiZ7A-7VhkFIAJ72RA;http://www.youtube.com/@berniecat8756;Variables in Python also have the same scope as var in JS. I never thought of it as a real problem but I agree that it can sometimes result in bugs.;Variables in Python also have the same scope as var in JS. I never thought of it as a real problem but I agree that it can sometimes result in bugs.;6;1
UgzR5vZuquDcTvwuvFp4AaABAg;None;XgSjoHgy3Rk;@Markkkkkkkkkkkkkkkkk;UCVsEggtTV3nIwlJjKh3n1iw;http://www.youtube.com/@Markkkkkkkkkkkkkkkkk;"I know it is VERY confusing because var and let are EXTREMELY THE SAME<br>But they are a difference<br>That for example, var x=&quot;john&quot; ;<br>x is defined in your whole code, not only in this block<br>And you may change it depends on how you want and you can&#39;t use x in other functions <br><br>let x=&quot;John&quot;<br>Defines x only in your code block<br>And you can only make it work by putting the method for example console.log inside of the curly braces of the function they&#39;re in it";"I know it is VERY confusing because var and let are EXTREMELY THE SAME
But they are a difference
That for example, var x=""john"" ;
x is defined in your whole code, not only in this block
And you may change it depends on how you want and you can't use x in other functions 

let x=""John""
Defines x only in your code block
And you can only make it work by putting the method for example console.log inside of the curly braces of the function they're in it";2;0
UgwmCqyBjhGPv-DfCil4AaABAg;None;XgSjoHgy3Rk;@Shiva-zy7jq;UCWeoMqmE9FCM4_iQeZ9WZhQ;http://www.youtube.com/@Shiva-zy7jq;Thanks for this video. Finally understood the difference between var and let;Thanks for this video. Finally understood the difference between var and let;0;0
Ugx_quO7RVAVh9fxP-14AaABAg;None;XgSjoHgy3Rk;@maulikgevariya3059;UC39d6BX3JXmIZaq7LWRil5w;http://www.youtube.com/@maulikgevariya3059;Finally I understood the differance thanks Mosh !;Finally I understood the differance thanks Mosh !;0;0
UgxWY8oo5WADT2VO-Ox4AaABAg;None;XgSjoHgy3Rk;@rupamsutar9299;UC3DncZFQbG1uwMsQKQ-8QFQ;http://www.youtube.com/@rupamsutar9299;This was an indepth ans to the question.<br><br>Thanks Mosh ❤❤;"This was an indepth ans to the question.

Thanks Mosh ❤❤";0;0
Ugw_xUt6Plr5itzdEXt4AaABAg;None;XgSjoHgy3Rk;@iq0578;UCaB354TcepwRXnV-PqIpw_Q;http://www.youtube.com/@iq0578;"Very clear explanation, but I don&#39;t understand the why var is a problem at <a href=""https://www.youtube.com/watch?v=XgSjoHgy3Rk&amp;t=193"">3:13</a>";Very clear explanation, but I don't understand the why var is a problem at 3:13;1;0
UgzGDsyulXh55EaQhZx4AaABAg;None;XgSjoHgy3Rk;@braco0000;UCopAMv69hkrG7fvEc7iHrxg;http://www.youtube.com/@braco0000;"Seeing the examples it&#39;s all clear... We must NEVER  use var. Amazing how easy you make it look";Seeing the examples it's all clear... We must NEVER  use var. Amazing how easy you make it look;0;0
UgzzsFEsNKwnF84tcsV4AaABAg;None;XgSjoHgy3Rk;@evans_2103;UC8HCDkdbVDKBqfd0fJSh5iA;http://www.youtube.com/@evans_2103;The best explanation ever! Thank you very much!;The best explanation ever! Thank you very much!;0;0
UgyZSIJlHlf2qxBx0Il4AaABAg;None;XgSjoHgy3Rk;@priyamganguly;UCmBSmJv0Q3E07JP8TYR1dMQ;http://www.youtube.com/@priyamganguly;The reference point to the Window object is quite significant. It may cause leaks and overrides. Good thing to know.;The reference point to the Window object is quite significant. It may cause leaks and overrides. Good thing to know.;0;0
Ugwp7p4z7KIIHfqlIF54AaABAg;None;XgSjoHgy3Rk;@mudasirh1404;UCKydNfA0w4vPEp1x3PF7Ahg;http://www.youtube.com/@mudasirh1404;"const is also block-scoped, but It can&#39;t be reassigned. You can modify them but can&#39;t reassign them.";const is also block-scoped, but It can't be reassigned. You can modify them but can't reassign them.;0;0
UgyS4YCutWf_c07ZW6d4AaABAg;None;XgSjoHgy3Rk;@yuriaugusto1084;UCvAR6D9xYysFIfSP9-p92ng;http://www.youtube.com/@yuriaugusto1084;"After watching this and searching a lil bit, i think it&#39;s wrong to try to use let for everything, since var is function-scoped and let it&#39;s block-scoped so you should use both and not only one,  like two for inside of one you need to know the two loops indexs and using let you&#39;ll not have this information and not even any result outside of them which is  bad since we may need the result of others scope functions inside others functions, we don&#39;t have thoose &quot;problems&quot; using C# but i don&#39;t agree with using let in every situation, it may  give even more bugs than  just using var which is like most of the languages work which was what a lot of people were saying about let,  let should be only used when  you know that you&#39;ll not need that variable anymore outside of that situation,  btw  amazing tutorial, js it&#39;s preety cool. <br><br>global variables and function-scoped variables;";"After watching this and searching a lil bit, i think it's wrong to try to use let for everything, since var is function-scoped and let it's block-scoped so you should use both and not only one,  like two for inside of one you need to know the two loops indexs and using let you'll not have this information and not even any result outside of them which is  bad since we may need the result of others scope functions inside others functions, we don't have thoose ""problems"" using C# but i don't agree with using let in every situation, it may  give even more bugs than  just using var which is like most of the languages work which was what a lot of people were saying about let,  let should be only used when  you know that you'll not need that variable anymore outside of that situation,  btw  amazing tutorial, js it's preety cool. 

global variables and function-scoped variables;";0;0
Ugz_vy-xZkpiV5xY-Lt4AaABAg;None;XgSjoHgy3Rk;@techlightdev;UCcutUMCrGlRCr3d04FE-Ftg;http://www.youtube.com/@techlightdev;"Great tutorial, I&#39;ve more understand with it. Thank you";Great tutorial, I've more understand with it. Thank you;0;0
UgxMJAKaIZjH5dIoKih4AaABAg;None;XgSjoHgy3Rk;@theweb_developer;UCEir_MhpzA7NV0itqGHad3Q;http://www.youtube.com/@theweb_developer;Super helpful you explained it very well.;Super helpful you explained it very well.;0;0
UgzgELTUMp5g823toOd4AaABAg;None;XgSjoHgy3Rk;@manuelcasares7270;UC06JjgaWqDUfo4lh9Ksa_7w;http://www.youtube.com/@manuelcasares7270;"For some reason <br>var apple = &#39;apple&#39;;<br>console.log(window.apple)<br>throws undefined, like It is not attaching apple to the window object..";"For some reason 
var apple = 'apple';
console.log(window.apple)
throws undefined, like It is not attaching apple to the window object..";0;0
UgwFM7pYlbpJrA5PTQV4AaABAg;None;XgSjoHgy3Rk;@gautambedi591;UCrsqx56-vTPXGiuf4lim-ug;http://www.youtube.com/@gautambedi591;Mosh, You are the best man;Mosh, You are the best man;0;0
Ugw6xKNM35D4GDCuWdl4AaABAg;None;XgSjoHgy3Rk;@kicn;UC5glIGeotS2UOVukwPlbgeg;http://www.youtube.com/@kicn;What a wonderful way to explain. loved it.;What a wonderful way to explain. loved it.;0;0
UgzqgWiP5BnTuepB-_N4AaABAg;None;XgSjoHgy3Rk;@pranavpatil5849;UClnRz15U2z9TJElWx4W0xLQ;http://www.youtube.com/@pranavpatil5849;Sir can you please make a video on Closures in JS..;Sir can you please make a video on Closures in JS..;1;0
UgyZBynQCWhyrte8lIF4AaABAg;None;XgSjoHgy3Rk;@znoran;UCBW-zduSvx15-P0-EE7GOvA;http://www.youtube.com/@znoran;Very good and clear explaination my friend!!;Very good and clear explaination my friend!!;0;0
UgxnmIUY5cF0g_3_Nat4AaABAg;None;XgSjoHgy3Rk;@OfoeNelson;UC1zrf-UGM5C0eNAZAsst75w;http://www.youtube.com/@OfoeNelson;Great video but it would have been nice to have it numbered since it appears to be part of a series.;Great video but it would have been nice to have it numbered since it appears to be part of a series.;0;0
UgyFNF0cH_BA3XmO2EJ4AaABAg;None;XgSjoHgy3Rk;@kevinjaypatel;UCioRN2InKTHmi8ATPxQJL0Q;http://www.youtube.com/@kevinjaypatel;first time watching your video, great explanation! Thank you for your help!;first time watching your video, great explanation! Thank you for your help!;0;0
UgwN8H08FLcpLswju3t4AaABAg;None;XgSjoHgy3Rk;@petrchutny;UCBztt-Otteq_1OskEKS5PUA;http://www.youtube.com/@petrchutny;Thanks Mosh!;Thanks Mosh!;0;0
Ugy8yyr5OU2tWYxXmTx4AaABAg;None;XgSjoHgy3Rk;@bleyGoldstain;UCZiRVn3CFrerxHMKYf-2h1A;http://www.youtube.com/@bleyGoldstain;great explanation;great explanation;0;0
UgyudFEcgGe-mtdevuZ4AaABAg;None;XgSjoHgy3Rk;@prashanttiwari120;UCaG2ZbD2TXnc-D3YRggpo1w;http://www.youtube.com/@prashanttiwari120;Hi Mosh please make tutorial on spring boot and especially spring security .It will be very useful for lots of people , especially of you are doing :);Hi Mosh please make tutorial on spring boot and especially spring security .It will be very useful for lots of people , especially of you are doing :);0;0
UgxqIaOv7dSft8xjIjt4AaABAg;None;XgSjoHgy3Rk;@InfiniteWorld1-e2r;UC9CSqFZ2dA0-YIYQ1sWvALg;http://www.youtube.com/@InfiniteWorld1-e2r;helpful information thank you;helpful information thank you;0;0
UgxNPSYpTdbs339h8gp4AaABAg;None;XgSjoHgy3Rk;@sumonchandrashil8406;UCAdEy9gNJ0qcgGa9il2nsAA;http://www.youtube.com/@sumonchandrashil8406;Awesome. I understood very well.;Awesome. I understood very well.;0;0
UgxPmRhXD85L1jhBSjh4AaABAg;None;XgSjoHgy3Rk;@jerryrobinson958;UCm34hbmS8BujViBl2ezb92A;http://www.youtube.com/@jerryrobinson958;This video was well done.  Mosh, you tha man;This video was well done.  Mosh, you tha man;0;0
UgyJ_apn4QI0E6OhTXZ4AaABAg;None;XgSjoHgy3Rk;@eduardohernandez552;UCS6_09ziobIDRpYIUTS3Nig;http://www.youtube.com/@eduardohernandez552;Really good tutorials!! You should make some courses on udemy! Thank you very much;Really good tutorials!! You should make some courses on udemy! Thank you very much;1;0
UgwrfioNQqkmfLnUpgJ4AaABAg;None;XgSjoHgy3Rk;@dodgersv3;UCWxIe-8RYvCswnxxa7MSZiA;http://www.youtube.com/@dodgersv3;You are awesome Mosh!!!;You are awesome Mosh!!!;0;0
UgwOdQ9PifDtkUOxYch4AaABAg;None;XgSjoHgy3Rk;@ga7853;UCIIjvsrKTQxx0wcaMSZAoQQ;http://www.youtube.com/@ga7853;Thank you so much, that was crystal clear.;Thank you so much, that was crystal clear.;0;0
UgxOdYjpHBnjUkU9ZWN4AaABAg;None;XgSjoHgy3Rk;@naveedurrehman2931;UCb0rAq2aCFDp60P5cPUoSSg;http://www.youtube.com/@naveedurrehman2931;love it SIr thank you;love it SIr thank you;0;0
Ugz3y2XPxxNVxc9ArAx4AaABAg;None;XgSjoHgy3Rk;@bigbadcatbigbcy2933;UCy16D9TzbQqq3kQwOr24wCA;http://www.youtube.com/@bigbadcatbigbcy2933;"<a href=""https://www.youtube.com/watch?v=XgSjoHgy3Rk&amp;t=215"">3:35</a> I dont know why is that a problem. I mean I know when the codes get complex it will be hard to manage the window stuff but sometimes if it&#39;s neccesary to use it, it can be used in my opinion";3:35 I dont know why is that a problem. I mean I know when the codes get complex it will be hard to manage the window stuff but sometimes if it's neccesary to use it, it can be used in my opinion;0;0
UgyHhBPQsWQlPkoEScB4AaABAg;None;XgSjoHgy3Rk;@siddharthashankarbarik6370;UCJPDWx6vuq0E4clzLDJD8yw;http://www.youtube.com/@siddharthashankarbarik6370;nice explanation ..;nice explanation ..;0;0
Ugx8RjgAUVPz_V5DYPt4AaABAg;None;XgSjoHgy3Rk;@iftikharulmulk4405;UCNFjlNimf9G1-v1XJzKZ5Qw;http://www.youtube.com/@iftikharulmulk4405;Marvelous bro marvelous;Marvelous bro marvelous;0;0
Ugwz7PBwJHwgJn6Hv3h4AaABAg;None;XgSjoHgy3Rk;@tochachochi;UCVFff_e-lHBVuTgVUgYlBnA;http://www.youtube.com/@tochachochi;Great content loko. I subscribed by the 3rd video.;Great content loko. I subscribed by the 3rd video.;0;0
UgxYIGl1JUdkww3bOgZ4AaABAg;None;jpegXpQpb3o;@KanecoV;UC6DdfZ5SeLARukX97bijniA;http://www.youtube.com/@KanecoV;This is a good and clear lesson but I feel like you missed the encapsulation aspect of factory functions and how you can theoretically make methods and attributes private with it. That was the explanation I was looking for after reading some articles about it.;This is a good and clear lesson but I feel like you missed the encapsulation aspect of factory functions and how you can theoretically make methods and attributes private with it. That was the explanation I was looking for after reading some articles about it.;16;0
Ugwv8cWgwMUp94yrH7x4AaABAg;None;jpegXpQpb3o;@yummyjackalmeat;UCA4bdtIYZFZ-b35WdyNnqCw;http://www.youtube.com/@yummyjackalmeat;"Thanks I was a little stuck, this video helped it click. A few other videos I checked out weren&#39;t really explaining it simple enough. THANKS!";Thanks I was a little stuck, this video helped it click. A few other videos I checked out weren't really explaining it simple enough. THANKS!;1;0
UgxUG2hq0DdEfv_fV9h4AaABAg;None;jpegXpQpb3o;@kylehofmeister6906;UCTcLLSGT9a5DKn4u5LvHK9g;http://www.youtube.com/@kylehofmeister6906;"Very good explanation! As a guy who learned C++ now learning web development, I was trying to do OOP the way you would in C++ but I couldn&#39;t figure out how the JSON data I was working with have a variable named &#39;shoulder-length&#39;. You can&#39;t use a hyphen in Classes... Found this video and immediately understood what was going on! I had never heard of factory functions.";Very good explanation! As a guy who learned C++ now learning web development, I was trying to do OOP the way you would in C++ but I couldn't figure out how the JSON data I was working with have a variable named 'shoulder-length'. You can't use a hyphen in Classes... Found this video and immediately understood what was going on! I had never heard of factory functions.;3;2
Ugy84tnsCxcKex9c5zh4AaABAg;None;jpegXpQpb3o;@randerins;UCuVC8E08mHDXOYkPYUjx3rg;http://www.youtube.com/@randerins;Simple and intuitive. Great lesson!;Simple and intuitive. Great lesson!;1;0
UgwrlBuc9S1MKRwqoYl4AaABAg;None;jpegXpQpb3o;@kengthe5949;UCL2B45cF_WKLVlsx3M7Q42w;http://www.youtube.com/@kengthe5949;"it&#39;s  so useful, thanks for great teaching!";it's  so useful, thanks for great teaching!;1;0
Ugyidv5O9klyYJW8wGx4AaABAg;None;jpegXpQpb3o;@elora2334;UCQfpgvqgiZUTB_qzpAZBbUw;http://www.youtube.com/@elora2334;Thanks, easy to understand even for non english speaking !;Thanks, easy to understand even for non english speaking !;0;0
UgyQBIXHtfVcSjyk7uV4AaABAg;None;jpegXpQpb3o;@sureshmg6786;UCn5VhL6vrfXq9yz_mz1-x7A;http://www.youtube.com/@sureshmg6786;Explained very well!!;Explained very well!!;1;0
Ugw3vlNf9KRVK1qDTzl4AaABAg;None;jpegXpQpb3o;@AneciaGrey-x3c5d;UCh8nc5CqbwkoeC3hUpIK08w;http://www.youtube.com/@AneciaGrey-x3c5d;Right. Tx. Measures 4.9 *;Right. Tx. Measures 4.9 *;0;0
UgyZ3WzuYuyvH3aQLs14AaABAg;None;jpegXpQpb3o;@goer_basics6262;UCd0WYMMp0hiT9tRRg76npEw;http://www.youtube.com/@goer_basics6262;Previous video in playlist was not about how to create an Objekt and this video I cannot understand because it is abut another Thema 😅;Previous video in playlist was not about how to create an Objekt and this video I cannot understand because it is abut another Thema 😅;0;0
UgyZi8UpHCloCkeg6SF4AaABAg;None;jpegXpQpb3o;@richochet;UCBICN_RIUg6FeINZBZfklsg;http://www.youtube.com/@richochet;"Brilliant! Can I ask why you removed the &quot;location&quot; parameter, I thought that would have been needed?";"Brilliant! Can I ask why you removed the ""location"" parameter, I thought that would have been needed?";1;0
UgyGeUNKJYQYQHzraCp4AaABAg;None;jpegXpQpb3o;@mritunjay7065;UC40btCAck8l5JOAB0OhFWKQ;http://www.youtube.com/@mritunjay7065;simple explanation, Great !;simple explanation, Great !;0;0
UgzsPXvtdnpIQHSWI154AaABAg;None;jpegXpQpb3o;@Agamista379;UCr8IGoCU_ezb71cxl3KwI0Q;http://www.youtube.com/@Agamista379;great way of teaching, loved it;great way of teaching, loved it;0;0
Ugw1tNtRYeo0l70exxx4AaABAg;None;jpegXpQpb3o;@thangaraj4860;UCrlPRDn3IhhpJKH75kcPzYg;http://www.youtube.com/@thangaraj4860;I like the constructor function;I like the constructor function;3;1
UgyxWBhKmTA-QZrTcZN4AaABAg;None;jpegXpQpb3o;@joshel4278;UCD65P3b3jcUW6HVLI_CubcA;http://www.youtube.com/@joshel4278;"I&#39;ve seen this video and the next one,I wanna ask is there an actual advantage that each of them have over the other?";I've seen this video and the next one,I wanna ask is there an actual advantage that each of them have over the other?;0;0
UgxZribWVfV3ieiXQ5N4AaABAg;None;jpegXpQpb3o;@havetocheckhavetocheck1761;UC0U2RFTdHnWxEPIBHaVC1yA;http://www.youtube.com/@havetocheckhavetocheck1761;hi, factory pattern is all about creating new instances for different classes in a single method. In this video, you are creating regular functions. Are you sure that this is the right way?;hi, factory pattern is all about creating new instances for different classes in a single method. In this video, you are creating regular functions. Are you sure that this is the right way?;1;2
Ugz2fCFIrBxcPzOeV6d4AaABAg;None;jpegXpQpb3o;@eunito9447;UCD_RrMh-hkjEqY1sxv9MXdA;http://www.youtube.com/@eunito9447;Hi! What would you recommend? Factory method or class factory???;Hi! What would you recommend? Factory method or class factory???;0;0
UgwKK-BqgPPA2JPadxJ4AaABAg;None;jpegXpQpb3o;@___vijay___;UCuu9UbxRezzmxTaoOndrVew;http://www.youtube.com/@___vijay___;what do you use?<br>constructor or factory...;"what do you use?
constructor or factory...";0;0
UgwreNfuXd6hSuEeiZx4AaABAg;None;jpegXpQpb3o;@lowercaseguy3578;UChJmbPRsNX0L2ApYh5C0kjg;http://www.youtube.com/@lowercaseguy3578;Hey, factory function is similar to C programing ..... Ryt;Hey, factory function is similar to C programing ..... Ryt;0;0
UgzDg4AcV21kcj0Uqjx4AaABAg;None;jpegXpQpb3o;@Code_Lover123;UCVz7fY195-sgMhlCGPbfMeA;http://www.youtube.com/@Code_Lover123;great;great;0;0
Ugyn69UN-Qib5ZRmPGl4AaABAg;None;jpegXpQpb3o;@eryntodd;UC4YZWYcdY5d7D5cUuXDbqNA;http://www.youtube.com/@eryntodd;"Thank you for this video! If anyone could help me though; I understand the javascript code in this video and I understand JS is a scripting language as to why it&#39;s in the console. But what is this code drawing? Is it drawing a circle on the screen? Or I guess my question is... where is the circle going to be at?";"Thank you for this video! If anyone could help me though; I understand the javascript code in this video and I understand JS is a scripting language as to why it's in the console. But what is this code drawing? Is it drawing a circle on the screen? Or I guess my question is... where is the circle going to be at?";0;1
UgxlstuBtRDPHB1m86B4AaABAg;None;jpegXpQpb3o;@aswink1505;UCRy3ZPTuAPZP0vUQBAbEPBQ;http://www.youtube.com/@aswink1505;"Hi Mosh, thanks for great videos. I have a question regarding methods. Is the method &#39;draw&#39; in the above example duplicated on every object creation or is it created on the prototype? If it is duplicated for every object, then why should I favor factory functions?";Hi Mosh, thanks for great videos. I have a question regarding methods. Is the method 'draw' in the above example duplicated on every object creation or is it created on the prototype? If it is duplicated for every object, then why should I favor factory functions?;1;2
UgyWPegOKnPem5DuPvx4AaABAg;None;jpegXpQpb3o;@AndWhatNotFreeVideos;UC0SbhLF5AAnMBDtLvnEi9TQ;http://www.youtube.com/@AndWhatNotFreeVideos;"Hi there, by declaring:  function createCircle() { .... } aren&#39;t you attaching your function to the main Window and as I recall you  said that is BAD PRACTICE? since this can create problems with your script if using libraries... or so...?";Hi there, by declaring:  function createCircle() { .... } aren't you attaching your function to the main Window and as I recall you  said that is BAD PRACTICE? since this can create problems with your script if using libraries... or so...?;0;0
Ugy2YNOhHYAtIUd1I-B4AaABAg;None;jpegXpQpb3o;@jellene4eva;UCPJMlJTTPdwsHOSxhC5o6QA;http://www.youtube.com/@jellene4eva;Seems the same as initiating a class with constructor. Factory as a name always throws me off.;Seems the same as initiating a class with constructor. Factory as a name always throws me off.;0;0
UgzA_yheoAMSV38uad94AaABAg;None;jpegXpQpb3o;@AcidHouse99;UCBOoAf1r3171PykXTwVj5MA;http://www.youtube.com/@AcidHouse99;"Hi Mosh, great video! <br>Query: how do you add methods from OUDSIDE the function? Following your example in the video, I have used the below for both factory and constructor functions and it works, but I wonder if there is another way specifically for factory functions?<br><br><br>circle1.anotherDraw = function() {<br>  console.log(&#39;Adding a new method&#39;);<br>}<br><br>circle1.anotherDraw();";"Hi Mosh, great video! 
Query: how do you add methods from OUDSIDE the function? Following your example in the video, I have used the below for both factory and constructor functions and it works, but I wonder if there is another way specifically for factory functions?


circle1.anotherDraw = function() {
  console.log('Adding a new method');
}

circle1.anotherDraw();";1;0
UgzOI-sS8netJCVhqWZ4AaABAg;None;jpegXpQpb3o;@timtech9361;UCEGsgV1RkK3A83yVaY09eXA;http://www.youtube.com/@timtech9361;Then classes came out in JS and built everything into one super method lmaoo;Then classes came out in JS and built everything into one super method lmaoo;0;0
Ugy1u9hD2yeobqQYXN54AaABAg;None;jpegXpQpb3o;@joeyng1282;UCUPI3RE5RVPvLdoOVb7v4ng;http://www.youtube.com/@joeyng1282;How do we call the location property? Within it, there are two sub properties (x, y) too.;How do we call the location property? Within it, there are two sub properties (x, y) too.;0;2
Ugxvsq-PXkLVlHgPHZl4AaABAg;None;jpegXpQpb3o;@priyamganguly;UCmBSmJv0Q3E07JP8TYR1dMQ;http://www.youtube.com/@priyamganguly;"Has anyone noticed one thing? When you call<br><br>createCircle(1).draw();<br><br>though, it prints the message &#39;draw&#39;, the type of the draw() function returned in the browser console is &#39;undefined&#39;. Why is it? Should it not be &#39;function&#39;? Please explain why.";"Has anyone noticed one thing? When you call

createCircle(1).draw();

though, it prints the message 'draw', the type of the draw() function returned in the browser console is 'undefined'. Why is it? Should it not be 'function'? Please explain why.";2;5
UgxnkZgoeer6PEZnfI54AaABAg;None;jpegXpQpb3o;@yonzont;UCbG4W-JutI0DbCvlFWEJyeg;http://www.youtube.com/@yonzont;I thought the return would end the statement or function there at the top, isnt that how it was supposed to work ?;I thought the return would end the statement or function there at the top, isnt that how it was supposed to work ?;1;0
UgzdlGPqs_5QY48Lhtx4AaABAg;None;jpegXpQpb3o;@this.channel;UCLQNBfefReJ2vDKR5b83I2g;http://www.youtube.com/@this.channel;How is this different to a regular function?;How is this different to a regular function?;1;2
UgxJ_XP5wYK_8NTZbGV4AaABAg;None;jpegXpQpb3o;@kelvinzhao4960;UCeDJJy9_AsVVdEmvRuTl9rg;http://www.youtube.com/@kelvinzhao4960;"isn&#39;t the draw function duplicated for each object this way?";isn't the draw function duplicated for each object this way?;0;1
UgzzMTnkkSSsgehA8K14AaABAg;None;jpegXpQpb3o;@Ali-lm7uw;UC9IkHcstnAlmFUu3v2hrXBw;http://www.youtube.com/@Ali-lm7uw;it is just confusing.;it is just confusing.;1;0
UgzIjACBhPhnc3SKinR4AaABAg;None;jpegXpQpb3o;@nuttygold5952;UCzMSU7LCaNV2eEtJJJ2VB_Q;http://www.youtube.com/@nuttygold5952;This tutorial could have been 2 minutes long;This tutorial could have been 2 minutes long;5;2
UgwnaWfLe0r7r2wvy_B4AaABAg;None;jpegXpQpb3o;@tyresew.4233;UCWXT5SSQhHw8vhONJ3wKv6A;http://www.youtube.com/@tyresew.4233;bORING!;bORING!;1;1
UgzlZJAQmqqqZrU7AHt4AaABAg;None;OeEHJgzqS1k;@programmingwithmosh;UCWv7vMbMWH4-V0ZXdmDpPBA;http://www.youtube.com/@programmingwithmosh;"📕Download the FREE roadmap PDF here: <a href=""https://mosh.link/backend-roadmap"">https://mosh.link/backend-roadmap</a><br>👍Subscribe for more useful videos: <a href=""https://goo.gl/6PYaGF"">https://goo.gl/6PYaGF</a>";"📕Download the FREE roadmap PDF here: https://mosh.link/backend-roadmap
👍Subscribe for more useful videos: https://goo.gl/6PYaGF";51;10
UgxuJ_RDAP448hd3Ldt4AaABAg;None;OeEHJgzqS1k;@DevMarvelee;UCEVqxovzHwMLpcRg_IzS2Tw;http://www.youtube.com/@DevMarvelee;"I am always intrigued whenever I see Mosh latest video 😄. He&#39;d breakdown everything into understandable units 👌🤓.";I am always intrigued whenever I see Mosh latest video 😄. He'd breakdown everything into understandable units 👌🤓.;60;1
UgzZhVROIzc-Jv6bOYF4AaABAg;None;OeEHJgzqS1k;@allyx_dev;UCV8h8c__HmTpnXgln1TGMzQ;http://www.youtube.com/@allyx_dev;"PHP is love, you can&#39;t skip it so please make the entire video again where PHP should be the first one 😂😂😂";PHP is love, you can't skip it so please make the entire video again where PHP should be the first one 😂😂😂;48;1
Ugw-mN3RT-2V-mp8Cst4AaABAg;None;OeEHJgzqS1k;@programmingwithmosh;UCWv7vMbMWH4-V0ZXdmDpPBA;http://www.youtube.com/@programmingwithmosh;Folks, no hate toward PHP! Just forgot to mention it.;Folks, no hate toward PHP! Just forgot to mention it.;329;12
UgxbbVX90xwSrbQx6MR4AaABAg;None;OeEHJgzqS1k;@celestialbeing4767;UCCeqZLzW0MkecE2-OFWOVjw;http://www.youtube.com/@celestialbeing4767;"Perfect roadmap, a major one for me was picking a single language and learning their Libraries soundly. Picking up other languages comes much later after you&#39;ve master one. The temptation is to pick up several languages. Cause you wanna be &quot;Polyglot&quot;. However it doesn&#39;t work that way. That map is chaotic and disconcerting, especially if your a beginner, upstart. Commit to a single language. The rest of the presentation on point.";"Perfect roadmap, a major one for me was picking a single language and learning their Libraries soundly. Picking up other languages comes much later after you've master one. The temptation is to pick up several languages. Cause you wanna be ""Polyglot"". However it doesn't work that way. That map is chaotic and disconcerting, especially if your a beginner, upstart. Commit to a single language. The rest of the presentation on point.";25;0
Ugw-LL7IHWlJO8kjJ8B4AaABAg;None;OeEHJgzqS1k;@launar463;UCQo4UorkKUuIwxnTTpDgXVw;http://www.youtube.com/@launar463;"This is the most comprehensive video I&#39;ve seen about backend development. Thank you for your service.";This is the most comprehensive video I've seen about backend development. Thank you for your service.;45;0
UgyYL0fK5kfaNSc9lZB4AaABAg;None;OeEHJgzqS1k;@MrGuardianX;UC9Xed-FBNq2iWxY1k37hFLA;http://www.youtube.com/@MrGuardianX;This is unfortunately too shallow. Often server developer is expected to know Linux, monitoring systems, some orchestration frameworks, caching, know how to solve splitbrain on production, excellent knowledge in concurrency etc etc.;This is unfortunately too shallow. Often server developer is expected to know Linux, monitoring systems, some orchestration frameworks, caching, know how to solve splitbrain on production, excellent knowledge in concurrency etc etc.;16;0
Ugwq898HpDDXATg3xFp4AaABAg;None;OeEHJgzqS1k;@andresvodopivec5950;UClambPe1ErhKHTIgd8g8lBw;http://www.youtube.com/@andresvodopivec5950;Cloud computing is a must. Dev ops is a must, at least basic understanding. Please make a course about that;Cloud computing is a must. Dev ops is a must, at least basic understanding. Please make a course about that;4;0
Ugz5tMneRoHdgW-w2nB4AaABAg;None;OeEHJgzqS1k;@mistersir3185;UCheH3vbiXzo54PvS7XlYVHQ;http://www.youtube.com/@mistersir3185;Mosh can never miss, we ask and you deliver. So much to admire about Mosh. My day has been made!!! God bless☺🙏;Mosh can never miss, we ask and you deliver. So much to admire about Mosh. My day has been made!!! God bless☺🙏;20;0
Ugzt7iT-2FM3xNf4dIt4AaABAg;None;OeEHJgzqS1k;@wakeupreality145;UCB4ZuAkYO6NGy2KzcPoIQuA;http://www.youtube.com/@wakeupreality145;"I&#39;m from Somalia,your vedios is absolutely simple and understandable";I'm from Somalia,your vedios is absolutely simple and understandable;8;3
Ugy-6DI_B4Kh4Y_ojSZ4AaABAg;None;OeEHJgzqS1k;@CustAndCode;UCOX5mshFHpU_HSTdxEM8H8w;http://www.youtube.com/@CustAndCode;you can pick ABAP as well for backend ☺;you can pick ABAP as well for backend ☺;2;0
Ugx4mwuf7sBp2X25kal4AaABAg;None;OeEHJgzqS1k;@AbdussalamAdel;UCr2pVZzL1FEREAD2kOVe0RQ;http://www.youtube.com/@AbdussalamAdel;شُكرًا على الدبلجة❤.;شُكرًا على الدبلجة❤.;3;0
Ugw7U9FKJm-MbYJHcvl4AaABAg;None;OeEHJgzqS1k;@Epicchronicles100;UCyUj67oQilCUk0f8KOg52EA;http://www.youtube.com/@Epicchronicles100;Pls create an app for your courses,you are better than these other platforms ❤;Pls create an app for your courses,you are better than these other platforms ❤;1;0
UgwTFMzUXETTtoNwMLJ4AaABAg;None;OeEHJgzqS1k;@brownrhythms;UCsqZvpYjM65ZEwfBKx-E5bg;http://www.youtube.com/@brownrhythms;"One thing to consider is what do you ultimately want your role to be. If you want to be a software developer/engineer, then you aren&#39;t really deep diving into JavaScript as much as you will want other languages for building desktop applications and services. I still say HTML, CSS, JS with React, Java Spring Boot, and MySQL is the easiest pathway for job security.";One thing to consider is what do you ultimately want your role to be. If you want to be a software developer/engineer, then you aren't really deep diving into JavaScript as much as you will want other languages for building desktop applications and services. I still say HTML, CSS, JS with React, Java Spring Boot, and MySQL is the easiest pathway for job security.;2;1
Ugyk8Bngrvlv6v1FmAB4AaABAg;None;OeEHJgzqS1k;@ebrahimmehri;UC7DTYXBirTiqGTqmpVjsOPA;http://www.youtube.com/@ebrahimmehri;"Excellent! I&#39;m a professional Youtube uploader myself and I&#39;m quite aware how difficult it is to make a single video. Bravo! Keep up the good work.";Excellent! I'm a professional Youtube uploader myself and I'm quite aware how difficult it is to make a single video. Bravo! Keep up the good work.;1;0
UgyYvBkLTophPUmovZh4AaABAg;None;OeEHJgzqS1k;@hasnaouiacademy7899;UCb-Udy9n5u5WA49OmBEnYsQ;http://www.youtube.com/@hasnaouiacademy7899;"My suggested roadmap:<br><br>1. Solve 1k-2k problems in C++ or Java then master algorithms and data structures.<br>2. Master on databases using SQL.<br>3. Learn C# and build a desktop project or two.<br>4. Learn API.<br><br>Now you&#39;re a strong backend developer, next is frontend:<br><br>5. Learn HTML, CSS, JS, and choose either React (recommended) or Angular.<br><br>After landing an entry-level full stack job, you&#39;ll have infinite learning opportunities. Don&#39;t worry! 😅";"My suggested roadmap:

1. Solve 1k-2k problems in C++ or Java then master algorithms and data structures.
2. Master on databases using SQL.
3. Learn C# and build a desktop project or two.
4. Learn API.

Now you're a strong backend developer, next is frontend:

5. Learn HTML, CSS, JS, and choose either React (recommended) or Angular.

After landing an entry-level full stack job, you'll have infinite learning opportunities. Don't worry! 😅";65;5
Ugz3MCXV4gaVgwwhTNZ4AaABAg;None;OeEHJgzqS1k;@tomaslopez8247;UCZyr70cPZfE81mDPDLnVBjA;http://www.youtube.com/@tomaslopez8247;Excelente video, mañana mismo voy a empezar a aprender C#. Deséenme suerte, la voy a necesitar.;Excelente video, mañana mismo voy a empezar a aprender C#. Deséenme suerte, la voy a necesitar.;4;2
UgyDUA-X3Wvs88mfDTR4AaABAg;None;OeEHJgzqS1k;@MohammedHasmi577;UCmUQC7zxSRIznCizcHyoLrg;http://www.youtube.com/@MohammedHasmi577;Love u sir from India your python 6 hour course is just 🔥🔥;Love u sir from India your python 6 hour course is just 🔥🔥;2;0
Ugyj9_soW-S3Vs1gL5t4AaABAg;None;OeEHJgzqS1k;@codewithasna;UCsS92Eb9aH1OX2z9t0q1vRQ;http://www.youtube.com/@codewithasna;You Rock Man!... Perfect as usual. Thanks.;You Rock Man!... Perfect as usual. Thanks.;20;0
Ugw6lqP2bYKek4dPZPt4AaABAg;None;OeEHJgzqS1k;@UChmn;UCKxi9lcb2Ukos0GZ7a49h3A;http://www.youtube.com/@UChmn;PHP left the chat;PHP left the chat;142;3
UgwukbFpXO2PGQTMoTx4AaABAg;None;OeEHJgzqS1k;@robel_asefa;UCYTuWPBNYb0xWXP6ohNUiOg;http://www.youtube.com/@robel_asefa;"I love starting Mosh&#39;s videos with a &quot;Like&quot; because I know I&#39;m going to enjoy them! His content is always top-notch! 🥰🥰 Looking forward to the next one! 😊";"I love starting Mosh's videos with a ""Like"" because I know I'm going to enjoy them! His content is always top-notch! 🥰🥰 Looking forward to the next one! 😊";1;0
UgxCVMMPJCybZT9BMmt4AaABAg;None;OeEHJgzqS1k;@cramaka;UClUsygakHboFlCgQYDXdySg;http://www.youtube.com/@cramaka;Thank you, finally something I understand and can use;Thank you, finally something I understand and can use;1;0
UgyWgJqxPmEJ7M2I_9x4AaABAg;None;OeEHJgzqS1k;@abdurrehman-swe;UCAFVPlOa-KoGmcw2HXYi-ZQ;http://www.youtube.com/@abdurrehman-swe;One of the best road map video;One of the best road map video;1;0
UgwAJvcY8IL4o-FZFvR4AaABAg;None;OeEHJgzqS1k;@Fadhelalmalki;UClpRZox2r5EzmZQwWZUlDHw;http://www.youtube.com/@Fadhelalmalki;أووووف يشيخ لو تخلي دوراتك بالعربي وتخلي كمان سعرها رخيص زي دورات يوديمي كان اصير اشترك معك;أووووف يشيخ لو تخلي دوراتك بالعربي وتخلي كمان سعرها رخيص زي دورات يوديمي كان اصير اشترك معك;1;0
Ugxjf4ZhWg1ft2xYnJd4AaABAg;None;OeEHJgzqS1k;@cemkaya4448;UCJPmzvF4EKXD2FXHh9zOw5Q;http://www.youtube.com/@cemkaya4448;Thanks for the roadmap. I would like to see another one for full stack;Thanks for the roadmap. I would like to see another one for full stack;1;0
Ugx0lOXJPpc4jDOHRU94AaABAg;None;OeEHJgzqS1k;@NogbouEmmanuelASSAMOI-ic8fl;UCMUXkppLTIZQABdAa-sVpZQ;http://www.youtube.com/@NogbouEmmanuelASSAMOI-ic8fl;"You&#39;re the best teacher of the world🎉🎉<br>🎉❤";"You're the best teacher of the world🎉🎉
🎉❤";0;0
UgzL2br2RUay53IWwgJ4AaABAg;None;OeEHJgzqS1k;@Arasher-ko2jq;UCnak3uLscYL2fmjdcHCpRTw;http://www.youtube.com/@Arasher-ko2jq;Mosh I have been watching your videos for a while and honestly you’re the best.lots of love from Iran.;Mosh I have been watching your videos for a while and honestly you’re the best.lots of love from Iran.;0;0
UgwutPw7iJLWL4rS5Kd4AaABAg;None;OeEHJgzqS1k;@MadhuSudhan-um2lm;UCzOlivrxhfOEj1W6JqNVyrQ;http://www.youtube.com/@MadhuSudhan-um2lm;Excellent sir please send Spring Boot course fast...;Excellent sir please send Spring Boot course fast...;2;0
UgyzAe7Pk4J213m8mYt4AaABAg;None;OeEHJgzqS1k;@ZajoSTi;UCI5Edp8wLVlB-Jx2LuncwcQ;http://www.youtube.com/@ZajoSTi;Less job opportunities = less demand = less supply of developers = higher changes to get hired.;Less job opportunities = less demand = less supply of developers = higher changes to get hired.;7;0
Ugxl3M9yZDmzf_l2jY14AaABAg;None;OeEHJgzqS1k;@mayurthakor1006;UC_9ZUTH6vvEA2vIjPQQYxTw;http://www.youtube.com/@mayurthakor1006;"Hii Mosh <br>I am from India 🇮🇳 <br>I watched a lot&#39;s of your video <br>Yours videos content real good <br>And I also download the front end and back end developer pdf. It&#39;s so great content.<br>Thank for that🎉❤<br>I want to buy your course but it&#39;s available in English language,if it&#39;s available in Hindi language,I 100% bought it,<br>Once again thank you ❤.";"Hii Mosh 
I am from India 🇮🇳 
I watched a lot's of your video 
Yours videos content real good 
And I also download the front end and back end developer pdf. It's so great content.
Thank for that🎉❤
I want to buy your course but it's available in English language,if it's available in Hindi language,I 100% bought it,
Once again thank you ❤.";1;0
Ugz0izXOeVUpHMmkKK14AaABAg;None;OeEHJgzqS1k;@CodeSmart_;UC7QYWjue-X7DLPDVF3lB3bg;http://www.youtube.com/@CodeSmart_;"relational databases refer to table not &quot;relating or relationship&quot;";"relational databases refer to table not ""relating or relationship""";0;0
Ugx2cmVQcJb3K_gADH94AaABAg;None;OeEHJgzqS1k;@sub_zero_911;UCbLQHwVdsC8c34nBlRnkNWg;http://www.youtube.com/@sub_zero_911;Hi, please make a spring course and aws;Hi, please make a spring course and aws;2;0
UgxCV3K_XVS6fBsTbcx4AaABAg;None;OeEHJgzqS1k;@amirchegg;UCrf5PwLfKPl0hLjI-NMb_qQ;http://www.youtube.com/@amirchegg;دقیقا همون چیزی که تو ویدیو قبلی خواسته بودم! عشق منی مشفق جون ❤️;دقیقا همون چیزی که تو ویدیو قبلی خواسته بودم! عشق منی مشفق جون ❤️;0;1
UgxcMl-apByowMsYLcZ4AaABAg;None;OeEHJgzqS1k;@GrowWithme66;UCFldgdYddKwrVc98HXqfqIw;http://www.youtube.com/@GrowWithme66;Beautiful content ❤️;Beautiful content ❤️;2;0
UgzuvvWewVdxYWY_YRh4AaABAg;None;OeEHJgzqS1k;@Joseph_Muhammed;UCNUjevRgNhyHeuOQO-3K_Jw;http://www.youtube.com/@Joseph_Muhammed;I am very lucky to see this before I even just starting my journey as a backend developer. Thanks for that!.<br><br>I cannot find the PDF, even after conforming the subscribtion.;"I am very lucky to see this before I even just starting my journey as a backend developer. Thanks for that!.

I cannot find the PDF, even after conforming the subscribtion.";5;0
UgxnyyD7eI6c2YsImWR4AaABAg;None;OeEHJgzqS1k;@Karim_Safan;UCM99mVpJl9bTYBLcEFxi4yA;http://www.youtube.com/@Karim_Safan;Thanks a lot mosh 🎉❤;Thanks a lot mosh 🎉❤;1;0
UgzuTJzlc-5i4ZAAzWh4AaABAg;None;OeEHJgzqS1k;@NintendoJimmy;UCYH_gBPFa4slxKo3CihVf2Q;http://www.youtube.com/@NintendoJimmy;"These are really good videos, the only problem is, there are no jobs, atleast if you don&#39;t have 10 years of experience!";These are really good videos, the only problem is, there are no jobs, atleast if you don't have 10 years of experience!;1;0
UgyX0FDVYjjuzpWKhUR4AaABAg;None;OeEHJgzqS1k;@Saibentos;UC-l-gTLO8udmZPvKVYnw8Wg;http://www.youtube.com/@Saibentos;Thank you sir Mosh🤝;Thank you sir Mosh🤝;1;0
Ugz2aheGpfj80WAwNkJ4AaABAg;None;OeEHJgzqS1k;@sheldonmwaniki3378;UCqMPnUItx_ug9IcyAHbvtyg;http://www.youtube.com/@sheldonmwaniki3378;"Fabulous roadmap. I am raging to become a full stack developer now!<a href=""UCkszU2WH9gy1mb0dV-11UJg/face-red-smiling-live""></a><br>Thanks Tr.Mosh!";"Fabulous roadmap. I am raging to become a full stack developer now!
Thanks Tr.Mosh!";0;0
UgxNQhVkXAe4XjrfiDd4AaABAg;None;OeEHJgzqS1k;@piyush9564;UCXpSRu8YjDsdmNKUu5SDsgQ;http://www.youtube.com/@piyush9564;Huge love from India 🇮🇳 can u do a roadmap for app/software development , AI/ML and cloud like AWS ❤;Huge love from India 🇮🇳 can u do a roadmap for app/software development , AI/ML and cloud like AWS ❤;0;0
UgwtY0ZkTTWbqY7Ej-94AaABAg;None;OeEHJgzqS1k;@GaneshSai-iw5wb;UCytUQbZ2EIFhFxZNYV6Ug_w;http://www.youtube.com/@GaneshSai-iw5wb;Sir thank you for this been waiting for more than a week;Sir thank you for this been waiting for more than a week;1;0
UgxXLpEIGZ6Y7ofU2Lh4AaABAg;None;OeEHJgzqS1k;@tushar5426;UCXlu-VyAdz1u6_tWK2s2zmg;http://www.youtube.com/@tushar5426;This is really comprehensive and amazing! Thanks a lot sir!;This is really comprehensive and amazing! Thanks a lot sir!;0;0
UgzHlRRtqf-W75Birpt4AaABAg;None;OeEHJgzqS1k;@ThomasKelvinWorkspace;UCVHp9O3qo-jFXotVY-3QQoA;http://www.youtube.com/@ThomasKelvinWorkspace;Thank you, Josh, God bless you 🎉;Thank you, Josh, God bless you 🎉;0;0
UgzWUaYr2VmbUkGicfh4AaABAg;None;OeEHJgzqS1k;@VinayKumar-uz8hj;UCBu9C2xFiqa0tydojhD_5kQ;http://www.youtube.com/@VinayKumar-uz8hj;Recommend the Data analyst and Data science roadmap sir.;Recommend the Data analyst and Data science roadmap sir.;1;0
Ugxl0DUhvNOtZFrThoB4AaABAg;None;OeEHJgzqS1k;@dr.faithadhiambo254;UCeUYyu9qu31dEDf1uL679nQ;http://www.youtube.com/@dr.faithadhiambo254;Thanks for this breakdown.;Thanks for this breakdown.;1;0
UgwpZzNxDMWV4j6zbb14AaABAg;None;OeEHJgzqS1k;@jarencefeliciano;UCzfCPYq95R9k84O-Bfh9XUg;http://www.youtube.com/@jarencefeliciano;Hi mosh, you just saved my life right now, deciding which language to learn for backend. Thank you for this short and concise guide. I wanna ask, is your site, programming with mosh still active or not? I came to visit there before to read some of your blogs and articles about top 3 programming languages to learn for 2020 but the site is not available. Are you still managing it?;Hi mosh, you just saved my life right now, deciding which language to learn for backend. Thank you for this short and concise guide. I wanna ask, is your site, programming with mosh still active or not? I came to visit there before to read some of your blogs and articles about top 3 programming languages to learn for 2020 but the site is not available. Are you still managing it?;1;0
UgzFeVPIXmC-_hKrqr14AaABAg;None;OeEHJgzqS1k;@europeanandasian9463;UC0qmJFHCmFnnVj6Lx_n3pew;http://www.youtube.com/@europeanandasian9463;Hey mosh now I am confident to write code after finishing your react and nextjs course,  waiting for  react next part;Hey mosh now I am confident to write code after finishing your react and nextjs course,  waiting for  react next part;0;0
UgwdDceH46r4YPudfnV4AaABAg;None;OeEHJgzqS1k;@denjiro3951;UCZMXXL8-UOYvtp9XCOaD3LQ;http://www.youtube.com/@denjiro3951;The audio track is awesome;The audio track is awesome;0;0
Ugz9NYWpZzjKQIkUX8d4AaABAg;None;OeEHJgzqS1k;@Molo-z7n;UChsrO-Ptwn4swTLUeM21xPw;http://www.youtube.com/@Molo-z7n;أتمنى لو تدبلج كل فيديوهاتك;أتمنى لو تدبلج كل فيديوهاتك;1;0
UgxxgeaFdo1zE8lomXt4AaABAg;None;OeEHJgzqS1k;@D3RKDUDE;UCksqCfornWjUesOhIbePoxw;http://www.youtube.com/@D3RKDUDE;"This channel&#39;s videos are so High quality!";This channel's videos are so High quality!;0;0
UgxHDrpGK7mvPEKCyed4AaABAg;None;6GQRb4fGvtk;@МишаЛачихин;UC6GeDRjQua4jvRsIJgVs8Wg;http://www.youtube.com/@%D0%9C%D0%B8%D1%88%D0%B0%D0%9B%D0%B0%D1%87%D0%B8%D1%85%D0%B8%D0%BD;"ain&#39;t no way years ago i started my path with learning python from mosh, and now that i consider switching to devops the first devops video i get is mosh again. what a legend";ain't no way years ago i started my path with learning python from mosh, and now that i consider switching to devops the first devops video i get is mosh again. what a legend;46;1
UgyTGP5sNZucIukQ-b14AaABAg;None;6GQRb4fGvtk;@JordanLopez_;UCi3vcylfZ4lxpdQVBr86_9w;http://www.youtube.com/@JordanLopez_;Please sir do the Cybersecurity roadmap 🙏;Please sir do the Cybersecurity roadmap 🙏;55;0
Ugyt1OY8N3jp0r3xYA54AaABAg;None;6GQRb4fGvtk;@DevMarvelee;UCEVqxovzHwMLpcRg_IzS2Tw;http://www.youtube.com/@DevMarvelee;"I don&#39;t really need this but I watched till the end because I really love Mosh explanations it really clear, detailed ❤ and anyone can watch it.";I don't really need this but I watched till the end because I really love Mosh explanations it really clear, detailed ❤ and anyone can watch it.;117;0
UgziI60mY1eCij_PUIt4AaABAg;None;6GQRb4fGvtk;@damilolaekanola8819;UCwS2wZDuKTlptOIoofmjpOA;http://www.youtube.com/@damilolaekanola8819;I am coming back in a year - 26th december 2025<br> I WILL BE A DEVOPS ENGINEER <br>I WILL BE A DEVOPS ENGINEER <br>I WILL BE A DEVOPS ENGINEER;"I am coming back in a year - 26th december 2025
 I WILL BE A DEVOPS ENGINEER 
I WILL BE A DEVOPS ENGINEER 
I WILL BE A DEVOPS ENGINEER";264;22
UgyiX2GXzI06NuisVQ14AaABAg;None;6GQRb4fGvtk;@wlie8;UC4293yGRE8VSB7Qy8hkXwmQ;http://www.youtube.com/@wlie8;For all those who have learned, shifted careers and are now successful in their careers, all due to this channel should donate to the betterment of this channel from there very first salaries. May we all succeed.;For all those who have learned, shifted careers and are now successful in their careers, all due to this channel should donate to the betterment of this channel from there very first salaries. May we all succeed.;4;0
Ugy3ctZVi7giCuHx3tZ4AaABAg;None;6GQRb4fGvtk;@code_sagaric;UCYmJV0CH2Wzf2PIZ1Ly0lZw;http://www.youtube.com/@code_sagaric;Hi @programmingwithmosh , Please create videos on Networking concepts, as they are difficult for many people including me to visualize. Your videos with simple, structured explanations and animations would help in better understanding these concepts.;Hi @programmingwithmosh , Please create videos on Networking concepts, as they are difficult for many people including me to visualize. Your videos with simple, structured explanations and animations would help in better understanding these concepts.;74;7
UgzzImK352OJYKrjphF4AaABAg;None;6GQRb4fGvtk;@cristianquesadacossio5671;UC8JUk43-6pgJMD60lwCEgyA;http://www.youtube.com/@cristianquesadacossio5671;Coming back in 14 months as a DevOps (September 2026);Coming back in 14 months as a DevOps (September 2026);38;5
UgyndZKS9iHJuPxWPlF4AaABAg;None;6GQRb4fGvtk;@allisonb9072;UCMoEaA2cs4wAS2RX8y0RLQA;http://www.youtube.com/@allisonb9072;This is the best DevOps Road map video that I have ever seen. It is perfectly explained, simple, concise and highly accurate. Thanks a lot Mosh !🎉❤;This is the best DevOps Road map video that I have ever seen. It is perfectly explained, simple, concise and highly accurate. Thanks a lot Mosh !🎉❤;47;1
UgwGPE-7D4wnrug_5lF4AaABAg;None;6GQRb4fGvtk;@FutureCodingStars;UCXCEXokpYE4oL3-r3hR0ebA;http://www.youtube.com/@FutureCodingStars;"It&#39;s smart to start with fundamentals like Linux and networking before diving into the tools. Building a strong foundation is always the most effective way to learn complex systems. Great job breaking this down!";It's smart to start with fundamentals like Linux and networking before diving into the tools. Building a strong foundation is always the most effective way to learn complex systems. Great job breaking this down!;1;0
UgwHFgpfj5GeQNu47LB4AaABAg;None;6GQRb4fGvtk;@SajidAliSoftwareEngineer;UC2q9cDGrmxbCBww7Mhbzk-g;http://www.youtube.com/@SajidAliSoftwareEngineer;Mosh make a course for devops, it will really help to upgrade knowledge;Mosh make a course for devops, it will really help to upgrade knowledge;4;0
UgxdkxNwE4Out2FccCR4AaABAg;None;6GQRb4fGvtk;@AbubakarKombo-p5f;UC09ORmXGc1bDg98emlCkUGA;http://www.youtube.com/@AbubakarKombo-p5f;We need roadmaps Mosh, keep it up!;We need roadmaps Mosh, keep it up!;7;0
UgxRxH9-Vjwy09t1BgF4AaABAg;None;6GQRb4fGvtk;@Sriram2187-1;UCaREUiRInrgtnGSO-3GaHeA;http://www.youtube.com/@Sriram2187-1;Nice Content Mosh, Hope you  Make Cyber Security Roadmap;Nice Content Mosh, Hope you  Make Cyber Security Roadmap;11;0
Ugz4dD-Ebe5bZqzELGF4AaABAg;None;6GQRb4fGvtk;@KRICHAN_Technologies;UCBaNqdorfMcHmAGYswsnHKg;http://www.youtube.com/@KRICHAN_Technologies;Big fan of your quality content ❤;Big fan of your quality content ❤;6;0
UgxXQtgT0Yye_Da6Cs54AaABAg;None;6GQRb4fGvtk;@josephmuh7342;UCTR_JriKmVYpXc1oTk9JY6A;http://www.youtube.com/@josephmuh7342;We would love if you could add more courses in your website or even update them a bit 🙏🏼;We would love if you could add more courses in your website or even update them a bit 🙏🏼;4;0
UgwehH2ZfRuGJTZEKWl4AaABAg;None;6GQRb4fGvtk;@priyankabidari9909;UCY8v-zdAIbhKFf9xFdYO6DA;http://www.youtube.com/@priyankabidari9909;Seen a lot of videos, but this is by far the best one- with clear and structured roadmap. Thanks Mosh :);Seen a lot of videos, but this is by far the best one- with clear and structured roadmap. Thanks Mosh :);2;0
UgxchrB1MmmCotDwNzd4AaABAg;None;6GQRb4fGvtk;@justahumanbelieveme;UCt7YO9gcFbrKUiKacLX4aZw;http://www.youtube.com/@justahumanbelieveme;I want to continue the video but 3-5 hours everyday for 10 months ? Ummm i wish. I mean i barely get time to breathe after my day job. I wish I had the health and energy to carry out something like this truly.;I want to continue the video but 3-5 hours everyday for 10 months ? Ummm i wish. I mean i barely get time to breathe after my day job. I wish I had the health and energy to carry out something like this truly.;11;2
Ugx59Q_fFKgxT0G1GW14AaABAg;None;6GQRb4fGvtk;@karenflores9347;UCRE1VnnOtHUafl1o5ohhrdw;http://www.youtube.com/@karenflores9347;"Woow that is the content that I was looking for! You&#39;re awesome !";Woow that is the content that I was looking for! You're awesome !;4;0
UgxwmKyunCMjhAUXNIx4AaABAg;None;6GQRb4fGvtk;@hbtumemories6244;UCHZtKH9j9d-16XULuUJhb8w;http://www.youtube.com/@hbtumemories6244;"Linux (Bash), <br>CN,<br> GitHub, <br>Prog language ( paython, go, rubey), Cloud Providers, Cantainerizatio( Docker),<br> CI/CD(JENSKIN, <br>Gitlab/ Ci/cd, circleCi, Travis CI, )<br>Orchestration &amp; management   (kubernet),<br> Networking &amp; Infrastructure Services (NginX), <br>Configuration Management (Ansible),<br>Infrastructure As Code (tetraform),<br>Monitering &amp; Logging (Prometheus)";"Linux (Bash), 
CN,
 GitHub, 
Prog language ( paython, go, rubey), Cloud Providers, Cantainerizatio( Docker),
 CI/CD(JENSKIN, 
Gitlab/ Ci/cd, circleCi, Travis CI, )
Orchestration & management   (kubernet),
 Networking & Infrastructure Services (NginX), 
Configuration Management (Ansible),
Infrastructure As Code (tetraform),
Monitering & Logging (Prometheus)";13;3
UgxxWjpuhzK-Dxbr_AR4AaABAg;None;6GQRb4fGvtk;@Imhindu123;UCOauA3OXrizZd12R7E31jlQ;http://www.youtube.com/@Imhindu123;Please make a course for devops;Please make a course for devops;119;10
UgzUVZ_Xq1XVNHNxw6F4AaABAg;None;6GQRb4fGvtk;@vipuloswal8824;UCU-p-8vYB4T1spAvEI2ELtg;http://www.youtube.com/@vipuloswal8824;Nice translation and voice conversion man 👏🏻👍🏻;Nice translation and voice conversion man 👏🏻👍🏻;1;0
UgxMxq1NdDrYpweVQA94AaABAg;None;6GQRb4fGvtk;@hemajanu0404;UCEdTBWMJ-qwYwUAs0yXfSSg;http://www.youtube.com/@hemajanu0404;Yeah sir please do detailed roadmap on cybersecurity engineer;Yeah sir please do detailed roadmap on cybersecurity engineer;2;0
Ugy-giJ_AeQB_WQclYx4AaABAg;None;6GQRb4fGvtk;@lamiles3892;UC880gOffGW3aUNUTxn40ONA;http://www.youtube.com/@lamiles3892;We definitely need you to add  Linux course.    Love your work!;We definitely need you to add  Linux course.    Love your work!;2;0
UgyTUjT-IwQlbZ5Tmk14AaABAg;None;6GQRb4fGvtk;@pingrammer;UCN-bClRDL5_yL-ar41SLE3Q;http://www.youtube.com/@pingrammer;"Mosh we don&#39;t need roadmaps we need content";Mosh we don't need roadmaps we need content;312;27
UgzxPH1BXRqskW3PYXJ4AaABAg;None;6GQRb4fGvtk;@mariotanaskoski9267;UCATPNymkNAMH49QnU0EIhFg;http://www.youtube.com/@mariotanaskoski9267;"Mosh next step is putting your knowledge in my head.<br>What&#39;s wrong with ppl???  Everything need to be served without give any effort to learn something by themselves!";"Mosh next step is putting your knowledge in my head.
What's wrong with ppl???  Everything need to be served without give any effort to learn something by themselves!";0;0
Ugx9qJgts5cRlQqALVh4AaABAg;None;6GQRb4fGvtk;@Absoon5;UC32DoxCvMnc-jJT0I7xjI7A;http://www.youtube.com/@Absoon5;Simple, straightforward and astonishing animations. Can not thank you enough Mr. Mosh;Simple, straightforward and astonishing animations. Can not thank you enough Mr. Mosh;0;0
UgyKRts4VsZNZL8GH3R4AaABAg;None;6GQRb4fGvtk;@Subbu-q1h;UC6M67Ji_XA2vfTYONja4jtA;http://www.youtube.com/@Subbu-q1h;Thanks mosh !!<br>Looking forward for more content related to DevOps.;"Thanks mosh !!
Looking forward for more content related to DevOps.";1;0
UgwsF6kfSHCjqBEjCVt4AaABAg;None;6GQRb4fGvtk;@hubesh716;UC6OnwBC9CNfUFEKWABCDFlQ;http://www.youtube.com/@hubesh716;plz make a proper roadmap video how to become Blockchain solidity and web 3 dev;plz make a proper roadmap video how to become Blockchain solidity and web 3 dev;2;0
Ugx_tS1Uqyq05ff8wOh4AaABAg;None;6GQRb4fGvtk;@ThePmaha;UC00vdrP2C57lqvQgGlH1wkQ;http://www.youtube.com/@ThePmaha;Thanks for showing the roadmap. We may know a few things, but what we need to learn further might not always be clear. This roadmap provides clarity. Thanks again for such a short and insightful video.;Thanks for showing the roadmap. We may know a few things, but what we need to learn further might not always be clear. This roadmap provides clarity. Thanks again for such a short and insightful video.;0;0
UgzfiF3WcNkp7GLXYB54AaABAg;None;6GQRb4fGvtk;@Miklos211;UCELqWjyA7QnqhYQTKWOcSNQ;http://www.youtube.com/@Miklos211;"I&#39;m studying to become a Cloud Engineer. Cloud Engineers need to understand devops. Now the issue is, nobody is willing to give me the chance to join their company and learn about these. Sure I can learn alone at home but I will need to get experience at a company sooner or later which is hella difficult to get";I'm studying to become a Cloud Engineer. Cloud Engineers need to understand devops. Now the issue is, nobody is willing to give me the chance to join their company and learn about these. Sure I can learn alone at home but I will need to get experience at a company sooner or later which is hella difficult to get;4;2
UgxGBguBbKpVrV4vHCB4AaABAg;None;6GQRb4fGvtk;@safari7965;UCObbtQktPKEfVydet0im19A;http://www.youtube.com/@safari7965;"I don&#39;t know why Mosh didn&#39;t mention it in his video, but you need to know DevOps is not a junior friendly job and you need in most cases real world experience to get a job. It&#39;s not like Front-End, Software engineering or Data Analysis jobs. So think twice if you wanna spend 10-14 months for learning all these materials.";I don't know why Mosh didn't mention it in his video, but you need to know DevOps is not a junior friendly job and you need in most cases real world experience to get a job. It's not like Front-End, Software engineering or Data Analysis jobs. So think twice if you wanna spend 10-14 months for learning all these materials.;72;9
UgyWqljAoEwRIR0FjHx4AaABAg;None;6GQRb4fGvtk;@ninjapanther20;UCnofjR5k7DqZw2cKsUOLrPg;http://www.youtube.com/@ninjapanther20;Was recently thinking of switching from FullStack to DevOps after 2.5yrs of experience. Thnx, I really needed this straightforward overview n roadmap.;Was recently thinking of switching from FullStack to DevOps after 2.5yrs of experience. Thnx, I really needed this straightforward overview n roadmap.;1;1
UgwfIVcehUwzKN5DmzF4AaABAg;None;6GQRb4fGvtk;@Abdulqayyum-rg1cn;UCZQdF2e75lRxp_tY_ZivYYg;http://www.youtube.com/@Abdulqayyum-rg1cn;Hi,<br>Mosh bhai AI ka bhi road map banao. Aap ka hindi me explanation bahot accha hai.<br>Jaise Generative AI, ML aur AI k alag alag bhag skills ka.;"Hi,
Mosh bhai AI ka bhi road map banao. Aap ka hindi me explanation bahot accha hai.
Jaise Generative AI, ML aur AI k alag alag bhag skills ka.";0;0
UgwkV0wo4n5xDj7HggF4AaABAg;None;6GQRb4fGvtk;@PriyanshuKumar-lz4dk;UCCbDXT0EkGeAOXlIwSsAiig;http://www.youtube.com/@PriyanshuKumar-lz4dk;Loved the Hindi version. Quite amazing;Loved the Hindi version. Quite amazing;1;0
Ugy9N99ZHv0vKoMVNwV4AaABAg;None;6GQRb4fGvtk;@SevaCloud;UC52Z_z5hYdd5EdyKRcEgPfQ;http://www.youtube.com/@SevaCloud;"IMHO in 12-14 months, these tools will probably be outdated and supersede so this is good content. What you need is the understanding of why you would use any of the tools or concepts and what they do at a high level first. Then you can dive deeper when you need to. I would start building an application and as you&#39;re building it, you&#39;ll realise when you need a tool to automate some of the manual work. Unless you know what the tool is, why you&#39;d use it and when, it&#39;s useless knowing how to use it.";IMHO in 12-14 months, these tools will probably be outdated and supersede so this is good content. What you need is the understanding of why you would use any of the tools or concepts and what they do at a high level first. Then you can dive deeper when you need to. I would start building an application and as you're building it, you'll realise when you need a tool to automate some of the manual work. Unless you know what the tool is, why you'd use it and when, it's useless knowing how to use it.;1;1
UgwSHnpEozjEKUBo8ux4AaABAg;None;6GQRb4fGvtk;@mostafamarwanmostafa9975;UCi5h8pBduAOlqXqt5b_ReZw;http://www.youtube.com/@mostafamarwanmostafa9975;"I was thinking about shifting to DevOps but i wasn&#39;t really sure what to study or where to start until i found this video.. Thank you Sir! &lt;3";I was thinking about shifting to DevOps but i wasn't really sure what to study or where to start until i found this video.. Thank you Sir! <3;0;0
UgyOyWrsMeHx05uvlup4AaABAg;None;6GQRb4fGvtk;@gjbjagadish_185;UC4r3K1w4HImr2AQKp_aB-Vw;http://www.youtube.com/@gjbjagadish_185;"Mosh, why don&#39;t made this type of videos before 😢😢😢😢";Mosh, why don't made this type of videos before 😢😢😢😢;3;0
UgxFgDVf1jcOMprY97N4AaABAg;None;6GQRb4fGvtk;@kishan4278;UC7L1Vzyrou3NREBQuj6Hs6g;http://www.youtube.com/@kishan4278;Pls make roadmap on cybersecurity like  ethical hacking, cybersecurity engineer, pentester, cybersecurity analyst ,etc.<br>I m waiting...;"Pls make roadmap on cybersecurity like  ethical hacking, cybersecurity engineer, pentester, cybersecurity analyst ,etc.
I m waiting...";1;0
UgxqUIsVrCKHSlUSWgN4AaABAg;None;6GQRb4fGvtk;@TinNguyen-eb4wm;UCgKjfi0MZbrMSrjAH-ETCxg;http://www.youtube.com/@TinNguyen-eb4wm;Great video! Can you do Data Engineer roadmap? 😅;Great video! Can you do Data Engineer roadmap? 😅;2;0
Ugw2h4LTOHk8K9bG11N4AaABAg;None;6GQRb4fGvtk;@DON28ist;UCWe1Qqfz42y2DCRoQPwpfkA;http://www.youtube.com/@DON28ist;"Not sure, about this guy but it doesn&#39;t take 14 month to learn DevOp. With good dedication it can approx take 6 months with right training!";Not sure, about this guy but it doesn't take 14 month to learn DevOp. With good dedication it can approx take 6 months with right training!;47;8
UgzUHmgnOx9tdVTLO_14AaABAg;None;6GQRb4fGvtk;@MATHONGO-v7h;UCcTLMsqUwh_2vQjY0-GswoA;http://www.youtube.com/@MATHONGO-v7h;linux fundamentals<br>bash shell scripting<br>networking concepts<br>wireshark<br>git<br>programming languages : go ruby and python<br>cloud providers like google azure aws (aws)<br>containerization(docker)<br>ci/cd(jenkins)<br>orchestration and management(kubernates)<br>networking and infrestructure services(nginx)<br>configuration management(ansible)<br>iac(terraform)<br>monitoring and logging(promethus grafana);"linux fundamentals
bash shell scripting
networking concepts
wireshark
git
programming languages : go ruby and python
cloud providers like google azure aws (aws)
containerization(docker)
ci/cd(jenkins)
orchestration and management(kubernates)
networking and infrestructure services(nginx)
configuration management(ansible)
iac(terraform)
monitoring and logging(promethus grafana)";1;0
UgznZPnmZ9pk0wYNz3R4AaABAg;None;6GQRb4fGvtk;@KodwoEssel;UCh6__Lfcwm-YtPDEwh86qqw;http://www.youtube.com/@KodwoEssel;Finally ❤;Finally ❤;2;0
UgzBbtdwpdOxtV6SZAh4AaABAg;None;6GQRb4fGvtk;@aosanchezs;UCQmez6uKJfJpilR9IC82Fuw;http://www.youtube.com/@aosanchezs;"Hey man, what do you don&#39;t know? Is asewome the professional you look and the knowledge you have. Thanks for the roadmap, sometimes when you are a beginner you don&#39;t know where to start. I spend some time learning Docker and I was lost, so I saw this video and I started with the basics, Linux. Thanks man";Hey man, what do you don't know? Is asewome the professional you look and the knowledge you have. Thanks for the roadmap, sometimes when you are a beginner you don't know where to start. I spend some time learning Docker and I was lost, so I saw this video and I started with the basics, Linux. Thanks man;1;0
UgxpTAhtEQ6P9rbvJyV4AaABAg;None;6GQRb4fGvtk;@yasir-s3o;UCEZqCNh3ruhzzpZtXk7wHrg;http://www.youtube.com/@yasir-s3o;Indeed. It is very useful DevOps Roadmap provided by Mosh.;Indeed. It is very useful DevOps Roadmap provided by Mosh.;0;0
UgydJRXjhczh-XDw_q54AaABAg;None;6GQRb4fGvtk;@jacktembo;UCW9-Pcora7rqmJf9-3IxXjg;http://www.youtube.com/@jacktembo;I love this. Could you please make a video on cyber security?;I love this. Could you please make a video on cyber security?;1;0
UgwiAY9u9GOvekTm1EJ4AaABAg;None;6GQRb4fGvtk;@muhammadalimerali2588;UCg2goVHyKHyQN0C9ZeU1vVQ;http://www.youtube.com/@muhammadalimerali2588;can we have an explanation about the devOps or subject of the Video next time?;can we have an explanation about the devOps or subject of the Video next time?;4;0
UgxzUg3RAYgft8JJ52l4AaABAg;None;6GQRb4fGvtk;@mahmouddaboul5222;UCC5-fBXm6dW3GkXpkNZg0wg;http://www.youtube.com/@mahmouddaboul5222;This is amazing.. Thank you so much!;This is amazing.. Thank you so much!;1;0
UgxG91C1MV9hA3vD5LV4AaABAg;None;6GQRb4fGvtk;@samitalhalut1521;UCJ-JHnoJiZQ8NUWRjvzc67Q;http://www.youtube.com/@samitalhalut1521;Can you make a video why do we need to learn DevOps in details?;Can you make a video why do we need to learn DevOps in details?;4;1
UgzLXVc00wIhL4XoX4J4AaABAg;None;6GQRb4fGvtk;@shakil.shahan;UCd09XprLQjwiNtB6WgDeEGQ;http://www.youtube.com/@shakil.shahan;Hi @Mosh, I was really looking for it and the detailed roadmap helped me visualize how I could plan for it. All the information is right in my head. It will encourage me to learn. Thanks a lot for the great content. Loved it.;Hi @Mosh, I was really looking for it and the detailed roadmap helped me visualize how I could plan for it. All the information is right in my head. It will encourage me to learn. Thanks a lot for the great content. Loved it.;0;0
UgzqPql8ZrVzX94PvFJ4AaABAg;None;6GQRb4fGvtk;@chukwukafestus4940;UCNi4kH4grRf23W7D8D6yuFw;http://www.youtube.com/@chukwukafestus4940;Mosh being mosh 😊<br>Thumbs up big bro;"Mosh being mosh 😊
Thumbs up big bro";0;0
UgzewLKsAGSsy1YV9CJ4AaABAg;None;6GQRb4fGvtk;@ashfaqahmed809;UCl6rSzzAOUu8c5cUJOh68EQ;http://www.youtube.com/@ashfaqahmed809;create a video for Data engineering roadmap and compare it with dev-ops roadmap;create a video for Data engineering roadmap and compare it with dev-ops roadmap;1;0
UgzBJIEaS9ajn832qVB4AaABAg;None;bshe96X5KkA;@joaovictorramiresguimaraes9784;UC38EBHEq5fobdYbjhlkN8Uw;http://www.youtube.com/@joaovictorramiresguimaraes9784;Mosh, I love your courses and how easily you explain complex concepts. It would be awesome if you could create a deep dive course based on AI Engineering book from professor Chip Huyen.;Mosh, I love your courses and how easily you explain complex concepts. It would be awesome if you could create a deep dive course based on AI Engineering book from professor Chip Huyen.;1;0
Ugx_C_qk_TYHQWRIVQ54AaABAg;None;bshe96X5KkA;@Alhamdulillah1313;UCved-LSRoLnTAPUTIL8i2Dg;http://www.youtube.com/@Alhamdulillah1313;Before watching this ai course what we need to learn to learn this course;Before watching this ai course what we need to learn to learn this course;2;0
UgywdXl8KlJuJuBdDpN4AaABAg;None;bshe96X5KkA;@CLINTONzalanje;UCGMTu1EHzjABpyieeOgjmDw;http://www.youtube.com/@CLINTONzalanje;Thanks for the course😊;Thanks for the course😊;4;0
UgwDlixqrxEswEexN954AaABAg;None;bshe96X5KkA;@aditya-f3u5t;UC9LtZGNakY_28kdMy80e4kg;http://www.youtube.com/@aditya-f3u5t;mosh sir thanks for soooo easy tutorials u are best teacher of all time u deserve atleast 50 million subscribers thanks mosh sir;mosh sir thanks for soooo easy tutorials u are best teacher of all time u deserve atleast 50 million subscribers thanks mosh sir;0;0
UgwfSXY48LAqIcz-hgV4AaABAg;None;bshe96X5KkA;@MaSa-empower;UCy54m0ZZCbUELErdhWLjBTA;http://www.youtube.com/@MaSa-empower;یه دونه باشی ✌️;یه دونه باشی ✌️;0;0
UgwUkoYT5Bj6UbkDZl14AaABAg;None;bshe96X5KkA;@AnnaAni-h8u;UCTIV_eSzQM7JVIFwgzeQgjw;http://www.youtube.com/@AnnaAni-h8u;Interested;Interested;2;0
Ugym5S_HPYeLhX8IHhp4AaABAg;None;bshe96X5KkA;@juniorMr;UC1T0ptY5d0cLdh4CaK3hKvw;http://www.youtube.com/@juniorMr;🎉🎉🎉;🎉🎉🎉;1;0
UgziVU0EHmyW-34AdMF4AaABAg;None;bshe96X5KkA;@choco-lover-n4m;UCjyn2MiMEHPfOViE9j2Bzsg;http://www.youtube.com/@choco-lover-n4m;Hello Mosh, I was wondering if you have a discord server?;Hello Mosh, I was wondering if you have a discord server?;0;0
UgwMwFvjZVoh4FAWH7x4AaABAg;None;bshe96X5KkA;@stark469;UCgWhTGU9zMxozfr0_2yxnzw;http://www.youtube.com/@stark469;Thanks for this course<br>I would like to purchase and create my own projects with it<br><br>I have a use case for an app where i would need very huge need of ai so this would help a lot;"Thanks for this course
I would like to purchase and create my own projects with it

I have a use case for an app where i would need very huge need of ai so this would help a lot";3;0
Ugwo8wijqWN6wDcf6jp4AaABAg;None;bshe96X5KkA;@leroydennisaidoo7968;UCOhCdkvkr_w0p_5cG2WrQ9A;http://www.youtube.com/@leroydennisaidoo7968;"I wanted to subscribe to the full-time access but the discount has been taken off and I don&#39;t know how to convince my mum to add😒😒<br>I&#39;ve been sad since yesterday";"I wanted to subscribe to the full-time access but the discount has been taken off and I don't know how to convince my mum to add😒😒
I've been sad since yesterday";2;0
UgzC5VjvL-iacLR6vtZ4AaABAg;None;bshe96X5KkA;@TikTokBotCommenter;UCP-KuZd1-GUyi-KUgpZaWyw;http://www.youtube.com/@TikTokBotCommenter;Keep yo chin up, even if it chopped.🥹;Keep yo chin up, even if it chopped.🥹;0;0
Ugzn1nPYs79BZ-tzVMt4AaABAg;None;bl98dm7vJt0;@k.safonov;UCVOWV3R3jw7R9ywhXmfVD2w;http://www.youtube.com/@k.safonov;"I don&#39;t understand why everyone can&#39;t explain this topic in the same way. Brilliant. Thank you very much!";I don't understand why everyone can't explain this topic in the same way. Brilliant. Thank you very much!;87;2
UgxA3hw8VvkmUy5tCyJ4AaABAg;None;bl98dm7vJt0;@JeremyGalloway;UC6uDojMIpdE8hi_JR6PDcqw;http://www.youtube.com/@JeremyGalloway;So much better than the CodeCademy explanation!;So much better than the CodeCademy explanation!;430;44
UgynLP8l2FgURtyY-0t4AaABAg;None;bl98dm7vJt0;@TheJackTheLion;UCrnvorEaj_bGmfurHyV6Xug;http://www.youtube.com/@TheJackTheLion;You know why this is great? Because instead of just telling someone what to write and blow their mind you actually explain HOW what you are explaining came to be and WHY you would need it. Not just write this and try to get this. That is the x factor when it comes to coding tutorials. Well done as usual Mosh, I hope that made sense.;You know why this is great? Because instead of just telling someone what to write and blow their mind you actually explain HOW what you are explaining came to be and WHY you would need it. Not just write this and try to get this. That is the x factor when it comes to coding tutorials. Well done as usual Mosh, I hope that made sense.;9;0
UgzcGRF4yRydpGcHh7V4AaABAg;None;bl98dm7vJt0;@safaribushretreat;UCUICX8b4H_WNxNAyR61bSkw;http://www.youtube.com/@safaribushretreat;"I&#39;m from Tanzania and Im almost 28 years on the next 2 years and i have started learning to code but this guy is amazing just straight&#39;s to the point";I'm from Tanzania and Im almost 28 years on the next 2 years and i have started learning to code but this guy is amazing just straight's to the point;0;0
UgyIhBc_OU2tIbNpMDl4AaABAg;None;bl98dm7vJt0;@annasezen5357;UC_1wbNO7yhgJ1zWJyZ6nFsw;http://www.youtube.com/@annasezen5357;"you could also use:<br>set fullName(value) {<br>        [this.firstName, this.lastName] = value.split(&#39; &#39;)<br>    }";"you could also use:
set fullName(value) {
        [this.firstName, this.lastName] = value.split(' ')
    }";109;16
Ugzlzas_9-lrPa55vKp4AaABAg;None;bl98dm7vJt0;@Calupp;UC8__rEqdpT54v4QlvbFO5Pw;http://www.youtube.com/@Calupp;"thank you, my current courses&#39; explanation of how this works and its&#39; use case was super clumsy.";thank you, my current courses' explanation of how this works and its' use case was super clumsy.;5;0
Ugxx_pYNpDQBgFTYCy94AaABAg;None;bl98dm7vJt0;@RyanGordy1;UCgTFsOj8AZY6AJyotZHzRuw;http://www.youtube.com/@RyanGordy1;Mosh should teach every course, no fluff, straight to the point!;Mosh should teach every course, no fluff, straight to the point!;0;0
UgwEmM7BV0bDT9hwR-14AaABAg;None;bl98dm7vJt0;@ahmadraja5426;UCkor3BOCfFO--VviT3UcFUQ;http://www.youtube.com/@ahmadraja5426;"Thank you for explaining this from first principles.<br><br>Starting with a simple object, giving scenarios for why you&#39;d need to implement this, and going from there.";"Thank you for explaining this from first principles.

Starting with a simple object, giving scenarios for why you'd need to implement this, and going from there.";0;0
UgyZUfKWkcxWcjexKwZ4AaABAg;None;bl98dm7vJt0;@julibeeee408;UCT8bvQWC55hSv0PAPJmjSUA;http://www.youtube.com/@julibeeee408;"This video answered ALL my questions on getters &amp; setters. Thanks so much!";This video answered ALL my questions on getters & setters. Thanks so much!;3;0
Ugzqrt2cb6W_8kvtsdh4AaABAg;None;bl98dm7vJt0;@zakhariihusar6975;UCIZTMC5UC72i1WMoMfCLing;http://www.youtube.com/@zakhariihusar6975;Glad you started this video with a reason why we need this👍;Glad you started this video with a reason why we need this👍;1;0
UgyOnTtJUQWg7OT3xzp4AaABAg;None;bl98dm7vJt0;@brunoint2021;UCHSo0v5qnwTMRiRfPb5wS9w;http://www.youtube.com/@brunoint2021;I was breaking my head trying to understand the uses of these, but you explained it so well.;I was breaking my head trying to understand the uses of these, but you explained it so well.;0;0
UgztamthwnNZoFDB4AJ4AaABAg;None;bl98dm7vJt0;@alexlun4464;UCgei9Qmjpbnl5QVNYendfjA;http://www.youtube.com/@alexlun4464;"You&#39;re wonderful at explaining topics like these, bravo!";You're wonderful at explaining topics like these, bravo!;3;0
UgwgjTg39WohMJ6-6SB4AaABAg;None;bl98dm7vJt0;@Baltie3;UCMMOo3LwSxs81wft-3SSPTw;http://www.youtube.com/@Baltie3;Very simply explained! Formerly I got lost when other people described the same topic. Thank you very much!;Very simply explained! Formerly I got lost when other people described the same topic. Thank you very much!;0;0
UgxJVeLQ2g3wa1fRdOd4AaABAg;None;bl98dm7vJt0;@natefr0st239;UC3om8oVdDAX5NNw9f3PEzdw;http://www.youtube.com/@natefr0st239;Simple and clean explanation, lovely!;Simple and clean explanation, lovely!;2;0
UgwDnGLG_ORzJ7iYVsp4AaABAg;None;bl98dm7vJt0;@BHVampireLF;UC8_UQLu216DBxnIth7zeX3g;http://www.youtube.com/@BHVampireLF;"Ohhhh, so that&#39;s the difference, I finally understood, thank you very much. 💕 Awesome explanation.<br><br>This is the kind of stuff I read before for the question &quot;What&#39;s the difference/advantage of a getter over a simple method?&quot;, I don&#39;t know if it resolves the question because I didn&#39;t understood a thing:<br>-&quot;Given that without a getter, all we can do is poll the attribute for its value, anything else would require a special method which we would have to invoke on the value. Not insurmountable, but will take some thought.&quot;<br><br>Reading that again made me forget what I saw in the video, I need to rewatch. 😂";"Ohhhh, so that's the difference, I finally understood, thank you very much. 💕 Awesome explanation.

This is the kind of stuff I read before for the question ""What's the difference/advantage of a getter over a simple method?"", I don't know if it resolves the question because I didn't understood a thing:
-""Given that without a getter, all we can do is poll the attribute for its value, anything else would require a special method which we would have to invoke on the value. Not insurmountable, but will take some thought.""

Reading that again made me forget what I saw in the video, I need to rewatch. 😂";0;0
UgzagItPWBhAB8r6Ch54AaABAg;None;bl98dm7vJt0;@guoxinn;UCYf8AolAOACbcUTLVRv-odA;http://www.youtube.com/@guoxinn;Thank you for the awesome explanation, John Smith!!;Thank you for the awesome explanation, John Smith!!;18;1
Ugy2eZ8SR6TDpygdI5h4AaABAg;None;bl98dm7vJt0;@armandvermeulen8221;UCTftv5BgTZSaOhJzzsZ_LiA;http://www.youtube.com/@armandvermeulen8221;This made so much more sense, thank you for the video. Hope you are doing well.;This made so much more sense, thank you for the video. Hope you are doing well.;0;0
UgzLRokcdO7D-wSMDph4AaABAg;None;bl98dm7vJt0;@dianaordonez6747;UCu6LOZ9Q6bclMJTCK-ObZMw;http://www.youtube.com/@dianaordonez6747;Amazing! I understood this better than others spanish channels. Thank you;Amazing! I understood this better than others spanish channels. Thank you;0;0
UgwO7hqet7PimhcXSE14AaABAg;None;bl98dm7vJt0;@modestas2890;UCQZV2Nd0pGAD7E2xoE7varg;http://www.youtube.com/@modestas2890;very clear explanation. Thank you.;very clear explanation. Thank you.;3;0
UgycWL06hUIYJPbsPgd4AaABAg;None;bl98dm7vJt0;@Chris-ou4ej;UCU9E01fckmQFqeXjL-CVOEQ;http://www.youtube.com/@Chris-ou4ej;Thank you for clear explanation.;Thank you for clear explanation.;2;0
Ugz_fNI4WXJB1SBSDRt4AaABAg;None;bl98dm7vJt0;@akrammd13;UCe02hEE1-sqNG472nujpVTA;http://www.youtube.com/@akrammd13;with in 5 minutes Mosh helped me to understand the topic 😀;with in 5 minutes Mosh helped me to understand the topic 😀;0;0
Ugx-st7qthFmQVKtgC14AaABAg;None;bl98dm7vJt0;@OneBrokeBloke;UC4mq3CS4j84jhDhAGUjdOfw;http://www.youtube.com/@OneBrokeBloke;As someone who isnt far in JS, i dont see why i would bother adding this complexity for that result. <br>I dont mind writing object.method() like this, and i dont know often i would need to change something outside the object;"As someone who isnt far in JS, i dont see why i would bother adding this complexity for that result. 
I dont mind writing object.method() like this, and i dont know often i would need to change something outside the object";1;0
UgwlfVGIOtYbMvYOVg54AaABAg;None;bl98dm7vJt0;@climbers1376;UCf2sdG4w7VVHIJl4v5OnZGw;http://www.youtube.com/@climbers1376;"Getters and Setters: <br><a href=""https://www.youtube.com/watch?v=bl98dm7vJt0&amp;t=158"">2:38</a>-<a href=""https://www.youtube.com/watch?v=bl98dm7vJt0&amp;t=184"">3:04</a>, contextual use case<br><a href=""https://www.youtube.com/watch?v=bl98dm7vJt0&amp;t=185"">3:05</a>-<a href=""https://www.youtube.com/watch?v=bl98dm7vJt0&amp;t=194"">3:14</a>, purpose/rule<br><a href=""https://www.youtube.com/watch?v=bl98dm7vJt0&amp;t=194"">3:14</a>-<a href=""https://www.youtube.com/watch?v=bl98dm7vJt0&amp;t=337"">5:37</a>, how to prepare";"Getters and Setters: 
2:38-3:04, contextual use case
3:05-3:14, purpose/rule
3:14-5:37, how to prepare";14;0
Ugy58EngNuiXYvPuV814AaABAg;None;bl98dm7vJt0;@melody-thanzin;UCtnOhX32R4PFhEKNFNe0yhw;http://www.youtube.com/@melody-thanzin;absolutely brilliant explanation!;absolutely brilliant explanation!;0;0
Ugxq6HGhvp_1b4hAIFh4AaABAg;None;bl98dm7vJt0;@anaraberda4677;UCYQ6v6HPv5b6inyfo-3LwrA;http://www.youtube.com/@anaraberda4677;"thank you very much for this video. I couldn&#39;t understand this topic as I am learning at codeacademy. You managed to explain it in a simple logic way. So happy to come across you video";thank you very much for this video. I couldn't understand this topic as I am learning at codeacademy. You managed to explain it in a simple logic way. So happy to come across you video;0;0
Ugx3hItBeU0ypc2686p4AaABAg;None;bl98dm7vJt0;@xesiusprime9360;UC8xrEtPjohDwF2g0FZNXjQw;http://www.youtube.com/@xesiusprime9360;your explanations are top notch thanks dude;your explanations are top notch thanks dude;0;0
Ugxvy0rS-XX5Gb07Jqt4AaABAg;None;bl98dm7vJt0;@Pareshbpatel;UCy-UScIIW2thgoCHH2AMTlw;http://www.youtube.com/@Pareshbpatel;An excellent illustration of Getters/Setters in JavaScript. Thanks, Mosh<br><br>{2021-09-22};"An excellent illustration of Getters/Setters in JavaScript. Thanks, Mosh

{2021-09-22}";0;0
UgxNl0_kaSwOs-LQLVB4AaABAg;None;bl98dm7vJt0;@krisilyubenov2372;UCNF8ECyy1ljCrJ3Zv5ciDXA;http://www.youtube.com/@krisilyubenov2372;"I can&#39;t believe I was able to understand this in 6 minutes compared to 3 hours of lectures. Saved my life for the exam, thanks lol";I can't believe I was able to understand this in 6 minutes compared to 3 hours of lectures. Saved my life for the exam, thanks lol;0;1
UgzlG7STTzNtykqn5RR4AaABAg;None;bl98dm7vJt0;@KleberJS;UCa_iBpgVpQbNYaeIwYH8ZXg;http://www.youtube.com/@KleberJS;I like so much your explanation about javascript. I always can understand properly;I like so much your explanation about javascript. I always can understand properly;0;0
Ugx2NoV2cx0Abu0ck_Z4AaABAg;None;bl98dm7vJt0;@iaml2909;UCOOuPPIDkTOIT47EqR-FwMg;http://www.youtube.com/@iaml2909;This help me a lot.<br>Thank u very much. I   will share this with my telegram group. Thanks again, very helpful.;"This help me a lot.
Thank u very much. I   will share this with my telegram group. Thanks again, very helpful.";1;0
UgzCaSZUa4N8UqiWvdF4AaABAg;None;bl98dm7vJt0;@raphaelugha5348;UCrHEDbLAuPa0EwpXL9w3XXQ;http://www.youtube.com/@raphaelugha5348;"Simple &amp; clean. Loving it! Keep it up!";Simple & clean. Loving it! Keep it up!;1;0
UgwHrWe-xC28qAABDHR4AaABAg;None;bl98dm7vJt0;@misterhtmlcss;UC0eNBdAeTGbi6BZMgLvVTmA;http://www.youtube.com/@misterhtmlcss;"Very clear on how they work, but I think this one really needed more context e.g. this is a FEW use cases that are common. I felt like I walked away going cool, that&#39;s easy to implement, but without any clue on common use cases and I think this one would need that further context. Still a great video, just left me understanding something now that I won&#39;t likely use due to my not getting a grasp on when to use it.";Very clear on how they work, but I think this one really needed more context e.g. this is a FEW use cases that are common. I felt like I walked away going cool, that's easy to implement, but without any clue on common use cases and I think this one would need that further context. Still a great video, just left me understanding something now that I won't likely use due to my not getting a grasp on when to use it.;3;0
UgwXWkp866240sUsSwp4AaABAg;None;bl98dm7vJt0;@echelonanglo2226;UCsMBzvbZGk7KydOeMJBteRQ;http://www.youtube.com/@echelonanglo2226;Only explanation i could find out there that made sense to me! amazing, thank you;Only explanation i could find out there that made sense to me! amazing, thank you;0;0
UgyVpGWP_ZBdFNnb20J4AaABAg;None;bl98dm7vJt0;@nour.m8205;UCvHEbnNIKuVKNfoLJNKrnrg;http://www.youtube.com/@nour.m8205;Awesome explanation! I was struggling a bit with this concept. Thanks!;Awesome explanation! I was struggling a bit with this concept. Thanks!;0;0
UgxGwC8OgKN5B2_CCmp4AaABAg;None;bl98dm7vJt0;@dianalisova2669;UCS-nQ9aOlQaUeojuVeTwR6Q;http://www.youtube.com/@dianalisova2669;Thank you so much for this clear explanation!;Thank you so much for this clear explanation!;1;0
UgzNBd5-z6Qki5YWXgp4AaABAg;None;bl98dm7vJt0;@ronpalmer7260;UCBoo_XAtbn_7MGfDLRTcKTw;http://www.youtube.com/@ronpalmer7260;Love your Christmas ad. Its epic.;Love your Christmas ad. Its epic.;0;0
UgyKqiUA1_ueQ5vdRwt4AaABAg;None;bl98dm7vJt0;@davejackson88;UCtTFhL7aB3RFxzxJ1fn_nug;http://www.youtube.com/@davejackson88;you given to me a lot of help.. thanks Sir;you given to me a lot of help.. thanks Sir;0;0
UgwRu2UaVCzxhV14Enx4AaABAg;None;bl98dm7vJt0;@ToddsDiscGolf;UCeiilBjsh_iGZJXzDdZgTNQ;http://www.youtube.com/@ToddsDiscGolf;This video really helped solidify the ideas after I spent hours on the codecademy “meal maker” project! Appetizers, mains, and desserts, oh my!;This video really helped solidify the ideas after I spent hours on the codecademy “meal maker” project! Appetizers, mains, and desserts, oh my!;0;1
UgxbWERTQlP7ukBKawB4AaABAg;None;bl98dm7vJt0;@AlexSchneiderDev;UC9yMf6Me2ZQ_qseKNN_F-3g;http://www.youtube.com/@AlexSchneiderDev;perfectly explained, thank you!;perfectly explained, thank you!;0;0
Ugz3uxuKP1uW6crfyw54AaABAg;None;bl98dm7vJt0;@ripplesr5655;UCAKZek6cg3lAx7PX38asbpw;http://www.youtube.com/@ripplesr5655;on spot! Thanks a lot for this Mosh!;on spot! Thanks a lot for this Mosh!;1;0
UgyGMkS9qxnHs8QyLJh4AaABAg;None;bl98dm7vJt0;@kimken8296;UCBpGruzfxwy4x-qOu5Ao2UQ;http://www.youtube.com/@kimken8296;amazing explanation!! Thanks so much!;amazing explanation!! Thanks so much!;1;0
Ugy2Vp3Hc2xsqUBht7Z4AaABAg;None;bl98dm7vJt0;@mohamedtawfik7344;UCJIxWtykEZdtgpNl2fuuHBg;http://www.youtube.com/@mohamedtawfik7344;Great , professional  way;Great , professional  way;0;0
UgwbEWVziWsYCydB9AJ4AaABAg;None;bl98dm7vJt0;@komybro4208;UCGlhH3el4H7ox6GTdKE-DrQ;http://www.youtube.com/@komybro4208;This guy is good at explaining;This guy is good at explaining;0;0
UgytUXeqvAWNc8a40Tl4AaABAg;None;bl98dm7vJt0;@coced;UC9gvoqnsp-45go4NpGKMfQA;http://www.youtube.com/@coced;You have no idea how long i tried to understand this;You have no idea how long i tried to understand this;1;0
UgyycnGlyHSRagIIvmp4AaABAg;None;bl98dm7vJt0;@chapman8369;UCJLY0iPiXRpNcp3_1FUKwWg;http://www.youtube.com/@chapman8369;thanks for explaining, finally understand setters;thanks for explaining, finally understand setters;0;0
Ugz-7RAAaqE2JO6ZH-N4AaABAg;None;bl98dm7vJt0;@homeofstasis;UCTQM7KQuC_09O3VFTFcwgSw;http://www.youtube.com/@homeofstasis;Insane explanation🌟;Insane explanation🌟;0;0
UgwKGp0zHobQnkVFDCl4AaABAg;None;bl98dm7vJt0;@mayurapathak1654;UCAUvSoic_Tw27SVBpEkK5Bg;http://www.youtube.com/@mayurapathak1654;Thank you ! very clear explanation.;Thank you ! very clear explanation.;0;0
Ugxh4XUoYLQm_EuRnux4AaABAg;None;bl98dm7vJt0;@geovaniraffaelli4508;UC_1QRQ3R4IC0LJCRBq8Ri8A;http://www.youtube.com/@geovaniraffaelli4508;"Thanks man, couldn&#39;t understand the example from Eloquent JS chapter 6 but this is crystal clear. You&#39;re the best.";Thanks man, couldn't understand the example from Eloquent JS chapter 6 but this is crystal clear. You're the best.;2;5
UgwnupKUyoE_AmvyLkd4AaABAg;None;bl98dm7vJt0;@shakeelahmedsiddiqi;UCuY7RlI44fFd_Iac4DkzSew;http://www.youtube.com/@shakeelahmedsiddiqi;Awesome video for beginners.;Awesome video for beginners.;1;0
UgznW26NTtDhg_Xm-lh4AaABAg;None;bl98dm7vJt0;@kentarotanaka568;UC1vAjfi6g13YJxctzJ4boyA;http://www.youtube.com/@kentarotanaka568;"Thank you!!! This is 1000x better than Treehouse&#39;s video on getters and setters. Their instructor they currently have is horrible. Plus it doesn&#39;t help when their sample code are using the same variable name that&#39;s confusing the heck out me. &quot;get owner(){....} set owner(owner){this._owner = owner; ....}. What the heck is going on! Also thanks for going over pre es2015 code. I would like to know or at least recognized the previous format when I come across it.";"Thank you!!! This is 1000x better than Treehouse's video on getters and setters. Their instructor they currently have is horrible. Plus it doesn't help when their sample code are using the same variable name that's confusing the heck out me. ""get owner(){....} set owner(owner){this._owner = owner; ....}. What the heck is going on! Also thanks for going over pre es2015 code. I would like to know or at least recognized the previous format when I come across it.";0;0
Ugy_eZXd5H2hCksIsz14AaABAg;None;g1C40tDP0Bk;@albatros280;UC3_0tMI1neG7qElwMYAXR6w;http://www.youtube.com/@albatros280;"Finally... Somebody who explains reduce well. MDN documentation didn&#39;t help me.";Finally... Somebody who explains reduce well. MDN documentation didn't help me.;470;18
UgyIhrn4NS2l04pGEU14AaABAg;None;g1C40tDP0Bk;@RetroRick1990;UCJV8VTy9mqPvmE0fN9258rQ;http://www.youtube.com/@RetroRick1990;"Awesome , just understand what is the role of the &quot;Accumulator&quot; and the &quot;Current Value&quot; makes everything very clear. Thank man!";"Awesome , just understand what is the role of the ""Accumulator"" and the ""Current Value"" makes everything very clear. Thank man!";8;0
Ugy3rz8p-VXc57xdplB4AaABAg;None;g1C40tDP0Bk;@haroldcjennettiii;UCM9HUc1zlJlAL6KBl1xo1fw;http://www.youtube.com/@haroldcjennettiii;"Once again Mosh shows why he&#39;s one of the best coding teachers. You make things very clear, because you explain what EVERYTHING is, in laymen&#39;s terms. A lot of coding teachers forget they&#39;re teaching beginners.";Once again Mosh shows why he's one of the best coding teachers. You make things very clear, because you explain what EVERYTHING is, in laymen's terms. A lot of coding teachers forget they're teaching beginners.;102;0
UgwsXKeXZ3yOR8MPCy94AaABAg;None;g1C40tDP0Bk;@tung01vuongtri33;UCaFGmUDAdC7AEjo3PKjaTuQ;http://www.youtube.com/@tung01vuongtri33;finally, I can totally understand the reduce method thanks to you, appreciate your channel;finally, I can totally understand the reduce method thanks to you, appreciate your channel;1;0
Ugx7cacGQjkn7jF_tKd4AaABAg;None;g1C40tDP0Bk;@johnisutsa1641;UCD2OCARZFy-xTcDoLh3Iz0g;http://www.youtube.com/@johnisutsa1641;"How am I only finding your tutorials now. You explain so well.  I&#39;m taking you with me for the rest of my Java script journey.";How am I only finding your tutorials now. You explain so well.  I'm taking you with me for the rest of my Java script journey.;2;0
Ugx-4hTHUkseLXQGPqt4AaABAg;None;g1C40tDP0Bk;@harwinderthakur9708;UCpV16jhxPfXeZxHJPKc4zSg;http://www.youtube.com/@harwinderthakur9708;I spent 20 minutes on mdn understanding all this. I got more confused there.Thanks man;I spent 20 minutes on mdn understanding all this. I got more confused there.Thanks man;8;0
UgyxsbhccGG2l67DEhd4AaABAg;None;g1C40tDP0Bk;@clarinetisfying;UCzTe8SZoWNm8smKXK028Rag;http://www.youtube.com/@clarinetisfying;"I love he teaches coding very clearly in a short amount of time. He&#39;s the best coding teacher.";I love he teaches coding very clearly in a short amount of time. He's the best coding teacher.;5;1
UgzFxqyu3SnYPAfMigZ4AaABAg;None;g1C40tDP0Bk;@WanBarmawi;UClB6Pj1kgnAYS7nmMl2GBKg;http://www.youtube.com/@WanBarmawi;The English is just so perfect for a non-native speaker like me. The explanation is so easy to understand too. Thank you so much, you get my subscription!;The English is just so perfect for a non-native speaker like me. The explanation is so easy to understand too. Thank you so much, you get my subscription!;0;0
UgxB3sdlQmf-IzTkJMh4AaABAg;None;g1C40tDP0Bk;@onyeukwuhycient438;UCRIAG989N8Q8kBmNKtqBbDg;http://www.youtube.com/@onyeukwuhycient438;"This is by far the clearest explanation I&#39;ve seen on the reduce method so far.. Thanks a lot Mr Mosh..";This is by far the clearest explanation I've seen on the reduce method so far.. Thanks a lot Mr Mosh..;1;0
UgyPBcecPk2LkTmizyp4AaABAg;None;g1C40tDP0Bk;@opasceptre;UCRMrKi20oB7-18NHOualkCg;http://www.youtube.com/@opasceptre;"Boss more blessing to you, love from Nigeria. You just explained all MDN couldn&#39;t in minutes";Boss more blessing to you, love from Nigeria. You just explained all MDN couldn't in minutes;1;0
Ugw8gY8TqOGhjC9DpTJ4AaABAg;None;g1C40tDP0Bk;@shayanfaghihi;UCXZBAbdokOCcpRTiHgz-r6g;http://www.youtube.com/@shayanfaghihi;"I&#39;ve explored every single line of MDN reference, but I didn&#39;t learn as much I could get from you. Appreciate that mate";I've explored every single line of MDN reference, but I didn't learn as much I could get from you. Appreciate that mate;0;0
UgwvzxONblvGRVStpDF4AaABAg;None;g1C40tDP0Bk;@zdargahi;UC9F3DmRu0AyItOWmGFqxfcg;http://www.youtube.com/@zdargahi;"It would be great if you explain how the accumulation can be an array or object, and how when instead of chaining map and filter we can use reduce. I guess it&#39;s in the complete course.";It would be great if you explain how the accumulation can be an array or object, and how when instead of chaining map and filter we can use reduce. I guess it's in the complete course.;69;3
UgyXd04tv-iIP17EJI94AaABAg;None;g1C40tDP0Bk;@nashpaints;UC9-7wQUcrwiaNQgs5lLE_zg;http://www.youtube.com/@nashpaints;Been looking high and low for a simple explanation of the reduce method, and only now I have found it. Thank you.;Been looking high and low for a simple explanation of the reduce method, and only now I have found it. Thank you.;0;0
UgwQegfbVSR227oyBBh4AaABAg;None;g1C40tDP0Bk;@rajabmuhamedrajab5128;UCAAFHYXJKYp8LSc17EHPwPQ;http://www.youtube.com/@rajabmuhamedrajab5128;Finally ... some who explain reduce well .Thanks;Finally ... some who explain reduce well .Thanks;1;0
Ugy71M9lh9F4HDvwOU14AaABAg;None;g1C40tDP0Bk;@Phoenix24Leas;UCIqzPn9ly0xhzdF8HfC6bBw;http://www.youtube.com/@Phoenix24Leas;"This is nice but it&#39;d be great if there was something on how to use reduce when making new objects/arrays";This is nice but it'd be great if there was something on how to use reduce when making new objects/arrays;6;0
UgzJi28GdohZumbjsg14AaABAg;None;g1C40tDP0Bk;@vedatsozen;UCFEqs428seTmqYfjljtKtsQ;http://www.youtube.com/@vedatsozen;Thank really. I was making a project. I am adding tips of bills as % to a calculation machine and i need to sum all tips and print. At the end i succeeded by looking to your tutorial. Thanks so much.;Thank really. I was making a project. I am adding tips of bills as % to a calculation machine and i need to sum all tips and print. At the end i succeeded by looking to your tutorial. Thanks so much.;0;0
UgwWEsiPG6ko2cfv3QF4AaABAg;None;g1C40tDP0Bk;@aiknowledge-n2s;UCxIEEOlF7UL-Jso9O6rdxbg;http://www.youtube.com/@aiknowledge-n2s;The first tutorial that made me understand reduce method. Thanks.;The first tutorial that made me understand reduce method. Thanks.;0;0
Ugz7CPsiEJFh49ds4iJ4AaABAg;None;g1C40tDP0Bk;@glantzcurious;UCsd8xYJkfR1nbn2gaKbPU3g;http://www.youtube.com/@glantzcurious;Thank you Mosh. I wish everyone can explain things as clearly as  you.;Thank you Mosh. I wish everyone can explain things as clearly as  you.;1;0
UgwQDrMfmaJPOutvZcB4AaABAg;None;g1C40tDP0Bk;@EnricMartin1987;UCXkcAAjb81GAulgdGTLqv8g;http://www.youtube.com/@EnricMartin1987;Thank you Mosh. This is one of the best explanations about how to use reduce, that I could find on YouTube.;Thank you Mosh. This is one of the best explanations about how to use reduce, that I could find on YouTube.;0;0
UgwAzGTpbxj55VOKnex4AaABAg;None;g1C40tDP0Bk;@timilehinoni;UC5wrmiWYbUYEVu1OQiTfzLQ;http://www.youtube.com/@timilehinoni;By far the best explanation of reduce I have gotten haven watch tones of videos and tutorials;By far the best explanation of reduce I have gotten haven watch tones of videos and tutorials;0;0
UgztJtVnAAJbQuotIxV4AaABAg;None;g1C40tDP0Bk;@sogggy;UC-s-nRaHKvGYJlUOh7IMQ_A;http://www.youtube.com/@sogggy;"i just bought a 100 algorithms course from <a href=""http://udemy.com/"">udemy.com</a>.  I prefer the way you teach.  You explain everything thoroughly, the course instructor seemed to rush through the videos.";i just bought a 100 algorithms course from udemy.com.  I prefer the way you teach.  You explain everything thoroughly, the course instructor seemed to rush through the videos.;0;0
Ugw6lVJpzoVTznoQINJ4AaABAg;None;g1C40tDP0Bk;@Nessquickable;UCbltud6vJvmFo51QF3aYwjQ;http://www.youtube.com/@Nessquickable;"Hadn&#39;t got used to that reduce method and was struggling for a while, only took me a minute of your explanation to spark a lightbulb in my head and I felt relieved. Thank you.";Hadn't got used to that reduce method and was struggling for a while, only took me a minute of your explanation to spark a lightbulb in my head and I felt relieved. Thank you.;2;1
UgyazOPtjLtm6mm2qDx4AaABAg;None;g1C40tDP0Bk;@dioncadiz;UCSggkqg6Y60jTSihWc3c8Ag;http://www.youtube.com/@dioncadiz;Best method of teaching reduce method from complicated to its simplest possible form all under 10mins. You are amazing good sir. Thank you;Best method of teaching reduce method from complicated to its simplest possible form all under 10mins. You are amazing good sir. Thank you;0;0
UgwlchALB6sg-VcbURR4AaABAg;None;g1C40tDP0Bk;@martinlipinski1403;UCU4ienhXEfw0fWWKYvV6NXA;http://www.youtube.com/@martinlipinski1403;"You are a king in easy explaining<a href=""UCkszU2WH9gy1mb0dV-11UJg/ePgfY-K2Kp6Mr8oP1oqAwAc""></a><a href=""UCkszU2WH9gy1mb0dV-11UJg/ePgfY-K2Kp6Mr8oP1oqAwAc""></a><a href=""UCkszU2WH9gy1mb0dV-11UJg/ePgfY-K2Kp6Mr8oP1oqAwAc""></a><a href=""UCkszU2WH9gy1mb0dV-11UJg/ePgfY-K2Kp6Mr8oP1oqAwAc""></a>";You are a king in easy explaining;0;0
Ugzr4cDnfm6Mv0Lpw-l4AaABAg;None;g1C40tDP0Bk;@millertime6;UCUHnhbzvksLK56goo7Gr39Q;http://www.youtube.com/@millertime6;Took me a while to get reduce even after learning all the other iteration methods. Thank you!;Took me a while to get reduce even after learning all the other iteration methods. Thank you!;1;0
UgwkRVpI8jz04XRLIX94AaABAg;None;g1C40tDP0Bk;@MatchesMaloneThe3rd;UCBe2wnhxwT98BwSREvDm-Gg;http://www.youtube.com/@MatchesMaloneThe3rd;"Cleanest explanation I&#39;ve seen so far. You just earned yourself a sub.";Cleanest explanation I've seen so far. You just earned yourself a sub.;1;0
UgyYrnEnm2vOD1PhtrV4AaABAg;None;g1C40tDP0Bk;@diegodmitry;UCT2UWg0jowBAqZEF9jUSp5Q;http://www.youtube.com/@diegodmitry;"I&#39;m from Brazil, but you explained so well. Thanks a lot!";I'm from Brazil, but you explained so well. Thanks a lot!;0;0
UgyV5WXDmW4EJWcja4l4AaABAg;None;g1C40tDP0Bk;@bevedel;UCDigEisjqKMEm8IYgwYuUrw;http://www.youtube.com/@bevedel;After watching this higher education, I was finally able to deeply understand it. Thank you!;After watching this higher education, I was finally able to deeply understand it. Thank you!;0;0
Ugy8j1Icn4Sp8IjOAXN4AaABAg;None;g1C40tDP0Bk;@alvarosena858;UCfSfapk8JZx4hyPULutQV5w;http://www.youtube.com/@alvarosena858;This video is posted a long time ago, but for the first time i understand reduce. Thanks Mosh!;This video is posted a long time ago, but for the first time i understand reduce. Thanks Mosh!;0;0
UgwJbAMN5MAOye90SDF4AaABAg;None;g1C40tDP0Bk;@sdwhitesox8039;UC0IsSCbOrs-b-etr1Gfbb6w;http://www.youtube.com/@sdwhitesox8039;"&quot;Just check MDN&quot; does not help. These videos are the only things out there that actually explain anything. Thanks Mosh.";"""Just check MDN"" does not help. These videos are the only things out there that actually explain anything. Thanks Mosh.";0;0
UgzIlXsI0t3woPChsHd4AaABAg;None;g1C40tDP0Bk;@cbehen;UCmOABiIUCvm2qoD2-awT15A;http://www.youtube.com/@cbehen;actually, it must be accumulator += currentValue but just + works here maybe because of reduce method is holding the current value in memory for every iteration.;actually, it must be accumulator += currentValue but just + works here maybe because of reduce method is holding the current value in memory for every iteration.;1;0
UgyfBnAmgz0OfX7LrNp4AaABAg;None;g1C40tDP0Bk;@yahayaoyinkansola8258;UCKs8uKfdEv-NNWOCGUzO2tQ;http://www.youtube.com/@yahayaoyinkansola8258;Thank you Mosh for this well detailed explanation on the reduce() method, it has helped me understand it better;Thank you Mosh for this well detailed explanation on the reduce() method, it has helped me understand it better;0;0
UgzG0kaczE7Bg9vO2PJ4AaABAg;None;g1C40tDP0Bk;@furn2313;UCROMDJkdiypZSltlH3z8Y7Q;http://www.youtube.com/@furn2313;Mosh is everything a newbie needs!!!;Mosh is everything a newbie needs!!!;0;0
UgwmLanzb8WwxGavvCx4AaABAg;None;g1C40tDP0Bk;@mariodmp;UC-bq0jlg7cKFPMK0sAsLxgw;http://www.youtube.com/@mariodmp;This is super detailed, yet simple to understand, just great!;This is super detailed, yet simple to understand, just great!;2;0
UgyG9DE7_05SdAxZbTJ4AaABAg;None;g1C40tDP0Bk;@mavs4life248;UCK-RMNhjhYz5ZTpfMFovvbw;http://www.youtube.com/@mavs4life248;Thank you for breaking this down in detail. Very easy to understand.;Thank you for breaking this down in detail. Very easy to understand.;0;0
Ugw5PhFeFPSNcnxwkAJ4AaABAg;None;g1C40tDP0Bk;@katebekatuka3447;UCP89l_F1g3G9TKH76SaYGqQ;http://www.youtube.com/@katebekatuka3447;This explanation is way better than the documentation.;This explanation is way better than the documentation.;0;0
Ugx5an8l_aoLlwcQ39t4AaABAg;None;g1C40tDP0Bk;@muthukumar8009;UCdjvhTsP0zH-_B8X939YKTQ;http://www.youtube.com/@muthukumar8009;"great explanation Mosh.. <br>[...Array(1000)].reduce((acc, elem) =&gt; {<br>    return acc + &#39;Thanks Mosh &#39;;<br>}, [&#39;Great Explanation &#39;]);";"great explanation Mosh.. 
[...Array(1000)].reduce((acc, elem) => {
    return acc + 'Thanks Mosh ';
}, ['Great Explanation ']);";1;0
UgxkS_YgYJLC_11E-Sh4AaABAg;None;g1C40tDP0Bk;@j.k.ravshanovich;UC8tYoS-BuRYFgXe1F3-SLiA;http://www.youtube.com/@j.k.ravshanovich;Explained better than MDN. Good job!;Explained better than MDN. Good job!;0;0
UgxhvD2DOoWBXdOhhxV4AaABAg;None;g1C40tDP0Bk;@RedBricksTraffic;UCu6cdpy5PDxGusmUSOlCdJw;http://www.youtube.com/@RedBricksTraffic;Having it explained in video form is so much easier for me than reading it. Thank you!;Having it explained in video form is so much easier for me than reading it. Thank you!;1;1
UgyQ0L6wmo_8eiCDOSp4AaABAg;None;g1C40tDP0Bk;@CrydonPT;UCt9PuU6wvfYeI4Az5iwae1Q;http://www.youtube.com/@CrydonPT;Thank you for explaining this right! No one seems to explain the first callback value as the accumulator but yet as the previous value.;Thank you for explaining this right! No one seems to explain the first callback value as the accumulator but yet as the previous value.;0;0
Ugx2AD4Uosjfj1ALr-h4AaABAg;None;g1C40tDP0Bk;@justinlangley1056;UCWdMewICqKq4U0pPPZFNmfQ;http://www.youtube.com/@justinlangley1056;"Literally just spent an hour trying to figure this out from reading on MDN. I understood beforehand how reducing works. I&#39;m familiar with the concept from a few other languages, which implement it more elegantly through lambda expressions. Javascript syntax can be odd at first, and it all came down to simple syntax errors I was making.";Literally just spent an hour trying to figure this out from reading on MDN. I understood beforehand how reducing works. I'm familiar with the concept from a few other languages, which implement it more elegantly through lambda expressions. Javascript syntax can be odd at first, and it all came down to simple syntax errors I was making.;0;0
UgxZAYmMBesfDBTkSuV4AaABAg;None;g1C40tDP0Bk;@АннаАгабекян-ю8т;UCsHmMDiXvv7FXYuB2Wdb3VA;http://www.youtube.com/@%D0%90%D0%BD%D0%BD%D0%B0%D0%90%D0%B3%D0%B0%D0%B1%D0%B5%D0%BA%D1%8F%D0%BD-%D1%8E8%D1%82;Hooray, finally someone explained normally .. thank you very much!;Hooray, finally someone explained normally .. thank you very much!;0;0
UgyN23W7Z5Uny-9635x4AaABAg;None;g1C40tDP0Bk;@brain8893;UC9jVrYMGATDm7MjC-AKsO5Q;http://www.youtube.com/@brain8893;Wow this guy is simply the best and you cannot dispute that;Wow this guy is simply the best and you cannot dispute that;0;0
Ugx7yjlHnB5qru-f2DN4AaABAg;None;g1C40tDP0Bk;@jame_sta;UCwTk8FSDiDEZ4iWKu0nKsBA;http://www.youtube.com/@jame_sta;"You&#39;re the BEST Instructor I&#39;ve ever come across +ProgrammingwithMosh<br><b>sheds a tear</b>  LOL :D -- I can&#39;t wait for more JS videos!!!!!";"You're the BEST Instructor I've ever come across +ProgrammingwithMosh
*sheds a tear*  LOL :D -- I can't wait for more JS videos!!!!!";1;0
UgyHyexQcNVuVbZOOiN4AaABAg;None;g1C40tDP0Bk;@ahnaafarafee;UCDpU6kV_IfwzOCcEY4SZg_g;http://www.youtube.com/@ahnaafarafee;I was totally in the dark with this Reduce thing...thanks for explaining🙏 great help 👏👏👏;I was totally in the dark with this Reduce thing...thanks for explaining🙏 great help 👏👏👏;0;0
Ugz_wRt7iRJC0Srpimd4AaABAg;None;g1C40tDP0Bk;@ayromo7;UCMdTdBtZA0Lr5In5iXlcVBQ;http://www.youtube.com/@ayromo7;"Excellent explanation. I was confused how it worked until I saw this. Keep doing what you&#39;re doing man!";Excellent explanation. I was confused how it worked until I saw this. Keep doing what you're doing man!;0;0
Ugy9irueIi2p_No4PQ54AaABAg;None;g1C40tDP0Bk;@xomgitsjay;UCC_k9WZWnGnditM2Dzw826w;http://www.youtube.com/@xomgitsjay;Wow, so I was trying to understand this by reading it on MDN and it was just not sinking in.  This helped SO much!  Thank you good sir.;Wow, so I was trying to understand this by reading it on MDN and it was just not sinking in.  This helped SO much!  Thank you good sir.;0;0
UgxPl7rS0DfEva6c1cl4AaABAg;None;g1C40tDP0Bk;@floridaman7;UCz4RJBQNPHs29EU6RHgYAyw;http://www.youtube.com/@floridaman7;This is a better description than coding academy.;This is a better description than coding academy.;0;0
UgwOGnFJHnoUjPj-sYV4AaABAg;None;g1C40tDP0Bk;@hebahamdi3855;UCZTNX5wTt9qnD5htR3RSRgA;http://www.youtube.com/@hebahamdi3855;Thank you for making js clear and simple to understand;Thank you for making js clear and simple to understand;1;0
Ugxqj6eSxaP_buwcPjN4AaABAg;None;g1C40tDP0Bk;@rpb4865;UCjFTtvp4tGH5dQH6x4W4U9w;http://www.youtube.com/@rpb4865;"Can anyone explain why for loop or foreach is &quot;old way&quot; and reduce is more &quot;elegant way&quot;?<br>I find the&quot;old way&quot; more readable than the &quot;elegant way&quot;";"Can anyone explain why for loop or foreach is ""old way"" and reduce is more ""elegant way""?
I find the""old way"" more readable than the ""elegant way""";18;2
UgyVtyBKJ_4dlti7Nrd4AaABAg;None;uJLwnsLn0_Q;@utpalbarman6125;UCCKrgCq6K_z0jVNioclmIjg;http://www.youtube.com/@utpalbarman6125;Thanks Mosh, these topics are helpful for a quick look before any job interview, data structure is very common topic in any CS related job interview, I can still remember that I was asked about Bubble Sort in an interview, and to explain the complexity. Happy to see you code in Java.;Thanks Mosh, these topics are helpful for a quick look before any job interview, data structure is very common topic in any CS related job interview, I can still remember that I was asked about Bubble Sort in an interview, and to explain the complexity. Happy to see you code in Java.;31;1
UgznwKXmc36Gacmmbbh4AaABAg;None;uJLwnsLn0_Q;@zeloguy;UC_p5Jj_gnb-sI9KWcNMU0Nw;http://www.youtube.com/@zeloguy;"OMG I haven&#39;t heard of the Bubble Sort since college in &#39;92!";OMG I haven't heard of the Bubble Sort since college in '92!;30;0
UgxnuLU6ddpSm-yqU7l4AaABAg;None;uJLwnsLn0_Q;@ashishpuma3950;UCZGYAYhFdmqHf3mK1y_DI4Q;http://www.youtube.com/@ashishpuma3950;"Just completed your course from Udemy and I&#39;m in love with the way of your teaching! So glad you have a YouTube channel!";Just completed your course from Udemy and I'm in love with the way of your teaching! So glad you have a YouTube channel!;4;0
UgzJRS_OVwyKld9w01N4AaABAg;None;uJLwnsLn0_Q;@AaronAsherRandall;UCYF59fqJYuri5FhamBu8gSA;http://www.youtube.com/@AaronAsherRandall;I’m a C# dev and I am just shocked at how similar Java is to C#. It is literally 95% the same syntactically! I guess I know Java now 😂;I’m a C# dev and I am just shocked at how similar Java is to C#. It is literally 95% the same syntactically! I guess I know Java now 😂;17;1
UgwQGLBtIKRQJmKQGVt4AaABAg;None;uJLwnsLn0_Q;@alestoraldous7036;UCXF45_ptY0667gt3m_JfFBA;http://www.youtube.com/@alestoraldous7036;mosh is one among the best instructors;mosh is one among the best instructors;47;4
UgzgDO4YS0c6EC4GDAZ4AaABAg;None;uJLwnsLn0_Q;@jimshapedcoding;UCU8d7rcShA7MGuDyYH1aWGg;http://www.youtube.com/@jimshapedcoding;"Mosh gave me the motivation to try my own luck in being an instructor on my YouTube Channel.<br>I wish I will have his calmness and perfect explaining skills just as he does.<br>Lots of love Mosh &lt;3";"Mosh gave me the motivation to try my own luck in being an instructor on my YouTube Channel.
I wish I will have his calmness and perfect explaining skills just as he does.
Lots of love Mosh <3";7;0
UgypaFKCIbS9Jed-alt4AaABAg;None;uJLwnsLn0_Q;@mahmudulislam5303;UCrIODbxvieEENROq2C5BYkQ;http://www.youtube.com/@mahmudulislam5303;thank you Mosh. It has been a great pleasure to learn from you in youtube and udemy. You are a great teacher. You make complex things so easier, I am grateful to you.;thank you Mosh. It has been a great pleasure to learn from you in youtube and udemy. You are a great teacher. You make complex things so easier, I am grateful to you.;4;0
UgxKbP4RzVJN_SdrJ0R4AaABAg;None;uJLwnsLn0_Q;@umarsiddique511;UC84eewfinOyVoTBi-KsarDw;http://www.youtube.com/@umarsiddique511;Mosh u r the best among all . u r the only instructor.  who teaches like that.  thank u.;Mosh u r the best among all . u r the only instructor.  who teaches like that.  thank u.;8;1
UgyHwHZgIxijnJ5p7OF4AaABAg;None;uJLwnsLn0_Q;@keyasarker1559;UCHsvkw7keHImpdkKAHk0jtQ;http://www.youtube.com/@keyasarker1559;"I have done your 6 hour python course and other 2 too.<br>You are the best teacher i have ever seen in my life.Hats off to you.May you see my comment.<br>I have a ❓ <br>My django site was not found, when i cannot find it, when searched it through another mobile<br>It said&quot;error 404&quot;";"I have done your 6 hour python course and other 2 too.
You are the best teacher i have ever seen in my life.Hats off to you.May you see my comment.
I have a ❓ 
My django site was not found, when i cannot find it, when searched it through another mobile
It said""error 404""";0;0
UgwAS8NZg4mSucrBNsd4AaABAg;None;uJLwnsLn0_Q;@bharat_thapa_;UCe65Qoa6-G6iujkWQA9vzdQ;http://www.youtube.com/@bharat_thapa_;"Only if YouTube were filled with such good content, it would be paradise for IT students.<br>Your approach to teach is just beautiful.<br>I need to ask this to you @Mosh:<br>&quot;Your opinion on PHP programming language&quot;<br>Thanks!";"Only if YouTube were filled with such good content, it would be paradise for IT students.
Your approach to teach is just beautiful.
I need to ask this to you @Mosh:
""Your opinion on PHP programming language""
Thanks!";2;0
Ugw6RjxWErCW_YZAtEV4AaABAg;None;uJLwnsLn0_Q;@fast5883;UCB-SrJHGsnATwVahIS88PqQ;http://www.youtube.com/@fast5883;Best experienced instructor ever!!!;Best experienced instructor ever!!!;1;0
UgwkA04dTXXY1HqeI_t4AaABAg;None;uJLwnsLn0_Q;@arifbillahsheikh9452;UCcElhEcVP9Trt_mXk3YRWuw;http://www.youtube.com/@arifbillahsheikh9452;Hi mosh this is Arif Billah from bangladesh. Youre my true mentor thank you so much;Hi mosh this is Arif Billah from bangladesh. Youre my true mentor thank you so much;3;4
UgzjjrLXobONIT7z9AZ4AaABAg;None;uJLwnsLn0_Q;@feranmiafrica9528;UCOUWjWxcV00zv3hOJivVbJg;http://www.youtube.com/@feranmiafrica9528;"I&#39;m currently taking your react native course.. you&#39;re just the best";I'm currently taking your react native course.. you're just the best;12;2
Ugy5-reegHwyZHgy_K94AaABAg;None;uJLwnsLn0_Q;@Aryan-ly5ho;UCZScQllRu6HMp_MK1P4i7uw;http://www.youtube.com/@Aryan-ly5ho;Mosh you are professional. You make a Quality base video in less earning 💰 . THANK YOU .;Mosh you are professional. You make a Quality base video in less earning 💰 . THANK YOU .;2;0
UgwyeW5tcRdj_xp4vyh4AaABAg;None;uJLwnsLn0_Q;@nishantrohilla5058;UCvm_tc4_xOS9vWDg1Gee2Uw;http://www.youtube.com/@nishantrohilla5058;Your are the beast teacher i am of 14 and from India I learn python with the help of you thankyou for help you are the beast instructer i make some programme with the help of you python corsethankyou<br> very much and losts of love from India 🇮🇳🇮🇳;"Your are the beast teacher i am of 14 and from India I learn python with the help of you thankyou for help you are the beast instructer i make some programme with the help of you python corsethankyou
 very much and losts of love from India 🇮🇳🇮🇳";3;1
UgytQIdtjCyFPr9Bk9d4AaABAg;None;uJLwnsLn0_Q;@silambarasan.ssethu9367;UCzHT-9X8tZX4L11bNGN4c-w;http://www.youtube.com/@silambarasan.ssethu9367;"Hey  Mosh , ur comment about this logic,<br>  void bubble(int[] arr) {<br>    int arrLength = arr.length;<br>    int maxSwapIndex = 0;<br>    while (arrLength &gt; 0) {<br>      maxSwapIndex = 0;<br>      for (int i = 1; i &lt; arr.length; i++) {<br>        if (arr[i - 1] &gt; arr[i]) {<br>          swap(arr, i - 1, i);<br>          maxSwapIndex = i;<br>        }<br>      }<br>      arrLength = maxSwapIndex;<br>    }<br><br>  }";"Hey  Mosh , ur comment about this logic,
  void bubble(int[] arr) {
    int arrLength = arr.length;
    int maxSwapIndex = 0;
    while (arrLength > 0) {
      maxSwapIndex = 0;
      for (int i = 1; i < arr.length; i++) {
        if (arr[i - 1] > arr[i]) {
          swap(arr, i - 1, i);
          maxSwapIndex = i;
        }
      }
      arrLength = maxSwapIndex;
    }

  }";0;0
UgxWVKCwvu0Pupj910p4AaABAg;None;uJLwnsLn0_Q;@GfoxSim;UCrmepHwMwDcMvfD6h_mxllg;http://www.youtube.com/@GfoxSim;The best programmer and instructor I’ve ever seen!;The best programmer and instructor I’ve ever seen!;0;0
UgzZ-ZLKD0DfuX9VD5p4AaABAg;None;uJLwnsLn0_Q;@Ophois47;UCTMKhvF46oelSCjXyTCfi0Q;http://www.youtube.com/@Ophois47;"This was a great one Mosh, we can&#39;t thank you enough for what you do.";This was a great one Mosh, we can't thank you enough for what you do.;4;0
Ugw9iJ8d2Ij6XT8l7ap4AaABAg;None;uJLwnsLn0_Q;@Vassimau;UCt_S3ss_HmsMrtsY2tg6MYg;http://www.youtube.com/@Vassimau;"I had no clue you could declare variables inside your for loop. That&#39;s awesome.";I had no clue you could declare variables inside your for loop. That's awesome.;0;0
UgynUnubh1NphzT8zot4AaABAg;None;uJLwnsLn0_Q;@kavinbharathi;UCts--_-aLXj_wGID3o3o3gg;http://www.youtube.com/@kavinbharathi;"for people trying to do in python :<br>```<br><br>def bubble(arr):<br>    n = len(arr)<br><br>    def swap(arr, i, j):<br>        arr[i], arr[j] = arr[j], arr[i]<br>        # print(&#39;=&gt;&#39;, arr, end=&#39; &#39;)<br><br>    for i in range(n - 1):<br>        for j in range(abs(i - n) - 1):<br>            if arr[j] &gt; arr[j + 1]:<br>                swap(arr, j, j + 1)<br>                # print(&#39;j = &#39; + str(j))<br><br>    return arr<br>```<br>hope it helps.";"for people trying to do in python :
```

def bubble(arr):
    n = len(arr)

    def swap(arr, i, j):
        arr[i], arr[j] = arr[j], arr[i]
        # print('=>', arr, end=' ')

    for i in range(n - 1):
        for j in range(abs(i - n) - 1):
            if arr[j] > arr[j + 1]:
                swap(arr, j, j + 1)
                # print('j = ' + str(j))

    return arr
```
hope it helps.";0;0
Ugw6pBRghwZeSyGagf14AaABAg;None;uJLwnsLn0_Q;@sujitprabhakaran9886;UCMCvs5SK3shhZ27mPwaROzQ;http://www.youtube.com/@sujitprabhakaran9886;Mosh has got a million dollar Smile. Just by looking at him smile makes me very happy even in my toughest of times.;Mosh has got a million dollar Smile. Just by looking at him smile makes me very happy even in my toughest of times.;0;0
Ugy8oIm61E-XdRPjUwJ4AaABAg;None;uJLwnsLn0_Q;@angmathew4377;UCTrkfB7mDnTS956vKBeGFiA;http://www.youtube.com/@angmathew4377;nice optimization. We also love to hear atleast one use case where it can be used practically other than in exams or interviews.;nice optimization. We also love to hear atleast one use case where it can be used practically other than in exams or interviews.;1;0
Ugxr0FpgKV1MxoZ7Xvd4AaABAg;None;uJLwnsLn0_Q;@bishalbomjan8379;UCTkk0bcYvdvaxW_Y8sPN1Hg;http://www.youtube.com/@bishalbomjan8379;Sir you are god level in programming.;Sir you are god level in programming.;1;0
UgzRWsIrCIzebIJ-6pR4AaABAg;None;uJLwnsLn0_Q;@sampurnakc;UC1qRBaG4u6dDhfNP4yxStCA;http://www.youtube.com/@sampurnakc;If only I had full access to his courses!;If only I had full access to his courses!;2;0
Ugx9WGllukAEPcF59zd4AaABAg;None;uJLwnsLn0_Q;@sagniksaha4179;UCr68SX2K99oSFQ8aFO5-ytw;http://www.youtube.com/@sagniksaha4179;I love your teaching .sir pls make a video on how to think for the soln of any given programming problem.;I love your teaching .sir pls make a video on how to think for the soln of any given programming problem.;4;0
Ugx2iktj9GuIJIj6Xrd4AaABAg;None;uJLwnsLn0_Q;@raphaelnk5492;UCdgD6tFpc4_22cZ2pHNZ_KA;http://www.youtube.com/@raphaelnk5492;"Wow... That&#39;s brilliant. Using array.length - i";Wow... That's brilliant. Using array.length - i;0;0
Ugw8wy6D1BvbWg5x25B4AaABAg;None;uJLwnsLn0_Q;@infomoreandmore;UC4YN_BXQ8YcyC5PDrBXPuXg;http://www.youtube.com/@infomoreandmore;I was really stuck on second iteration.....and this video saved my brain.....<br><br>Thanks...<br><br>:?;"I was really stuck on second iteration.....and this video saved my brain.....

Thanks...

:?";0;0
UgyChKSVFx2JjfNgTXF4AaABAg;None;uJLwnsLn0_Q;@xxwolf_gamezxx3358;UCScNFGz9mmQTu887rs4c4vw;http://www.youtube.com/@xxwolf_gamezxx3358;You are amazing, I have watched and completed all of your courses. I think you are the best programmer in the world;You are amazing, I have watched and completed all of your courses. I think you are the best programmer in the world;1;1
UgwiGOpHJFiTjPfM_654AaABAg;None;uJLwnsLn0_Q;@Bandit-is8zi;UCqdWajhjBPsDTZsvaOMLcxA;http://www.youtube.com/@Bandit-is8zi;I am proud of myself i menage to make my own sorting algoritham tonight and i didnt even knowing of bubble sort, i write it in c++ and after that asked in discord and actually find out that is my program actually bubble sort;I am proud of myself i menage to make my own sorting algoritham tonight and i didnt even knowing of bubble sort, i write it in c++ and after that asked in discord and actually find out that is my program actually bubble sort;0;0
UgxRXbWv1GKQGy6Nn154AaABAg;None;uJLwnsLn0_Q;@retrojimmyx;UCr2QGC7Woq1TQCI5UAjKOsA;http://www.youtube.com/@retrojimmyx;Glad you optimised at the end there. Nice vid, thanks.;Glad you optimised at the end there. Nice vid, thanks.;1;0
UgxnvV1UHUWqGtVSFTp4AaABAg;None;uJLwnsLn0_Q;@JV-gv5gz;UCyBOORMAFQkg3lXYhkJk5Iw;http://www.youtube.com/@JV-gv5gz;Really really thanks, your video was the first that could explain to me this in a simple way 😅;Really really thanks, your video was the first that could explain to me this in a simple way 😅;0;0
UgzD-7oOyC9Uj9XkNxh4AaABAg;None;uJLwnsLn0_Q;@Dev_God;UCs5Hf802RV43ZsF49GQe4HA;http://www.youtube.com/@Dev_God;Thanks, Mosh! This is a fantastic video that helps me understand how it is really working! I understand the bubble sort from the book, but I never knew how to code without your video!;Thanks, Mosh! This is a fantastic video that helps me understand how it is really working! I understand the bubble sort from the book, but I never knew how to code without your video!;1;0
UgwTmAaejn_NyABsRLZ4AaABAg;None;uJLwnsLn0_Q;@aneeshkatkam8271;UCygDupr9MXlgs0qs0FV4vfA;http://www.youtube.com/@aneeshkatkam8271;Mosh thank you for more courses am a fan;Mosh thank you for more courses am a fan;1;0
Ugwa3g3RbVtIobfECtR4AaABAg;None;uJLwnsLn0_Q;@averageguy985;UCUek_zvdpf-IEiWIYvjtpjg;http://www.youtube.com/@averageguy985;Yes, we need more of the algorithms lectures;Yes, we need more of the algorithms lectures;2;2
UgwHLx9Jj_ivfzNRZI54AaABAg;None;uJLwnsLn0_Q;@acodingknowledge5818;UCfC7tspqSZAKv7yVMynocrw;http://www.youtube.com/@acodingknowledge5818;You are the best one mr.mosh, the one of people who I want to be like is you, tnx a lot from your teachs.🤗;You are the best one mr.mosh, the one of people who I want to be like is you, tnx a lot from your teachs.🤗;0;0
UgxcyH5QdTttEjyNNvl4AaABAg;None;uJLwnsLn0_Q;@malteeaser101;UCr0DdP3oLC_5bZ7xnw9Afag;http://www.youtube.com/@malteeaser101;"Funny how I&#39;ve basically used the bubble sort algorithm my entire life, when mentally sorting lists, without ever knowing there was a name for it";Funny how I've basically used the bubble sort algorithm my entire life, when mentally sorting lists, without ever knowing there was a name for it;0;0
UgzZNY7FgQoKYdvXvQd4AaABAg;None;uJLwnsLn0_Q;@yayahkamara5468;UCxIssSIK0Z7x_yjVh9Ep4lg;http://www.youtube.com/@yayahkamara5468;Thanks Mosh;Thanks Mosh;0;0
UgxCB41cu8DUmrmbR1d4AaABAg;None;uJLwnsLn0_Q;@talhasiddique2376;UC4fF5N5ODgdlNTpz9sy1xnA;http://www.youtube.com/@talhasiddique2376;Thank you Professor Mosh Hamedani for the tutorials. If I were able to take your courses I would definitely grab the chances to do your coursrs.;Thank you Professor Mosh Hamedani for the tutorials. If I were able to take your courses I would definitely grab the chances to do your coursrs.;1;0
UgysFQH9eFUvEprJ4q54AaABAg;None;uJLwnsLn0_Q;@آلاءأحمد-غ9م;UCkonwXjvb9dTjAp6ce1X8qw;http://www.youtube.com/@%D8%A2%D9%84%D8%A7%D8%A1%D8%A3%D8%AD%D9%85%D8%AF-%D8%BA9%D9%85;Thanks a lot ! <br>You explained it in just 11 minutes and saved me 💙💙💙💙;"Thanks a lot ! 
You explained it in just 11 minutes and saved me 💙💙💙💙";0;0
UgxY5Hb1M2rQ2VYZIKt4AaABAg;None;uJLwnsLn0_Q;@aminpourhadi6188;UC__VcNbWBAdD9KAdC-br97w;http://www.youtube.com/@aminpourhadi6188;"Hi Mosh! <br>Thanks for the brief and clear explanation. But I would like to suggest to use JS instead of Java. because it more general + everybody can use it even in his browser and easy to understand 😉<br>however, you are amazing &amp; kardorost😎";"Hi Mosh! 
Thanks for the brief and clear explanation. But I would like to suggest to use JS instead of Java. because it more general + everybody can use it even in his browser and easy to understand 😉
however, you are amazing & kardorost😎";2;0
UgzZ-y_Ha1nCm-1cq5Z4AaABAg;None;uJLwnsLn0_Q;@saadkhan7891;UC3qskoVycKRx8q2Db9cK1WQ;http://www.youtube.com/@saadkhan7891;"Sir, I&#39;m your student from Pakistan<br>I love your videos so much<br>sir the reason for my texting you is a request that can you please upload tutorial about web scraping with python<br>i watch many videos on youtube but your method of teaching was too good i really loved it<br>can you please do that for your students";"Sir, I'm your student from Pakistan
I love your videos so much
sir the reason for my texting you is a request that can you please upload tutorial about web scraping with python
i watch many videos on youtube but your method of teaching was too good i really loved it
can you please do that for your students";0;0
UgzUZEW8wGJRCH4wKsZ4AaABAg;None;uJLwnsLn0_Q;@shuvramdutta8362;UCpTcANEoDuAVk8AlFfb1aSA;http://www.youtube.com/@shuvramdutta8362;Hello sir .<br>        First of all thank you very much for your tutorial courses, I learnt a lot from them and you are one of the best instructor .<br>         Sir, can make a tutorial course on machine learning or a complete stack on data science.;"Hello sir .
        First of all thank you very much for your tutorial courses, I learnt a lot from them and you are one of the best instructor .
         Sir, can make a tutorial course on machine learning or a complete stack on data science.";1;0
Ugx8q38STJK9QMg0_wR4AaABAg;None;uJLwnsLn0_Q;@siddarth_thiru;UC3jrIdI3jjgngHUvuo9rezw;http://www.youtube.com/@siddarth_thiru;"Mosh when will we get Android development tutorial. Please 😭 (it&#39;s been years)";Mosh when will we get Android development tutorial. Please 😭 (it's been years);10;0
UgyV6cKA1flDWGgnVgl4AaABAg;None;uJLwnsLn0_Q;@krzysztofmazurkiewicz5270;UCJrEpiJIZ--dVEvSrO37_Fg;http://www.youtube.com/@krzysztofmazurkiewicz5270;I wish my coding teacher explained it like that :) Nice one!;I wish my coding teacher explained it like that :) Nice one!;0;0
UgxpKEt7JS0YpspRd9B4AaABAg;None;uJLwnsLn0_Q;@khalidjabr7089;UCnGXXJipzrF34I2Zc9Ohesg;http://www.youtube.com/@khalidjabr7089;thank you for these incredible videos , you helped me in python and C sharp but i was wondering if you can do a video about data structure and algorithm in C++ <br>hope you read this comment;"thank you for these incredible videos , you helped me in python and C sharp but i was wondering if you can do a video about data structure and algorithm in C++ 
hope you read this comment";1;0
Ugz7-9mWFDWwC10E8Ph4AaABAg;None;uJLwnsLn0_Q;@ASMRCollection0;UCixw4a6efNdG_dcOWB_CCGg;http://www.youtube.com/@ASMRCollection0;Thanks for clear explanation 👍;Thanks for clear explanation 👍;0;0
UgzN3jjnjvodZHF8XLh4AaABAg;None;uJLwnsLn0_Q;@vandithsreenivas5966;UCM-Ur07YsbeemoghWNPvg6A;http://www.youtube.com/@vandithsreenivas5966;The sort of sort I was so confused about! Thanks Mosh!;The sort of sort I was so confused about! Thanks Mosh!;0;0
UgxNQpI6nmRHiIx9v6R4AaABAg;None;uJLwnsLn0_Q;@KodiLearn;UCeI1RHdaP94S6muprt0cqhA;http://www.youtube.com/@KodiLearn;Please mosh create fully separate django course. I need that. Please mosh I really like your teaching style.;Please mosh create fully separate django course. I need that. Please mosh I really like your teaching style.;1;1
UgwSDeOTR0nNSoM9nhh4AaABAg;None;uJLwnsLn0_Q;@smrutiranjanbihari;UC2A-2FmFtaJaozvtn27ebiA;http://www.youtube.com/@smrutiranjanbihari;Please make a full tutorial on flutter programming. We really really waiting for that tutorial from a best tutor.;Please make a full tutorial on flutter programming. We really really waiting for that tutorial from a best tutor.;0;0
Ugx9GnPP6q8oZJ8o7RF4AaABAg;None;uJLwnsLn0_Q;@armanahmed4806;UCr-PGW9_KdCjE7kV_pqxzig;http://www.youtube.com/@armanahmed4806;Sir ur tutorials are amazing plz make a one video on Django plz sir;Sir ur tutorials are amazing plz make a one video on Django plz sir;1;0
UgwJZXpthJrdkWzVZil4AaABAg;None;Tef1e9FiSR0;@programmingwithmosh;UCWv7vMbMWH4-V0ZXdmDpPBA;http://www.youtube.com/@programmingwithmosh;"📕Download the FREE roadmap PDF here: <a href=""https://mosh.link/frontend-roadmap"">https://mosh.link/frontend-roadmap</a><br>👍Subscribe for more useful videos: <a href=""https://goo.gl/6PYaGF"">https://goo.gl/6PYaGF</a>";"📕Download the FREE roadmap PDF here: https://mosh.link/frontend-roadmap
👍Subscribe for more useful videos: https://goo.gl/6PYaGF";47;15
UgxvRLun4WX8pmoTBtt4AaABAg;None;Tef1e9FiSR0;@abdoueeda4018;UC1mQG_2Blu7-GvnPyM4g02g;http://www.youtube.com/@abdoueeda4018;THE BEST EXPLANATION I HAVE SEEN SO FAR, NO DRAMA, PURE INFORMATION, THANKS;THE BEST EXPLANATION I HAVE SEEN SO FAR, NO DRAMA, PURE INFORMATION, THANKS;103;2
Ugxtt4nib3w1m16mAcV4AaABAg;None;Tef1e9FiSR0;@shreyaschillal;UCNCD3U7PWzK82UaW9gGAgCA;http://www.youtube.com/@shreyaschillal;"✓HTML : structuring <br>✓CSS: CSS Prepocessors(SAAS),CSS framework (Tailwind,bootstrap)<br>✓JavaScript&#39;: Js framework (React,<br>✓Typescript: static typing <br>✓Git (vs system)&amp; GitHub (collaboration)<br>✓Atomated Testing: Jest &amp; Vtest <br>✓Meta framework: Next.js(React applications).";"✓HTML : structuring 
✓CSS: CSS Prepocessors(SAAS),CSS framework (Tailwind,bootstrap)
✓JavaScript': Js framework (React,
✓Typescript: static typing 
✓Git (vs system)& GitHub (collaboration)
✓Atomated Testing: Jest & Vtest 
✓Meta framework: Next.js(React applications).";267;5
UgxH23gQmHzB5wyja0t4AaABAg;None;Tef1e9FiSR0;@raakgu;UCSYVNn4gKM6KvXRA-wBNbdQ;http://www.youtube.com/@raakgu;"Really good video.<br><br>I highly recommend learning state management, Redux, MobX before learning react native.<br><br>And pick one framework like React and learn it so well you can land a job. There&#39;s plenty of jobs that look for each framework so choose one and master it rather than trying several.<br><br>Also, the extra time spent on deeply learning JavaScript would pay off more.<br><br>My stack is Next.js, React, JavaScript, CSS, Sass, Stylus and I&#39;ve written my own CSS library.<br><br>React Native is awesome but it&#39;s a whole new learning curve beyond frontend development. I&#39;d suggest learning it in the job or after work rather than before you ever land a job.<br><br>If you can do state management in React applications and handle data flow from the back-end and APIs you will get a job over anyone who cannot. All big companies need you to understand state or you won&#39;t be very useful.<br><br>Learn design patterns in React and JavaScript.";"Really good video.

I highly recommend learning state management, Redux, MobX before learning react native.

And pick one framework like React and learn it so well you can land a job. There's plenty of jobs that look for each framework so choose one and master it rather than trying several.

Also, the extra time spent on deeply learning JavaScript would pay off more.

My stack is Next.js, React, JavaScript, CSS, Sass, Stylus and I've written my own CSS library.

React Native is awesome but it's a whole new learning curve beyond frontend development. I'd suggest learning it in the job or after work rather than before you ever land a job.

If you can do state management in React applications and handle data flow from the back-end and APIs you will get a job over anyone who cannot. All big companies need you to understand state or you won't be very useful.

Learn design patterns in React and JavaScript.";14;0
UgyCXuQVkSz3cTYzX_54AaABAg;None;Tef1e9FiSR0;@larbesabdellah7079;UCIDf_DexdpLUlTUGCwzHupg;http://www.youtube.com/@larbesabdellah7079;"The most comprehensive explanation, I&#39;m a new subscriber, I liked how simple and clear the roadmap was";The most comprehensive explanation, I'm a new subscriber, I liked how simple and clear the roadmap was;70;1
Ugwt00VzGaPRHlMYdFh4AaABAg;None;Tef1e9FiSR0;@nemeesview;UCgwBGj0Z58n8UDCyg7a1uKQ;http://www.youtube.com/@nemeesview;"The best channel I&#39;ve ever met. Easy to understand bcz you use very simple English. Highly recommend";The best channel I've ever met. Easy to understand bcz you use very simple English. Highly recommend;10;0
Ugx4bHCPyQqLfvrN5XR4AaABAg;None;Tef1e9FiSR0;@robel_asefa;UCYTuWPBNYb0xWXP6ohNUiOg;http://www.youtube.com/@robel_asefa;"Mosh, you&#39;re truly one of the best and most unique content creators I&#39;ve ever come across. Thank you so much for everything you do! 🙏";Mosh, you're truly one of the best and most unique content creators I've ever come across. Thank you so much for everything you do! 🙏;19;0
Ugx2yMQjRYwxcsv04hN4AaABAg;None;Tef1e9FiSR0;@amankosariya9979;UCOkhEQGNEDXWXlWIGDjORYQ;http://www.youtube.com/@amankosariya9979;Please make a video on what a full-stack developer actually does in a company, like how they get projects and deploy them. Or any other type of work a developer should also do, show in video. On YouTube, a software engineer uploads a video of a day in the life of a software engineer or web developer, but they just show his daily routine. So please tell what actually a developer do . Thankyou;Please make a video on what a full-stack developer actually does in a company, like how they get projects and deploy them. Or any other type of work a developer should also do, show in video. On YouTube, a software engineer uploads a video of a day in the life of a software engineer or web developer, but they just show his daily routine. So please tell what actually a developer do . Thankyou;94;9
UgwdZsRdZvEnRPIzc894AaABAg;None;Tef1e9FiSR0;@Ali-none;UCQWbbz-kAYoQLiwfOTxgsNA;http://www.youtube.com/@Ali-none;Hello Mr. Mosh, I think you underestimated the period of learning these technologies. Because, all in all, the whole period is 12 months and this period is dedicated to having a solid knowledge of JavaScript as far as I know at least. <br>In any, have a bucket of fun to you for your presented efforts.;"Hello Mr. Mosh, I think you underestimated the period of learning these technologies. Because, all in all, the whole period is 12 months and this period is dedicated to having a solid knowledge of JavaScript as far as I know at least. 
In any, have a bucket of fun to you for your presented efforts.";4;0
Ugzpz0ll_KJfJxyK_YF4AaABAg;None;Tef1e9FiSR0;@Antu_Tube;UCbmMj-xILdtydYhS3J3Coiw;http://www.youtube.com/@Antu_Tube;Today after watching your video I have decided to be front-end developer.;Today after watching your video I have decided to be front-end developer.;13;2
UgxFGCn22RWRPBQm3up4AaABAg;None;Tef1e9FiSR0;@abdulraufmirani;UCEvJbxhw3ytxA8LZK4pi4pA;http://www.youtube.com/@abdulraufmirani;Thank you so much, Mosh! I hope you can create a similar video outlining a roadmap for becoming a Full-Stack Developer as well. 😃❤;Thank you so much, Mosh! I hope you can create a similar video outlining a roadmap for becoming a Full-Stack Developer as well. 😃❤;51;3
UgzUUxpgVjs02UwNN9d4AaABAg;None;Tef1e9FiSR0;@HMOsman-ml9qp;UCco0gYRkY0I1uw4vEgXxJhQ;http://www.youtube.com/@HMOsman-ml9qp;This is the most straightforward web development roadmap....;This is the most straightforward web development roadmap....;1;0
UgwHIQPZkcz0ToMKHLJ4AaABAg;None;Tef1e9FiSR0;@jorgeperalta1973;UCpVv-FdFhAMJU9OzGU7MxUg;http://www.youtube.com/@jorgeperalta1973;The Oracle is on it again!!!💯💯💯;The Oracle is on it again!!!💯💯💯;6;0
UgzsND6o2jCpe-TqzgV4AaABAg;None;Tef1e9FiSR0;@ArashNegahdari;UCxEvPQwUD4o-Nc3-TW3E7PQ;http://www.youtube.com/@ArashNegahdari;Wow thank you Mosh, please go for the Back-end ASAP please.;Wow thank you Mosh, please go for the Back-end ASAP please.;3;0
UgxPJvXxbf7qRUQA4BB4AaABAg;None;Tef1e9FiSR0;@AHM-K-Zaman;UC3qWPCTUFtURykVlX_pj2Sw;http://www.youtube.com/@AHM-K-Zaman;Awesome. Waiting for a roadmap for backend developer too.;Awesome. Waiting for a roadmap for backend developer too.;11;1
Ugw-sSYYt1oFw1OargZ4AaABAg;None;Tef1e9FiSR0;@fubaohong;UCj2HpVQOhsCx0nT3Ky5pHew;http://www.youtube.com/@fubaohong;"So excited! Let&#39;s go1";So excited! Let's go1;7;0
UgzJ2Bfkk0tXm-qjI5x4AaABAg;None;Tef1e9FiSR0;@GrowWithme66;UCFldgdYddKwrVc98HXqfqIw;http://www.youtube.com/@GrowWithme66;Thank you for a beautiful content ❤️ <br>And create a video for full stack developer roadmap ❤;"Thank you for a beautiful content ❤️ 
And create a video for full stack developer roadmap ❤";10;1
UgzLw6gmzKy9vS2q7_N4AaABAg;None;Tef1e9FiSR0;@TareqAhmed072;UCMZu1Lo7J47ksuy6ocpIH1g;http://www.youtube.com/@TareqAhmed072;"All of your videos have so much acceptancy to the aspirant programmers people, Mosh! Hope to have a similar video on a roadmap for becoming a Data Scientist/AI &amp; ML Engineer.";All of your videos have so much acceptancy to the aspirant programmers people, Mosh! Hope to have a similar video on a roadmap for becoming a Data Scientist/AI & ML Engineer.;1;0
UgxLFFLEEPircxAKAVJ4AaABAg;None;Tef1e9FiSR0;@Muheshemsu;UCrHMcyVm5znVN38zOkhXWpg;http://www.youtube.com/@Muheshemsu;Thanks a lot, especially for the road map;Thanks a lot, especially for the road map;5;0
Ugw4e3rx4NkZs4jRCex4AaABAg;None;Tef1e9FiSR0;@rashmikadk6796;UCiIDGnezah4uEmp05Ztjp0Q;http://www.youtube.com/@rashmikadk6796;Hope you will bring a video about backend too❤;Hope you will bring a video about backend too❤;6;1
UgyR50PLdYGcjGEk7hx4AaABAg;None;Tef1e9FiSR0;@techthief3278;UCxziJ19KYnNLsn180Jb-d5Q;http://www.youtube.com/@techthief3278;"Thank you so much, Mosh! I hope you can create a similar video outlining a roadmap for becoming a Backend &amp; Full-Stack Developer as well.";Thank you so much, Mosh! I hope you can create a similar video outlining a roadmap for becoming a Backend & Full-Stack Developer as well.;3;1
UgzqOumiytGpcf_jQnt4AaABAg;None;Tef1e9FiSR0;@elleari89;UChHveOjXC2NXbM2JMxFFPTQ;http://www.youtube.com/@elleari89;Brilliant! This is what I needed. I asked AI and I got a solid road map but this one is better. Subscribed! 🔥;Brilliant! This is what I needed. I asked AI and I got a solid road map but this one is better. Subscribed! 🔥;0;0
UgwZZ_OZelv0f2leyjd4AaABAg;None;Tef1e9FiSR0;@Tima-er4zd;UCgtlIFPWD1T7cF7RYPhDnEw;http://www.youtube.com/@Tima-er4zd;"the most help[full video I&#39;ve watched in this context. thank you a lot. we needed it as beginners";the most help[full video I've watched in this context. thank you a lot. we needed it as beginners;1;0
UgwRMrwHLE0LExSPDIB4AaABAg;None;Tef1e9FiSR0;@YunusAhmed-bs3nb;UCfp0n8WPl7TAiG6F-BS_uYg;http://www.youtube.com/@YunusAhmed-bs3nb;"Thank you Mosh.<br>The video seems simple to understand and implement but without persistency and practice it&#39;s hard to become a front end developer.";"Thank you Mosh.
The video seems simple to understand and implement but without persistency and practice it's hard to become a front end developer.";0;0
Ugz_59fzZZalX14JSuV4AaABAg;None;Tef1e9FiSR0;@LANRIE-DEV21;UCzJxJv6NFqJI8ZqanWX5KLg;http://www.youtube.com/@LANRIE-DEV21;Thanks, Mosh, really appreciate this🙏🙏🙏;Thanks, Mosh, really appreciate this🙏🙏🙏;3;0
Ugwf6Xc6NdjQwZ17KMN4AaABAg;None;Tef1e9FiSR0;@muchamadfaiz2391;UC1OSGcWnj643lRZZvSmn1Dg;http://www.youtube.com/@muchamadfaiz2391;its outstanding explanation video as always mosh!! please make it for backend development too;its outstanding explanation video as always mosh!! please make it for backend development too;2;0
UgwCz9mcai0mZaetFo94AaABAg;None;Tef1e9FiSR0;@godhandinfamous;UC01xYOVNYLbithLkU0xEXSg;http://www.youtube.com/@godhandinfamous;this map will guide us to the promise land, thank you Mosh;this map will guide us to the promise land, thank you Mosh;0;0
UgxPC4XC-xd_aR4KJgZ4AaABAg;None;Tef1e9FiSR0;@jaimeallende9290;UCABY8EqSxLLMwa448msT_IQ;http://www.youtube.com/@jaimeallende9290;Thank you for the road map. This video just came from heaven!!!;Thank you for the road map. This video just came from heaven!!!;7;0
Ugw5Rda0TDERkNThLoJ4AaABAg;None;Tef1e9FiSR0;@farhioyusuf2643;UCkPNovnp58tV6DZ8ihD3OoA;http://www.youtube.com/@farhioyusuf2643;"This is my favourite channel , you&#39;re amazing instructor in this field 🎉🎉🎉";This is my favourite channel , you're amazing instructor in this field 🎉🎉🎉;0;0
Ugz64aQWbiiOu_y383l4AaABAg;None;Tef1e9FiSR0;@Saibentos;UC-l-gTLO8udmZPvKVYnw8Wg;http://www.youtube.com/@Saibentos;"Sometimes you feel like saying thank you to a people who help when you were in need isn&#39;t enough. <br><br>Sir Mosh , may God  continue to bless you. Thank you🙏";"Sometimes you feel like saying thank you to a people who help when you were in need isn't enough. 

Sir Mosh , may God  continue to bless you. Thank you🙏";0;0
UgxALjTO7BWxL5C6ZNh4AaABAg;None;Tef1e9FiSR0;@siddanthimaukthika9323;UCR9v4OW57Hx7iKWAd1yc-MA;http://www.youtube.com/@siddanthimaukthika9323;Thank you so much for the road map!. I hope can you create a similar video for becoming back-end developer and also for Full-Stack Developer as well!.;Thank you so much for the road map!. I hope can you create a similar video for becoming back-end developer and also for Full-Stack Developer as well!.;0;0
Ugw1e5rYmPA0Voc_PRR4AaABAg;None;Tef1e9FiSR0;@dikeatukunda1612;UCpm0rrG8JxoHNJdO0gSnGcw;http://www.youtube.com/@dikeatukunda1612;Thank you! My journey starts today.;Thank you! My journey starts today.;0;0
Ugz7rNrndRjGfXg0_n94AaABAg;None;Tef1e9FiSR0;@alemumulu;UC0RlKU9MdA6Q6Pg4YuVFONA;http://www.youtube.com/@alemumulu;Thankyou very much Mr.Mosh  you are real showing the clear map of  frontend developer;Thankyou very much Mr.Mosh  you are real showing the clear map of  frontend developer;0;0
UgxxGtZRXjh-YE3smGR4AaABAg;None;Tef1e9FiSR0;@DanielWestcliff;UCtUG719pkl8xzE4kO38BRsQ;http://www.youtube.com/@DanielWestcliff;thank you for the vid. I`m looking forward to becoming a soft developer;thank you for the vid. I`m looking forward to becoming a soft developer;0;0
Ugy_98e3Tad-uItiAYZ4AaABAg;None;Tef1e9FiSR0;@ademineshat;UCoO12098Eq1JgR--I3NkENw;http://www.youtube.com/@ademineshat;"I wouldn&#39;t say react native over flutter but it is a good way to start as a web developer.";I wouldn't say react native over flutter but it is a good way to start as a web developer.;0;0
UgyAZ4uTP9mM50xeJ-t4AaABAg;None;Tef1e9FiSR0;@KhadijaAkhtar-i3q;UCVkYykVNlGbDbTTIc2kN_fA;http://www.youtube.com/@KhadijaAkhtar-i3q;"I&#39;m incredibly impressed with your presentation slides and teaching style! 🌟 I regret discovering your channel so late. 🙁 Thank you for the amazing content! 📚🙌";I'm incredibly impressed with your presentation slides and teaching style! 🌟 I regret discovering your channel so late. 🙁 Thank you for the amazing content! 📚🙌;1;0
Ugxr1ZVxRFWB5_jTULZ4AaABAg;None;Tef1e9FiSR0;@HosseinRezaei-g1n;UCV3FvCzhRWwN8maPxSvdxKw;http://www.youtube.com/@HosseinRezaei-g1n;Thanks Mosh ❤️;Thanks Mosh ❤️;2;0
UgwY37CjcRBtsg4Fvu94AaABAg;None;Tef1e9FiSR0;@jabirhussain2410;UCCitLnpdU--xTDatA6QVOzQ;http://www.youtube.com/@jabirhussain2410;"I really enjoy your videos on technology—they&#39;re simply awesome! Given the rapid advancements in GenAI, how do you see a typical frontend engineer navigating this evolving landscape? Shouldn’t we start viewing frontend development through a GenAI lens? I&#39;d love to hear your thoughts on the role of GenAI in frontend development. And we&#39;re looking forward to seeing a fantastic tutorial from you on this topic in the near future!";I really enjoy your videos on technology—they're simply awesome! Given the rapid advancements in GenAI, how do you see a typical frontend engineer navigating this evolving landscape? Shouldn’t we start viewing frontend development through a GenAI lens? I'd love to hear your thoughts on the role of GenAI in frontend development. And we're looking forward to seeing a fantastic tutorial from you on this topic in the near future!;1;0
UgyZgM_PgnHqoolC6p14AaABAg;None;Tef1e9FiSR0;@Yourboyspeedruns;UCyiv3D6VhWoP6aAYGNnTfwQ;http://www.youtube.com/@Yourboyspeedruns;Still in 9th grade and after 2 months i got the concept of html and css and made a clone of YouTube so i am currently on track 👍;Still in 9th grade and after 2 months i got the concept of html and css and made a clone of YouTube so i am currently on track 👍;24;6
UgwMWTyxQxN9v5EX9Tt4AaABAg;None;Tef1e9FiSR0;@abby_66;UCH8SXkU__njVmXERx-GRIGg;http://www.youtube.com/@abby_66;Excellent editing;Excellent editing;1;0
UgxKGKj5yUOjZbG3D254AaABAg;None;Tef1e9FiSR0;@maryamsuleiman9153;UCP_cWMVZ_WyAD0uNNRGuG7w;http://www.youtube.com/@maryamsuleiman9153;❤❤❤❤😢 seriously his video is still on 10 Thousand  likes this guy just saved from going through a full course on front end if I could add more likes I would thank you so much for the breakdown ❤❤❤❤;❤❤❤❤😢 seriously his video is still on 10 Thousand  likes this guy just saved from going through a full course on front end if I could add more likes I would thank you so much for the breakdown ❤❤❤❤;0;0
UgzNbQrUKu3EmLUjtbZ4AaABAg;None;Tef1e9FiSR0;@itsmalikee33ee;UCPykBL8qjAwv_oKJDp9oBsA;http://www.youtube.com/@itsmalikee33ee;Please add similar  videos for BACK END;Please add similar  videos for BACK END;4;2
Ugw0IyTCScG6T5p8UHd4AaABAg;None;Tef1e9FiSR0;@mistersir3185;UCheH3vbiXzo54PvS7XlYVHQ;http://www.youtube.com/@mistersir3185;Hell yeah! <br>Thank you Mosh! I hope you can do a similar video for Back-End Development.<br><br>Best,<br><br>Mr.Sir;"Hell yeah! 
Thank you Mosh! I hope you can do a similar video for Back-End Development.

Best,

Mr.Sir";30;3
UgyxCv7u9UuybZhXD2x4AaABAg;None;Tef1e9FiSR0;@adhithya.sparkal;UCihalH0CFNtYNmN29uYVeTQ;http://www.youtube.com/@adhithya.sparkal;From TN❤;From TN❤;2;0
UgxhXKVhUZjuw9mW11N4AaABAg;None;Tef1e9FiSR0;@abdihamidmukhtar;UCVktfPL_YST8jYG2xyezngA;http://www.youtube.com/@abdihamidmukhtar;Mosh, would you please tell your YT students a simple autobiography of your life as a software engineer, how you struggled to learn programming etc. It can be a big invaluable lesson and motivation for us of all as programming students.;Mosh, would you please tell your YT students a simple autobiography of your life as a software engineer, how you struggled to learn programming etc. It can be a big invaluable lesson and motivation for us of all as programming students.;0;0
Ugzp5oS7bnrTkHGksS14AaABAg;None;Tef1e9FiSR0;@sankarpsa4478;UCC3hG0VL_n7DbM4o-ttTFlQ;http://www.youtube.com/@sankarpsa4478;Awesome and nice video for a newbies whom they are  so interested in FrontEnd Development. Additionally make a Detailed roadmap for a Python Full Stack Developer if it is possible. It will be helpful for many of them including me.....;Awesome and nice video for a newbies whom they are  so interested in FrontEnd Development. Additionally make a Detailed roadmap for a Python Full Stack Developer if it is possible. It will be helpful for many of them including me.....;0;0
UgyQzkbKj0ASr2J9zbd4AaABAg;None;Tef1e9FiSR0;@GGaemer;UCNdHH68gMfFzTw0iLOuXxoQ;http://www.youtube.com/@GGaemer;can u do one on cyber security? I want to get into it from ground 0 but dont know what to do or where to start;can u do one on cyber security? I want to get into it from ground 0 but dont know what to do or where to start;1;0
UgzCmw4XqeKQwofRIN94AaABAg;None;Tef1e9FiSR0;@Pareshbpatel;UCy-UScIIW2thgoCHH2AMTlw;http://www.youtube.com/@Pareshbpatel;Nice Frontend Developer Roadmap. Thanks Mosh.<br><br>I hope to use it to fill in the gaps in my skill set.<br><br>{2024-06-08};"Nice Frontend Developer Roadmap. Thanks Mosh.

I hope to use it to fill in the gaps in my skill set.

{2024-06-08}";0;0
Ugwo6k7WrcNJMEx3Nhl4AaABAg;None;Tef1e9FiSR0;@abhishekmulchandani52;UCRxirl2Mz04Rz95CRqOU4jw;http://www.youtube.com/@abhishekmulchandani52;"Css preprocessor -&gt; sass<br>Css framework -&gt; tailwind<br>Meta-framework -&gt; next.js";"Css preprocessor -> sass
Css framework -> tailwind
Meta-framework -> next.js";0;0
UgztiLqXDXf8Cin5WmB4AaABAg;None;Tef1e9FiSR0;@gawd6261;UCZ07bZpu4peexuch6y5rY9A;http://www.youtube.com/@gawd6261;Please make a video on resume tips and tricks in the software industry;Please make a video on resume tips and tricks in the software industry;0;0
UgyDFyiQBCX02mE0b1B4AaABAg;None;aQ8YkJrAbzE;@Marc9889;UCS2_bGIGbieYpfqG6i7981A;http://www.youtube.com/@Marc9889;"It might improve a viewer&#39;s understanding if you provided a working example.";It might improve a viewer's understanding if you provided a working example.;233;9
UgxCEdqI8OCi5PXn9PB4AaABAg;None;aQ8YkJrAbzE;@peteb8104;UC9JlK3V7cYnOamtH0ZC5YWw;http://www.youtube.com/@peteb8104;Moving on to another video. Need more clarifications and examples;Moving on to another video. Need more clarifications and examples;3;0
UgzuRMQW5qXl11hvyk14AaABAg;None;aQ8YkJrAbzE;@joeMsessions;UCpQ1MKOL2QRKAgba7a3yd2Q;http://www.youtube.com/@joeMsessions;"I&#39;m a huge fan of most of your courses.   I&#39;m on your C# intermediate course, and the video following this one called &quot;Interfaces and Testing&quot; needs much more diagramming to really explain it.  It&#39;s really the first of your videos I&#39;ve had any complaint about. But after 4 watchings, I&#39;m gonna have to look for someone else&#39;s explanation.";"I'm a huge fan of most of your courses.   I'm on your C# intermediate course, and the video following this one called ""Interfaces and Testing"" needs much more diagramming to really explain it.  It's really the first of your videos I've had any complaint about. But after 4 watchings, I'm gonna have to look for someone else's explanation.";16;2
Ugz6NAa9sJZO62FEkml4AaABAg;None;aQ8YkJrAbzE;@jasperknobben3154;UCbZXArXOR5IMKV0um1NHDiw;http://www.youtube.com/@jasperknobben3154;But have you seen chef;But have you seen chef;16;0
UgwBOTWXSqG-50sgC9d4AaABAg;None;aQ8YkJrAbzE;@luanlemes9799;UCGZdTwrFKx02352D4T2k6wg;http://www.youtube.com/@luanlemes9799;I Payed for this  concept on udemy and now i see it on youtube....im sad ..but happy;I Payed for this  concept on udemy and now i see it on youtube....im sad ..but happy;2;1
UgxYZLA886KxhXcfptZ4AaABAg;None;aQ8YkJrAbzE;@bruceb8140;UCtCoY9BXkhqbUg-WdApiRLA;http://www.youtube.com/@bruceb8140;I dont even know what I just watched;I dont even know what I just watched;79;1
UgyNS-8uDvruy28hMwd4AaABAg;None;aQ8YkJrAbzE;@laponiec;UCRuyUSwjGAsZUeVBC4QO63Q;http://www.youtube.com/@laponiec;"Sorry Mosh, that video didn&#39;t help me with understanding interfaces, still can&#39;t see their usefulness.";Sorry Mosh, that video didn't help me with understanding interfaces, still can't see their usefulness.;13;0
Ugw6wlJkHXPxu9xwUTR4AaABAg;None;aQ8YkJrAbzE;@upcom1ng116;UCIbIpmEhXWTCgSzCC-gqT9w;http://www.youtube.com/@upcom1ng116;"Just read this before you downvote:<br>- Video is a rip off from a whole series, so if you never code in C# or another language you will not get it. Just buy the course and listen through the whole thing. <br>- Title said it all, &quot;Simple Terms&quot; he explained it quickly how it works, no code sample or anything but as I said if you understand the principle you will get what he said.";"Just read this before you downvote:
- Video is a rip off from a whole series, so if you never code in C# or another language you will not get it. Just buy the course and listen through the whole thing. 
- Title said it all, ""Simple Terms"" he explained it quickly how it works, no code sample or anything but as I said if you understand the principle you will get what he said.";1;0
UgzIZ2Q8oVPcNlS0uSd4AaABAg;None;aQ8YkJrAbzE;@befitmyfriend;UC1gYeoHQPCuBQmxVZ6aDkug;http://www.youtube.com/@befitmyfriend;Your analogy for explaining loosely-coupled applications is great.;Your analogy for explaining loosely-coupled applications is great.;13;2
Ugxx_uQ6hM4yzNc5tNt4AaABAg;None;aQ8YkJrAbzE;@jamest8158;UC11B9QDw4j-NiAM-hcG9nNA;http://www.youtube.com/@jamest8158;What a waste of time. I thought by the end of this video an example would be given. But no. I thought it would in your next video like you said, so I searched your channel.  I could not find it. 😕;What a waste of time. I thought by the end of this video an example would be given. But no. I thought it would in your next video like you said, so I searched your channel.  I could not find it. 😕;18;1
UgyhNmxEreihSrZiC9d4AaABAg;None;aQ8YkJrAbzE;@garagegymnation;UCOepQcuHGx8CXlSbEZPTqWw;http://www.youtube.com/@garagegymnation;"This was so helpful I went and bought your complete C# bundle. I&#39;ve seen some of your other videos and I really like you energy and enthusiasm for what you do.";This was so helpful I went and bought your complete C# bundle. I've seen some of your other videos and I really like you energy and enthusiasm for what you do.;5;0
Ugz-4X_Jwee6BZYxdWV4AaABAg;None;aQ8YkJrAbzE;@josemaria666;UCgTYAHQ-0tG6rO0VRmTqlpg;http://www.youtube.com/@josemaria666;One of the best instructors I have seen online.;One of the best instructors I have seen online.;4;0
UgwjOjsa2-4ulNTFZLZ4AaABAg;None;aQ8YkJrAbzE;@exogendesign4582;UCvUBcRHLu0szAh5C7GkM3AQ;http://www.youtube.com/@exogendesign4582;"I don&#39;t understand why everything in youtube has no example of real world scenarios on how to use it.<br>Its easy to create analogy but not having the example or application of the theory makes it no sense.<br>This didn&#39;t help me at all but I learned it the hardway through painfully reading documentation and books about Interface until I apply it myself.<br>For new comers and new in OOP but has basic in programming try looking up kudvenkat, or o&#39;reilly&#39;s book C# in a nutshell it was nicely written.";"I don't understand why everything in youtube has no example of real world scenarios on how to use it.
Its easy to create analogy but not having the example or application of the theory makes it no sense.
This didn't help me at all but I learned it the hardway through painfully reading documentation and books about Interface until I apply it myself.
For new comers and new in OOP but has basic in programming try looking up kudvenkat, or o'reilly's book C# in a nutshell it was nicely written.";1;0
UgzWfGUqTz1EmjGr0qx4AaABAg;None;aQ8YkJrAbzE;@leonateunissen3756;UCPWVv2itQO9sLPhe3piHGNw;http://www.youtube.com/@leonateunissen3756;This video helped me and I wanna thank you for that. Great that it is short 👌 I hate long examples.;This video helped me and I wanna thank you for that. Great that it is short 👌 I hate long examples.;1;0
Ugzzcg172_sKom7zYxJ4AaABAg;None;aQ8YkJrAbzE;@gamingreviews1;UCDYc0SwFWUOhh5EWRVDTR1Q;http://www.youtube.com/@gamingreviews1;one of your favorite topics...5 minute video;one of your favorite topics...5 minute video;0;0
Ugx91B0rx9yEoDnAF5d4AaABAg;None;aQ8YkJrAbzE;@codesplasher;UCgVsblIiWX_C8igxqcve1rw;http://www.youtube.com/@codesplasher;First down thumb ever for Mosh here..... an example is needed..;First down thumb ever for Mosh here..... an example is needed..;0;0
Ugz5sOj8xFq_of6SJO14AaABAg;None;aQ8YkJrAbzE;@LooselyCoupledNebulae;UCH35UOnfcViXgsPyDLZ9b7w;http://www.youtube.com/@LooselyCoupledNebulae;Thanks, Mosh!;Thanks, Mosh!;0;0
UgzCkWi_iRlh4XtpjRF4AaABAg;None;aQ8YkJrAbzE;@SFORSANDEEP;UCEMwTCe8_30dvpkI8iddE8g;http://www.youtube.com/@SFORSANDEEP;I am always having a question.. Why we require interfaces??;I am always having a question.. Why we require interfaces??;4;3
UgziOj5IQBFhNl3kgrh4AaABAg;None;aQ8YkJrAbzE;@LizzyCarlMain;UCXNy0DJcUyhILT5lgz0xITw;http://www.youtube.com/@LizzyCarlMain;Great!! This is simplified. Splendid analogy.;Great!! This is simplified. Splendid analogy.;1;0
UgyLHwQf7Ya_JwfY3B94AaABAg;None;aQ8YkJrAbzE;@shravandurga19;UC5Zr_aexW4C-WzCZrCWqn5w;http://www.youtube.com/@shravandurga19;Very good explanation thanks....;Very good explanation thanks....;0;0
UgwfNA-7QfJR9zaGZsB4AaABAg;None;aQ8YkJrAbzE;@brianlaudrupchannel;UCv6OkdfyHXEEmTHwlXvZ0GQ;http://www.youtube.com/@brianlaudrupchannel;"I still don&#39;t get the benefit";I still don't get the benefit;5;2
UgyBltt-I0rP5jgIs4V4AaABAg;None;aQ8YkJrAbzE;@ggshout3019;UCl_Kh6He64CR7JdWFgPDIGA;http://www.youtube.com/@ggshout3019;Not the whole info here, no follow up video at the end...;Not the whole info here, no follow up video at the end...;0;0
UgxDe22YcwvsyLF0goZ4AaABAg;None;aQ8YkJrAbzE;@user-bg5xg5kh2x;UCrA5B2p9F6vTILdEms6DdIA;http://www.youtube.com/@user-bg5xg5kh2x;Very usefulll, thanks.;Very usefulll, thanks.;0;0
UgzvTGh8uV-MwPNLzrp4AaABAg;None;aQ8YkJrAbzE;@sherycodes;UCzx_iPKheebti8ecvwuAoyg;http://www.youtube.com/@sherycodes;great video;great video;0;0
Ugw6NH65pUS6WVsoOfV4AaABAg;None;aQ8YkJrAbzE;@bernpaul9868;UCnKOE6U27Yxn-f_9ky8XtfA;http://www.youtube.com/@bernpaul9868;sir how to write a clean code interface sir?;sir how to write a clean code interface sir?;0;0
UgwiGg3KFMZH9pKXL3h4AaABAg;None;aQ8YkJrAbzE;@NadaALbahri95;UC_1-0KzjIaaXwra4tiq1UhQ;http://www.youtube.com/@NadaALbahri95;Thanks 🙏🏼;Thanks 🙏🏼;0;0
Ugy2XLWRg9chIfe_3kR4AaABAg;None;aQ8YkJrAbzE;@cecilchampenois4998;UC3eTNevE5zYJED2kuE6S7dg;http://www.youtube.com/@cecilchampenois4998;The video is not clear. Good explanations though.;The video is not clear. Good explanations though.;0;0
UgwNlDyFJq22JOkbLoB4AaABAg;None;aQ8YkJrAbzE;@bahtiyorusmanov7211;UC5hQvKFN2hn8i4NsqR6iWqg;http://www.youtube.com/@bahtiyorusmanov7211;Thank you for good explanation!;Thank you for good explanation!;0;0
UgwOgf9G0amfQmmBP8h4AaABAg;None;aQ8YkJrAbzE;@andreranulfo-dev8607;UCkaNMR0yQq06edRtaT_RvYA;http://www.youtube.com/@andreranulfo-dev8607;Best analogy ever!!!!;Best analogy ever!!!!;0;0
UgzDPj25P15HZ-Gx4MJ4AaABAg;None;aQ8YkJrAbzE;@Paultimate7;UCGF_uAwOjde8fssdXIbW60A;http://www.youtube.com/@Paultimate7;This doesnt explain what they are useful. I can get rid of interfaces and just implement code within classes. What am i losing if i get rid of interfaces KEEPING IN MIND im already implementing them in classes. Why does no one answer this in any of these videos. What is is actually providing.;This doesnt explain what they are useful. I can get rid of interfaces and just implement code within classes. What am i losing if i get rid of interfaces KEEPING IN MIND im already implementing them in classes. Why does no one answer this in any of these videos. What is is actually providing.;1;1
UgwerFzx42jf2-skkA94AaABAg;None;aQ8YkJrAbzE;@abhijeetsapkal8982;UCqDR5DWEl_xRP7Ysmpp3liA;http://www.youtube.com/@abhijeetsapkal8982;Best example 👌;Best example 👌;0;0
Ugz4Wn29JLHr9uLoctN4AaABAg;None;aQ8YkJrAbzE;@davesimon9192;UCpE_JhcCCBYBUP-Xi9I66-w;http://www.youtube.com/@davesimon9192;I want to Interface with Sasha Grey.<br><br>Great vid by the wsy.;"I want to Interface with Sasha Grey.

Great vid by the wsy.";1;1
UgzWf2qH-xBnPHh8_9F4AaABAg;None;aQ8YkJrAbzE;@DotnetWiki;UCC-9L0gd3rJKzf47Ayxhudg;http://www.youtube.com/@DotnetWiki;Give me back my 5 minutes and 3 secs;Give me back my 5 minutes and 3 secs;0;0
UgwS7Yati909lctXZd54AaABAg;None;aQ8YkJrAbzE;@blackclover5561;UCouDW7xowTATBJHrx7XApQA;http://www.youtube.com/@blackclover5561;Useless explanation. Came here to learn about interface in c#, what I got was a useless analogy without any written code.;Useless explanation. Came here to learn about interface in c#, what I got was a useless analogy without any written code.;46;4
Ugz-wtmiJFABQxl_aTZ4AaABAg;None;aQ8YkJrAbzE;@Planned-Unplanned;UCahdW5b6xGO4ra9p-TR_VGg;http://www.youtube.com/@Planned-Unplanned;"Hi Mosh, I&#39;m a big follower of you and I took your lecture on C# intermediate course. I usually code following you. But in the interfaces &amp; testability lecture &quot;shipment.cs&quot; file is not visible during the lecture. Is it possible to get the code of that file?";"Hi Mosh, I'm a big follower of you and I took your lecture on C# intermediate course. I usually code following you. But in the interfaces & testability lecture ""shipment.cs"" file is not visible during the lecture. Is it possible to get the code of that file?";0;0
UgycYZxj2K4lNe_uY014AaABAg;None;aQ8YkJrAbzE;@brennanbugbee;UCNQ_cgdlALmK-yHHSYhyCQQ;http://www.youtube.com/@brennanbugbee;good movie fyi;good movie fyi;0;0
Ugy0-oZomm5VoOjPPWt4AaABAg;None;aQ8YkJrAbzE;@Dacommenta;UCjCsPwIrUC-GCmysudcljqQ;http://www.youtube.com/@Dacommenta;So basically you want more than the add revenue from this video and for me to sign up. Damn would have subscribed and you would have got more add revenue from me if this was complete. Goodbye.;So basically you want more than the add revenue from this video and for me to sign up. Damn would have subscribed and you would have got more add revenue from me if this was complete. Goodbye.;10;0
UgwToyRBwCoUF9R8A3N4AaABAg;None;aQ8YkJrAbzE;@menspa2471;UCkKYAOnw-c_TUzqSAEJwB5g;http://www.youtube.com/@menspa2471;Time waste;Time waste;1;0
Ugx-TnKacopMkXcBgnN4AaABAg;None;aQ8YkJrAbzE;@Anandvyshnavi;UCUYIBkYvd9_39dn6P--HLgg;http://www.youtube.com/@Anandvyshnavi;realy heaf full video where is interface testtability nd excentabilty vidies;realy heaf full video where is interface testtability nd excentabilty vidies;0;0
UgyhNOCK6NOWuR1x2oN4AaABAg;None;aQ8YkJrAbzE;@xaiga29;UCPIsi6KDNKhv7fU_bZSYh_A;http://www.youtube.com/@xaiga29;Watching this video did not improve my understanding of interfaces at all and the title is very misleading. I purchased a couple of your courses on Udemy and this is a shameful representation of what might be expected in those courses and it could potential deter sales. If I had watched this video before buying one of your courses, I would never have done so. As others have stated, an example on how to implement and use interfaces would make this video much better.;Watching this video did not improve my understanding of interfaces at all and the title is very misleading. I purchased a couple of your courses on Udemy and this is a shameful representation of what might be expected in those courses and it could potential deter sales. If I had watched this video before buying one of your courses, I would never have done so. As others have stated, an example on how to implement and use interfaces would make this video much better.;7;0
UgzEShoaWUw9td3csZR4AaABAg;None;aQ8YkJrAbzE;@aqeelsandhu9786;UCGHH10qM-uQTZZJj1haTKAg;http://www.youtube.com/@aqeelsandhu9786;function not a clear;function not a clear;1;0
UgxOjb4Vu4ZFHDf7kTN4AaABAg;None;aQ8YkJrAbzE;@kozavr;UCA0CKZbHVBW6bk945ZdNIkw;http://www.youtube.com/@kozavr;"I&#39;ve tried your C# intermediate course. Honestly, your explanations are so boring. They leave nothing in the memory";I've tried your C# intermediate course. Honestly, your explanations are so boring. They leave nothing in the memory;0;0
UgyUtlaKj4yKL6uwFR54AaABAg;None;aQ8YkJrAbzE;@heinzd5523;UC6vMTTxYOle_P1Br5DTBO9Q;http://www.youtube.com/@heinzd5523;"Sorry Mosh, I have watched a few of your courses and videos however this video is a complete fail. You analogy doesn&#39;t make sense and you didn&#39;t explain WHY do we need interfaces.";Sorry Mosh, I have watched a few of your courses and videos however this video is a complete fail. You analogy doesn't make sense and you didn't explain WHY do we need interfaces.;0;0
UgyeRDSY5_t9mxynjaV4AaABAg;None;aQ8YkJrAbzE;@vladvlad2289;UCJ4Y04IHsBz9JawKjiMqjyg;http://www.youtube.com/@vladvlad2289;"Bad, bad video, the shameless &quot;I make you more confused so you buy my course&quot; strategy.";"Bad, bad video, the shameless ""I make you more confused so you buy my course"" strategy.";0;0
Ugyo_UfZoyvHBpBMXRd4AaABAg;None;aQ8YkJrAbzE;@pcaccount-e5f;UCQl4A1moFiL4at_pNuv-cVg;http://www.youtube.com/@pcaccount-e5f;i didnt understand shit;i didnt understand shit;0;0
UgzdnVFSuZ6t98ZAtlN4AaABAg;None;aQ8YkJrAbzE;@FalcoGer;UCECSYlX7TSOpx1lhztc7JLQ;http://www.youtube.com/@FalcoGer;"seems pointless. why not just use an abstract function in a class instead and derive from that?<br>In fact I would think that&#39;s a rather dumb thing to do.<br>For example, if you create a class TaxCalculator and declare and implement the methods there, you do it once. if you do the interface, you need to write the same code for calculating taxes in every single class that you implement the interface in.<br>As for the chef analogy: a chef can cook. so if you tell your chef to cook spaghetti you implement the spaghetti cooking for every single class of chef, even though the process is exactly the same. so if you want to change how taxes are calculated or how spaghetti is made, you need to rewrite the same stuff in all your classes. that&#39;s just bad coding practice.";"seems pointless. why not just use an abstract function in a class instead and derive from that?
In fact I would think that's a rather dumb thing to do.
For example, if you create a class TaxCalculator and declare and implement the methods there, you do it once. if you do the interface, you need to write the same code for calculating taxes in every single class that you implement the interface in.
As for the chef analogy: a chef can cook. so if you tell your chef to cook spaghetti you implement the spaghetti cooking for every single class of chef, even though the process is exactly the same. so if you want to change how taxes are calculated or how spaghetti is made, you need to rewrite the same stuff in all your classes. that's just bad coding practice.";2;3
Ugxvuw3VbaY1ff3odxx4AaABAg;None;aQ8YkJrAbzE;@Astro-bs4wv;UCCy7L6r5uptTN4go72tcEDw;http://www.youtube.com/@Astro-bs4wv;crappy explanation. should have showed example code and what it was doing.;crappy explanation. should have showed example code and what it was doing.;0;0
Ugx5tFz-gLGCjOVFKcJ4AaABAg;None;aQ8YkJrAbzE;@lightplan;UChoAIlVAShtlhxHPbrSyKrQ;http://www.youtube.com/@lightplan;what the hell??? xD;what the hell??? xD;0;0
UgyAbhud_6ffzKnB1QZ4AaABAg;None;aQ8YkJrAbzE;@subhomistry7824;UCSLRCjDdhAh7f_riluhONfw;http://www.youtube.com/@subhomistry7824;Bal deso;Bal deso;0;0
UgyQClZwLugX9Vfmpc14AaABAg;None;gvicrj31JOM;@nithin1674;UCJsWA3sX0wpWOyh8l_a8GvQ;http://www.youtube.com/@nithin1674;"&quot;this&quot; ain&#39;t stopping me from going forward in my path.";"""this"" ain't stopping me from going forward in my path.";115;0
UgwfbfQaEkcL05FyR194AaABAg;None;gvicrj31JOM;@MosheSchnitzler;UC6XT6nB5wB3vmzWYigXIEmw;http://www.youtube.com/@MosheSchnitzler;"&quot;This&quot; was the first word I said as a baby. I can&#39;t believe that I&#39;m still stuck here...";"""This"" was the first word I said as a baby. I can't believe that I'm still stuck here...";160;5
Ugx7eTei5I7z004Sg8x4AaABAg;None;gvicrj31JOM;@nyxmediaentertainment8723;UCTDHXzrRls0gzlVxMJIZSJA;http://www.youtube.com/@nyxmediaentertainment8723;"&quot; &#39;this&#39; references the object that is executing the current function&quot; ..simple, yet enlightning.. thanx!";""" 'this' references the object that is executing the current function"" ..simple, yet enlightning.. thanx!";215;6
UgwgfUFcI4qA9aHTwuF4AaABAg;None;gvicrj31JOM;@lenajeremy;UCMMcGB1HS8umFE5nvicAttQ;http://www.youtube.com/@lenajeremy;7 years later, this is definitely the best explanation on the internet for the `this` keyword. Thanks Mosh;7 years later, this is definitely the best explanation on the internet for the `this` keyword. Thanks Mosh;2;0
Ugx3rI44TDMZqXH2FAp4AaABAg;None;gvicrj31JOM;@iLoveTurtlesHaha;UCPZ6fPk-B4JwwXXVOJaDdkw;http://www.youtube.com/@iLoveTurtlesHaha;"Honestly, this makes so much sense to me. When people were telling me the &#39;this&#39; in JavaScript is complicated I was worried that I would struggle to learn it but it makes so much sense if you stick to the rules for methods, functions, and constructor functions.";Honestly, this makes so much sense to me. When people were telling me the 'this' in JavaScript is complicated I was worried that I would struggle to learn it but it makes so much sense if you stick to the rules for methods, functions, and constructor functions.;16;0
Ugw5WI8fnjIlg8bziaF4AaABAg;None;gvicrj31JOM;@bileljribi6977;UCYRgYasjMHxapOTbDfUMs5Q;http://www.youtube.com/@bileljribi6977;"I rarely make comments on YouTube, I just want  say THANK YOU, this is by far the best explanation for the &quot;this&quot; keyword I have found!";"I rarely make comments on YouTube, I just want  say THANK YOU, this is by far the best explanation for the ""this"" keyword I have found!";108;2
Ugyk1vlrwP3AH13l2jB4AaABAg;None;gvicrj31JOM;@ganeshbabu6458;UCjO3C2fMznici8TscBIVDXw;http://www.youtube.com/@ganeshbabu6458;"Without you, I wouldn&#39;t have learnt Angular. You&#39;re the best lecturer out there Mosh...";Without you, I wouldn't have learnt Angular. You're the best lecturer out there Mosh...;11;0
UgwDTqXQsVgSWDxLCc14AaABAg;None;gvicrj31JOM;@prabdeepdhaliwal9725;UCi8Fi8V-nr4boe6h3n-sTsw;http://www.youtube.com/@prabdeepdhaliwal9725;"So from my understanding: <br><br>NOTE: <br>A <b>method</b> is a function within an object.<br>A <b>callback function</b> is a function passed as an argument/parameter within another function.<br>==============================================================================<br>1. The <b>&#39;this&#39;</b> keyword <b>refers to the global object</b> (window) when using &#39;this&#39; <b>within</b> a <b>function</b><br>Ex. function Hello() {<br>     console.log(this)     &lt;- &#39;this&#39; will <b>refer to global (window) object</b><br>}<br><br>-----------------------------------------------------------------------------------------------------------------------------------------------------------<br>However,<br><br>2. When using the <b>&#39;this&#39;</b> keyword within a <b>method</b> (function within an object), &#39;this&#39; <b>refers to the object</b> (that the method is within)<br>Ex. const obj = {<br>     function Hello() {<br>          console.log(this)     &lt;- &#39;this&#39; will <b>refer to the object</b> , &#39;obj&#39; as the function Hello() is within the object called &#39;obj&#39;<br>     }<br>}<br><br><br>-----------------------------------------------------------------------------------------------------------------------------------------------------------<br>Lastly,<br><br>3. When using &#39;this&#39; keyword within a <b>callback function</b> , &#39;this&#39; <b>refers to the global object (window)</b> again<br><br><br>-----------------------------------------------------------------------------------------------------------------------------------------------------------<br>Solution, <br><br>If the callback function is within an object, then:<br><br>4. You can <i>insert another argument/parameter</i> , &#39;this&#39; - which will make the &#39;this&#39; keyword (within the callback function) <b>refer to the object</b> instead. <br>This is because the &#39;this&#39; keyword within the method already refers to the object containing the method.<br>Ex. const obj = {<br>     names: [&#39;Kobe&#39;, &#39;Lowry&#39;, &#39;Fred&#39; ]<br><br>     function Hello() {                                                     &lt;- the &#39;this&#39; in &quot;this.names.forEach...&quot; will <b>refer to the object</b> , &#39;obj&#39;   <br>         <b>this</b> .names.forEach(function(names)) {     &lt;- callback function SO,<br>               console.log( <b>this</b> , names)                        &lt;- &#39;this&#39; will refer to the <b>global object (window)</b><br>          }, <b>this</b> )                                                               &lt;- add &#39;this&#39; keyword as another argument/parameter to the callback function, NOW <br>                                                                                         &#39;this&#39; - within the console.log() - <b>will refer to the object</b> , &#39;obj&#39; instead.<br>     }<br>}<br><br>So, in the above example, if you were to remove the additional parameter - &#39;this&#39; - from the callback function... point #3 would be true";"So from my understanding: 

NOTE: 
A *method* is a function within an object.
A *callback function* is a function passed as an argument/parameter within another function.
==============================================================================
1. The *'this'* keyword *refers to the global object* (window) when using 'this' *within* a *function*
Ex. function Hello() {
     console.log(this)     <- 'this' will *refer to global (window) object*
}

-----------------------------------------------------------------------------------------------------------------------------------------------------------
However,

2. When using the *'this'* keyword within a *method* (function within an object), 'this' *refers to the object* (that the method is within)
Ex. const obj = {
     function Hello() {
          console.log(this)     <- 'this' will *refer to the object* , 'obj' as the function Hello() is within the object called 'obj'
     }
}


-----------------------------------------------------------------------------------------------------------------------------------------------------------
Lastly,

3. When using 'this' keyword within a *callback function* , 'this' *refers to the global object (window)* again


-----------------------------------------------------------------------------------------------------------------------------------------------------------
Solution, 

If the callback function is within an object, then:

4. You can _insert another argument/parameter_ , 'this' - which will make the 'this' keyword (within the callback function) *refer to the object* instead. 
This is because the 'this' keyword within the method already refers to the object containing the method.
Ex. const obj = {
     names: ['Kobe', 'Lowry', 'Fred' ]

     function Hello() {                                                     <- the 'this' in ""this.names.forEach..."" will *refer to the object* , 'obj'   
         *this* .names.forEach(function(names)) {     <- callback function SO,
               console.log( *this* , names)                        <- 'this' will refer to the *global object (window)*
          }, *this* )                                                               <- add 'this' keyword as another argument/parameter to the callback function, NOW 
                                                                                         'this' - within the console.log() - *will refer to the object* , 'obj' instead.
     }
}

So, in the above example, if you were to remove the additional parameter - 'this' - from the callback function... point #3 would be true";22;3
Ugy_fwmsAxaV6cuDVtx4AaABAg;None;gvicrj31JOM;@ankjumper;UCXzS3gXnWnuyrEoqCQxSqXA;http://www.youtube.com/@ankjumper;even with your brilliant teaching and demonstration,  its just so confusing.;even with your brilliant teaching and demonstration,  its just so confusing.;6;0
Ugw30w3VdTw8hSD4vyR4AaABAg;None;gvicrj31JOM;@MsElsospechoso28;UCcDebq_3ostT94ipSXTKIiQ;http://www.youtube.com/@MsElsospechoso28;THIS is where I quit programming.;THIS is where I quit programming.;822;29
UgxfiCS4gl4vAuHu-yd4AaABAg;None;gvicrj31JOM;@JeremyGalloway;UC6uDojMIpdE8hi_JR6PDcqw;http://www.youtube.com/@JeremyGalloway;"<a href=""https://www.youtube.com/watch?v=gvicrj31JOM&amp;t=25"">0:25</a> hands down best &quot;this&quot; definiton I&#39;ve come across. There is an entire &quot;You Don&#39;t Know JavaScript&quot; book dedicated to this exact topic, yet the entire book could not explain it as well as you just did in one sentence...";"0:25 hands down best ""this"" definiton I've come across. There is an entire ""You Don't Know JavaScript"" book dedicated to this exact topic, yet the entire book could not explain it as well as you just did in one sentence...";45;5
UgzOxKAgMpjJ2hW2T014AaABAg;None;gvicrj31JOM;@oloyang431;UCTvELdcaK5DT-VfhMjQwF6w;http://www.youtube.com/@oloyang431;"One thing you forgot to mention is that if you use an arrow function instead regular function when using a forEach() method in your example the keyword &quot;this&quot; actually refers to the object, and not the global window. So basically, &quot;this&quot; acts differently depending on whether you&#39;re using a regular function or an arrow function.";"One thing you forgot to mention is that if you use an arrow function instead regular function when using a forEach() method in your example the keyword ""this"" actually refers to the object, and not the global window. So basically, ""this"" acts differently depending on whether you're using a regular function or an arrow function.";18;3
UgzflGUMEIr9763I36B4AaABAg;None;gvicrj31JOM;@rodrigoribeiro377;UC4Qt3Ef6D7Uw6AXF9QMb5QQ;http://www.youtube.com/@rodrigoribeiro377;"THIS is an incredible explanation... not only about the reserverd word &#39;this&#39; but also about the behaviour of structures that uses &#39;this&#39; such as constructor functions. It cleared my mind. Thanks!";THIS is an incredible explanation... not only about the reserverd word 'this' but also about the behaviour of structures that uses 'this' such as constructor functions. It cleared my mind. Thanks!;4;0
Ugznp4dwH_J5UgaPDZl4AaABAg;None;gvicrj31JOM;@lindag5733;UCrq9Ytupemwmd9ZaRH4mwaw;http://www.youtube.com/@lindag5733;This might sound over-the-top but I almost feel like crying!  I can now understand what my Javascript: The Comprehensive Guide, is talking about!!!!  Because of this video, I now understand. I wound not give up.  Your video blew the doors open for my understanding. I can literally breathe easier now.  I am preparing to freelance! Thank you and God bless you :);This might sound over-the-top but I almost feel like crying!  I can now understand what my Javascript: The Comprehensive Guide, is talking about!!!!  Because of this video, I now understand. I wound not give up.  Your video blew the doors open for my understanding. I can literally breathe easier now.  I am preparing to freelance! Thank you and God bless you :);2;0
UgxCvRGehILcJI4RrMh4AaABAg;None;gvicrj31JOM;@antonmariadas7747;UCj4WEw57N-Vn_KnIrBISsOQ;http://www.youtube.com/@antonmariadas7747;Best explanation ever. Simple, concise and very clear.;Best explanation ever. Simple, concise and very clear.;7;0
UgzYQFbF_qamW4hP0nF4AaABAg;None;gvicrj31JOM;@taleoftravels6701;UCHlRYe2vMHJLNjI7a3RxcnA;http://www.youtube.com/@taleoftravels6701;"Trying to summarize &#39;this&#39; after watching this video for at least 5th time:<br><br>For fns inside Objects: &#39;this&#39; refers to the object calling the function.<br>For fns not called by objects - Eg call back functions -    &#39;this&#39; refers to the global object.<br>For fns defined using arrow functions - &#39;this&#39; simple refers to the object that is executing the arrow function - Irrespective of object&#39;s scope. Meaning:  if the arrow function is called from a global scope? &#39;this&#39; will refer to the global object. If the arrow function is called with in a function which belongs to an object?&#39;this&#39; will refer to the calling function&#39;s scope and in this case the object itself.";"Trying to summarize 'this' after watching this video for at least 5th time:

For fns inside Objects: 'this' refers to the object calling the function.
For fns not called by objects - Eg call back functions -    'this' refers to the global object.
For fns defined using arrow functions - 'this' simple refers to the object that is executing the arrow function - Irrespective of object's scope. Meaning:  if the arrow function is called from a global scope? 'this' will refer to the global object. If the arrow function is called with in a function which belongs to an object?'this' will refer to the calling function's scope and in this case the object itself.";105;9
UgwYLn9Hx-RFekFwcWl4AaABAg;None;gvicrj31JOM;@swethanaik7121;UCy4OIkkh4qJ7aV1OQKnrUwg;http://www.youtube.com/@swethanaik7121;"&quot;This&quot; is so well explained. Such an eye opener since I have always been confused with the &quot;this&quot; keyword in Javascript since it can mean different things depending on its placement unlike in Java which is pretty straightforward.";"""This"" is so well explained. Such an eye opener since I have always been confused with the ""this"" keyword in Javascript since it can mean different things depending on its placement unlike in Java which is pretty straightforward.";9;0
Ugx_X_gjPZGdkvgf16d4AaABAg;None;gvicrj31JOM;@Mattou2812;UCRVHBMkwfJthLMp2seVHi8w;http://www.youtube.com/@Mattou2812;"You are a very good teacher. now i understand the basics of this thanks to you. I love your Javascript videos I&#39;ve learned a lot of things thanks to you. Thanks a lot for sharing your knowledges.";You are a very good teacher. now i understand the basics of this thanks to you. I love your Javascript videos I've learned a lot of things thanks to you. Thanks a lot for sharing your knowledges.;6;0
UgyzMa9ItGPcZQcoOFR4AaABAg;None;gvicrj31JOM;@m.smanoj4688;UCjm7odSyMcAYObYPNxEecVA;http://www.youtube.com/@m.smanoj4688;AWESOMELY EXPLAINED - EVEN PAID COURSES CANNOT COME NO WAY NEAR THIS KIND OF EXPLANATION LIKE THIS;AWESOMELY EXPLAINED - EVEN PAID COURSES CANNOT COME NO WAY NEAR THIS KIND OF EXPLANATION LIKE THIS;0;0
UgywMF6fyV_dr1M1QGJ4AaABAg;None;gvicrj31JOM;@siddharthmagadum16;UCgrK-DV5xL56Ddzhg6wub6w;http://www.youtube.com/@siddharthmagadum16;I heard this channel a lot. By watching THIS first video, I got to know THIS is an awesome channel . Crystal clear explanation. Thanks a lot. Subscribed!;I heard this channel a lot. By watching THIS first video, I got to know THIS is an awesome channel . Crystal clear explanation. Thanks a lot. Subscribed!;1;0
Ugx7QpovDZutTSD5XvN4AaABAg;None;gvicrj31JOM;@emmanuelagwu2953;UCbEoS7A-N0m_lNZctXZcXsA;http://www.youtube.com/@emmanuelagwu2953;"Thank you so much for this explanation. it makes the concept of the &quot;this&quot; keyword very clear";"Thank you so much for this explanation. it makes the concept of the ""this"" keyword very clear";1;0
Ugx4fN8HxidfwZ8zyA54AaABAg;None;gvicrj31JOM;@anifsayed3563;UCuTiBTp3tISlvNQZXV9lE3A;http://www.youtube.com/@anifsayed3563;This is by far the best explanation of this. I was struggling to understand the concept. Thank you very much.;This is by far the best explanation of this. I was struggling to understand the concept. Thank you very much.;2;0
Ugz_X5rpfkbxdd-QMll4AaABAg;None;gvicrj31JOM;@katkodes6055;UCLA93ZsaOPyDV9OAr0xcqMw;http://www.youtube.com/@katkodes6055;"I&#39;ve been trying to understand this for over 48 hours and I finally get it!! Thanks :)";I've been trying to understand this for over 48 hours and I finally get it!! Thanks :);1;2
UgzTB707qjhJfj6EDmd4AaABAg;None;gvicrj31JOM;@kevinmuchene8660;UCkjDQWYu1Pj7zhxYXf7nwlg;http://www.youtube.com/@kevinmuchene8660;"Excellent video. By using arrow function ie this.tags.forEach(tag =&gt; console.log(this, tag)) works.  This is because an arrow function doesn&#39;t have its own this value. Instead, it uses this value of the enclosing lexical scope.";Excellent video. By using arrow function ie this.tags.forEach(tag => console.log(this, tag)) works.  This is because an arrow function doesn't have its own this value. Instead, it uses this value of the enclosing lexical scope.;2;0
UgzUNtI93UrYxJbzudF4AaABAg;None;gvicrj31JOM;@sucesssoulman;UC8Wly_RZ8Lt6OC-wA9ZHcyw;http://www.youtube.com/@sucesssoulman;Thank you!!!! your explanation is THE BEST!!!!! I understood the concept. There is nothing difficult when someone explains it as clear as possible.;Thank you!!!! your explanation is THE BEST!!!!! I understood the concept. There is nothing difficult when someone explains it as clear as possible.;2;0
UgxD6kWqPxOiGTL-l1V4AaABAg;None;gvicrj31JOM;@MohiyuddinShaikh;UCUeWucMzDsM1pk3HN6HRLew;http://www.youtube.com/@MohiyuddinShaikh;"This was one of the most beautiful explanation on &quot;this&quot; topic. Heading out to solve some quizzes based on this concept to solidify my learning.";"This was one of the most beautiful explanation on ""this"" topic. Heading out to solve some quizzes based on this concept to solidify my learning.";2;0
UgyjcJQuZSgSq4Bcj2F4AaABAg;None;gvicrj31JOM;@akshaybhatt2136;UCSpUNYW25EYeOYK--74NV4g;http://www.youtube.com/@akshaybhatt2136;"This is by far the best and the simplest video on &#39;This&#39;";This is by far the best and the simplest video on 'This';0;0
UgwABJIe974bQl9P4Wt4AaABAg;None;gvicrj31JOM;@BobbyBundlez;UCq9HUJbabJ1rYcd55PL-_aw;http://www.youtube.com/@BobbyBundlez;ONE MINUTE IN AND HE ALREADY CLEARED UP SO MUCH;ONE MINUTE IN AND HE ALREADY CLEARED UP SO MUCH;2;0
Ugw71PlCDRWXjeI0hfx4AaABAg;None;gvicrj31JOM;@cowabungatv4159;UCkOv_5j9dobXJr1l8VH9Hqw;http://www.youtube.com/@cowabungatv4159;"Indeed the best tutorial on this i&#39;ve seen so far";Indeed the best tutorial on this i've seen so far;2;0
UgzimvB1CoqlzXQp6jN4AaABAg;None;gvicrj31JOM;@arsheen_coder250;UCP_XUa7ItBTQnpPyGnhteGw;http://www.youtube.com/@arsheen_coder250;I am trying to write the points he said about this this is helping me to understand try this guys Hope you all understand in sha Allah;I am trying to write the points he said about this this is helping me to understand try this guys Hope you all understand in sha Allah;0;0
Ugz7hcQgUuMyVnIuJ8B4AaABAg;None;gvicrj31JOM;@idhamhafidz;UCuAbDC6rvC-fuOjTlEsHSzg;http://www.youtube.com/@idhamhafidz;I finally understand the part where you add this after callback funtion;I finally understand the part where you add this after callback funtion;3;0
UgxuCez_idQljBjS78x4AaABAg;None;gvicrj31JOM;@kunalrajput4539;UCRAeypq_0Iy6zmn8GFkEjpg;http://www.youtube.com/@kunalrajput4539;if you use arrow function this will refer to video object not the window object so no need to use forEach;if you use arrow function this will refer to video object not the window object so no need to use forEach;1;0
Ugyc1bUj8BYF-JT9mIh4AaABAg;None;gvicrj31JOM;@andrew.schaeffer4032;UCummg6jEWLJERYRt-YBph8g;http://www.youtube.com/@andrew.schaeffer4032;"Bravo.  I&#39;ve watched several videos on the this keyword and this is the best one yet";Bravo.  I've watched several videos on the this keyword and this is the best one yet;0;0
UgwUI1XmTbL0ikpTkEt4AaABAg;None;gvicrj31JOM;@MRAMetharam;UCtSj1n1jpy6jMX6RmG-grvg;http://www.youtube.com/@MRAMetharam;"Have you even noticed that &quot;this&quot; is also different if you build a function using the arrow syntax vs the &quot;function&quot; keyword? Great video BTW.";"Have you even noticed that ""this"" is also different if you build a function using the arrow syntax vs the ""function"" keyword? Great video BTW.";3;2
UgwHO5LqTkfS2-IHpUN4AaABAg;None;gvicrj31JOM;@deustflagust12;UCv7JyDRGsw3VC_6e1eFWA9A;http://www.youtube.com/@deustflagust12;"You explain so simples and direct that I couldn&#39;t understand why I didn&#39;t figured out this before. Thanks man, best didactic ever.";You explain so simples and direct that I couldn't understand why I didn't figured out this before. Thanks man, best didactic ever.;0;0
UgyQrDgDJ942_ZCzdL14AaABAg;None;gvicrj31JOM;@kduisheev4355;UCt7gHa-UFqvsEgZ6XwKzokA;http://www.youtube.com/@kduisheev4355;still could not manage to explain to my 7 yrs old brother.;still could not manage to explain to my 7 yrs old brother.;217;7
Ugx5lMcQ2f6_6TAnfdZ4AaABAg;None;gvicrj31JOM;@smilejayden-553;UCt36KYVt5MU5uKXjnouuqIg;http://www.youtube.com/@smilejayden-553;"Very thanks for a CLEAR explain about &#39;this&#39;. Love Mosh from Korea";Very thanks for a CLEAR explain about 'this'. Love Mosh from Korea;0;0
UgwVUzWW61MFkTt0QGZ4AaABAg;None;gvicrj31JOM;@ShivamSingh-rj5jd;UCG_R1Fx99wy1b5FvHUSvkfA;http://www.youtube.com/@ShivamSingh-rj5jd;this video is the best video about <b>this</b>;this video is the best video about *this*;2;0
UgzdoaWUZzr1EpnjXGJ4AaABAg;None;gvicrj31JOM;@alagappank1242;UCsxuaOT8ThYGdrnvQvICwxQ;http://www.youtube.com/@alagappank1242;"Only video in you tube that clears the &quot;this&quot; keyword concept💥";"Only video in you tube that clears the ""this"" keyword concept💥";0;0
UgzA5xe7c_9Lw8VTrQR4AaABAg;None;gvicrj31JOM;@drakecoleman9364;UC2xB34lZ_j6k9KGqbe3xWqQ;http://www.youtube.com/@drakecoleman9364;The first part of your video is th goal for every tutorial out there. And when you made those claims in the begining that you would have the best way to explain it and understand, that inherently put a lot of pressure on you from me, since this video was a quick search to go over it for a different bigger part of my learning, and this is something thats been confusing me..<br>Well, tbh with you. <br>You succeeded. <br>Well Done man. You did amazing explaining it, and I am in your debt.;"The first part of your video is th goal for every tutorial out there. And when you made those claims in the begining that you would have the best way to explain it and understand, that inherently put a lot of pressure on you from me, since this video was a quick search to go over it for a different bigger part of my learning, and this is something thats been confusing me..
Well, tbh with you. 
You succeeded. 
Well Done man. You did amazing explaining it, and I am in your debt.";0;0
UgwPI6b4-r7mM1mcedV4AaABAg;None;gvicrj31JOM;@atlasmaxima1418;UCcHYAdltv9JJrRgeDaXAT7w;http://www.youtube.com/@atlasmaxima1418;Wow, I watched only the first minute and it makes so much sense now than trying to read articles about it!;Wow, I watched only the first minute and it makes so much sense now than trying to read articles about it!;3;2
Ugxzr6iHk0qpmld9qgJ4AaABAg;None;gvicrj31JOM;@PoetNoPoems;UCWV4KgMbl_Z7S8MQesXUBgg;http://www.youtube.com/@PoetNoPoems;"Says it’s complicated from poor teaching material then minute one of his explanation and I’ve got it. Top sh<a href=""http://www.youtube.com/results?search_query=%23t"">#t</a> mate, thanx";Says it’s complicated from poor teaching material then minute one of his explanation and I’ve got it. Top sh#t mate, thanx;1;0
Ugy2ic9-KiN0Wd0NtLV4AaABAg;None;gvicrj31JOM;@guycohen4403;UCK1EtEL7n9Rh6Q5mfJSKTQQ;http://www.youtube.com/@guycohen4403;"Thank you for the last part with the foreach, I didn&#39;t know that callback functions behave like that I didn&#39;t know how to fix it until now";Thank you for the last part with the foreach, I didn't know that callback functions behave like that I didn't know how to fix it until now;0;0
UgxdY3Zx3sKcJ5UAaBB4AaABAg;None;gvicrj31JOM;@the_yugandharr;UCAmgDuq3RaUmcjidCiOB1kQ;http://www.youtube.com/@the_yugandharr;"Bro this stuff is insane. You&#39;re an amazing teacher. No doubts left. Thanks a lot Mosh!";Bro this stuff is insane. You're an amazing teacher. No doubts left. Thanks a lot Mosh!;0;0
Ugw4CxiTGrQl3B9MhF54AaABAg;None;gvicrj31JOM;@itsthomasYT;UCI3aSbMclgC04ku8MKMzV9Q;http://www.youtube.com/@itsthomasYT;Mosh, damet garm. Hichwaght fekr nemikardam ke behtarin moalleme donya ye Hamwatan bashe. Merci. Zemanan man  ta hala 2 ta az coursato kharidam. <br>I wish you could create a course about JavaScript Debugging for a real world project. There is nothing like this any where on the web.;"Mosh, damet garm. Hichwaght fekr nemikardam ke behtarin moalleme donya ye Hamwatan bashe. Merci. Zemanan man  ta hala 2 ta az coursato kharidam. 
I wish you could create a course about JavaScript Debugging for a real world project. There is nothing like this any where on the web.";0;0
UgyrMYwoBaQTfXDg9m54AaABAg;None;gvicrj31JOM;@Mu-tp6es;UC563AVQU8vCsJ-Omf5w_8Mg;http://www.youtube.com/@Mu-tp6es;so basically this references the parent of wherever its called unless its called in an ordinary function then it references window;so basically this references the parent of wherever its called unless its called in an ordinary function then it references window;11;1
UgzD1JMhGdKvo6GNYaB4AaABAg;None;gvicrj31JOM;@joeyalfaro2323;UC_U1qrUYVth3_CTLSd0MC5w;http://www.youtube.com/@joeyalfaro2323;"Very simple rule of thumb if that function is part of an object we call that function and method right so if that function is a method in an object this references that object itself otherwise if that function is a regular function which means it&#39;s not part of an object this reference is the global object which is the window object in browsers and global in node.";Very simple rule of thumb if that function is part of an object we call that function and method right so if that function is a method in an object this references that object itself otherwise if that function is a regular function which means it's not part of an object this reference is the global object which is the window object in browsers and global in node.;0;0
UgwHM8MLoGpsx-p8USl4AaABAg;None;gvicrj31JOM;@arthurnino93;UC1dzYpqlWlaNbU9eYAqvjnQ;http://www.youtube.com/@arthurnino93;Favorite tutor mentor in programming;Favorite tutor mentor in programming;0;0
Ugx_Lu6EU2KW9ygkOup4AaABAg;None;gvicrj31JOM;@BigSmoke-r9w;UCtNeFBHpwNNToh4-7t3KY3Q;http://www.youtube.com/@BigSmoke-r9w;"Understand his rule of thumb dictated on the first minute of this video, then you&#39;ll easily understand all his examples.";Understand his rule of thumb dictated on the first minute of this video, then you'll easily understand all his examples.;2;1
UgybUWCPiBi23_-_wNJ4AaABAg;None;gvicrj31JOM;@aemre.a;UCr-lPwtUsZVgghGg7sAAgig;http://www.youtube.com/@aemre.a;"Cleanest &quot;this&quot; explanation in youtube, thanks for sharing.";"Cleanest ""this"" explanation in youtube, thanks for sharing.";0;0
Ugy6aKpT841PPmJ2Hxh4AaABAg;None;GxmfcnU3feo;@ianfrye8988;UCLtnY6Tv9f-9J_4dj6jVmxw;http://www.youtube.com/@ianfrye8988;"You&#39;re one of the few ppl who recommend backend first and I 100% agree. I think there is so much to learn from the backend that makes the front end a breeze. Good on you mate!";You're one of the few ppl who recommend backend first and I 100% agree. I think there is so much to learn from the backend that makes the front end a breeze. Good on you mate!;300;8
UgyCO-yLrmJ9_67Ra1F4AaABAg;None;GxmfcnU3feo;@muhammadobaidullahkhan5887;UCfWmiZ5pKgGgG0hLqj3FCCQ;http://www.youtube.com/@muhammadobaidullahkhan5887;"Actually the world needs &quot;Job Development Roadmap&quot; nowadays";"Actually the world needs ""Job Development Roadmap"" nowadays";687;17
UgxjP8EfkfNyqQG6gDR4AaABAg;None;GxmfcnU3feo;@epic3548;UCjh2ImV46j4sGkDPnEovQxA;http://www.youtube.com/@epic3548;"I can&#39;t believe I&#39;m 3/4 of this road map. Feels like yesterday when I had just started";I can't believe I'm 3/4 of this road map. Feels like yesterday when I had just started;170;16
UgwYSUiOnZ1W84yQYiR4AaABAg;None;GxmfcnU3feo;@HelmerVeum;UCAWuH4Ht_6AaRfGLrxExlMg;http://www.youtube.com/@HelmerVeum;Everything is clear. Brief and clear. No water. Thank you);Everything is clear. Brief and clear. No water. Thank you);13;0
UgwlKN9mkmSmsE-BwAZ4AaABAg;None;GxmfcnU3feo;@JanIura026;UCP7dmc6dncTCfkAuIVicLOg;http://www.youtube.com/@JanIura026;I started learning web development in college using PHP/Laravel, jQuery, and Tailwind. I stopped because my job uses desktop apps, so I switched to C#. Now I want to go back and learn web development from the beginning. Thanks for the sign!;I started learning web development in college using PHP/Laravel, jQuery, and Tailwind. I stopped because my job uses desktop apps, so I switched to C#. Now I want to go back and learn web development from the beginning. Thanks for the sign!;3;0
Ugzirk_uuUOyq6cBw3Z4AaABAg;None;GxmfcnU3feo;@NAJISH_12;UClIMh8rYbNkGAcx_n5mcj0A;http://www.youtube.com/@NAJISH_12;not gonna lie, i felt numb for months. like i was just surviving, not really living. then someone dropped Testosterone Rewired by David Brooks in a yt comment and i gave it a shot. bro… this book gave me my edge back. not by yelling at me to hustle, but by showing me how to fix my foundation. life hits different now.;not gonna lie, i felt numb for months. like i was just surviving, not really living. then someone dropped Testosterone Rewired by David Brooks in a yt comment and i gave it a shot. bro… this book gave me my edge back. not by yelling at me to hustle, but by showing me how to fix my foundation. life hits different now.;309;2
Ugy-6QP5cv1ZIw6Kmd94AaABAg;None;GxmfcnU3feo;@patsymutiso;UCJrUrG9AK26f7DtT018ELug;http://www.youtube.com/@patsymutiso;I recently started building a website for my crochet amigurumi pattern business, and I find building blocks with a block editor really fun 😊. This video has given me a roadmap for learning more about web design 😁;I recently started building a website for my crochet amigurumi pattern business, and I find building blocks with a block editor really fun 😊. This video has given me a roadmap for learning more about web design 😁;42;3
UgxptlaWMMJ3KSn5Mq54AaABAg;None;GxmfcnU3feo;@HrissW;UCC07gAGO1ZECjLC5uwmgKlA;http://www.youtube.com/@HrissW;"<a href=""https://www.youtube.com/watch?v=GxmfcnU3feo&amp;t=259"">4:19</a> <a href=""https://www.youtube.com/watch?v=GxmfcnU3feo&amp;t=280"">4:40</a> <a href=""https://www.youtube.com/watch?v=GxmfcnU3feo&amp;t=290"">4:50</a> self taught<br><a href=""https://www.youtube.com/watch?v=GxmfcnU3feo&amp;t=530"">8:50</a><br><a href=""https://www.youtube.com/watch?v=GxmfcnU3feo&amp;t=695"">11:35</a> React in 2 Months";"4:19 4:40 4:50 self taught
8:50
11:35 React in 2 Months";19;1
Ugy4CfCUese4_2xfx0B4AaABAg;None;GxmfcnU3feo;@arijeetchakraborty7069;UCU040_i6jxqTkEl-W0Fl8-Q;http://www.youtube.com/@arijeetchakraborty7069;please make a complete roadmap on how to become a cyber security engineer!;please make a complete roadmap on how to become a cyber security engineer!;43;0
Ugzdr29v5XQ97U2dYop4AaABAg;None;GxmfcnU3feo;@whodis977;UC33Qav8tpz_LdZxFYsorTPw;http://www.youtube.com/@whodis977;"<a href=""https://www.youtube.com/watch?v=GxmfcnU3feo&amp;t=45"">0:45</a> this is so true. I remember when I started learning web dev, I started with html and css but when it came time to learn JavaScript I was stuck and that led me to think web dev was hard for a long time.Until I was started learning more back end languages that I started getting the hang of it.";0:45 this is so true. I remember when I started learning web dev, I started with html and css but when it came time to learn JavaScript I was stuck and that led me to think web dev was hard for a long time.Until I was started learning more back end languages that I started getting the hang of it.;27;4
UgxwxrS8_8DVutpPB3J4AaABAg;None;GxmfcnU3feo;@ivankolev_23kolev2;UCC17OucmH56oWGzm0jTbnNQ;http://www.youtube.com/@ivankolev_23kolev2;Благодарим ви!;Благодарим ви!;2;0
UgwpU5BoM27PC96MPe94AaABAg;None;GxmfcnU3feo;@shiv366;UCnxkr5DEje_wuwD3gDFuF-Q;http://www.youtube.com/@shiv366;This video is really worth watching and exceptional explanation. He explained the reality of web development very systematically. Thanks for the video.<br><br>I am 2 year experienced developer. I am good at Javascript and Python. I worked on Node.js, MongoDB for 1.5 years. Worked for 6 months in the same company on wordpress for designing static websites. I have got familiar with css concepts like flexbox and grid. Did not work on HTML, CSS.<br><br>Based on your experience and research please suggest me which would be the best option for me?<br>1) backend<br>2) front-end<br>3) full stack<br><br>Based on the job search and your experience please guide me. This video was excellent. I want to know from you.;"This video is really worth watching and exceptional explanation. He explained the reality of web development very systematically. Thanks for the video.

I am 2 year experienced developer. I am good at Javascript and Python. I worked on Node.js, MongoDB for 1.5 years. Worked for 6 months in the same company on wordpress for designing static websites. I have got familiar with css concepts like flexbox and grid. Did not work on HTML, CSS.

Based on your experience and research please suggest me which would be the best option for me?
1) backend
2) front-end
3) full stack

Based on the job search and your experience please guide me. This video was excellent. I want to know from you.";6;0
UgxRpEtqhJURaESvJpR4AaABAg;None;GxmfcnU3feo;@skynixllc;UCBvSigFwx5k5aThvM3uVwSA;http://www.youtube.com/@skynixllc;This roadmap is gold for anyone serious about web dev — covers everything from zero to pro;This roadmap is gold for anyone serious about web dev — covers everything from zero to pro;1;1
UgwxlE_LSHO48xZ5D3Z4AaABAg;None;GxmfcnU3feo;@Y42_Billionaire;UCIi-iX-aB9oah_-t3eb5FnQ;http://www.youtube.com/@Y42_Billionaire;What the heck did I just watch? I don’t understand everything he said. Anyway, I think my path isn’t what I thought, but I will learn it all, insha Allah. Whatever it takes weeks, months, or years I will do it. Hard work pays off. 17/2/2025;What the heck did I just watch? I don’t understand everything he said. Anyway, I think my path isn’t what I thought, but I will learn it all, insha Allah. Whatever it takes weeks, months, or years I will do it. Hard work pays off. 17/2/2025;14;2
UgyJtEObtnjYIos6AH94AaABAg;None;GxmfcnU3feo;@sirishkumar-m5z;UC7y-MxZDefOPjYRKtvPJaOg;http://www.youtube.com/@sirishkumar-m5z;Making AI agents with Python is a great skill to pick up. Media like SmythOS can keep time by streamlining complex workflows. What are your famous AI projects to work on;Making AI agents with Python is a great skill to pick up. Media like SmythOS can keep time by streamlining complex workflows. What are your famous AI projects to work on;2;0
UgwBMET_arFVxsJMbA14AaABAg;None;GxmfcnU3feo;@fashi-u4r;UCwJqCOOb81dq2L24vsM020w;http://www.youtube.com/@fashi-u4r;"I&#39;m watching this video with tears in my eyes<br>Here&#39;s my story: I&#39;m 40 years old, I don&#39;t know the real reason why I didn&#39;t achieve anything in my whole live, anyway... Recently I learn python from YouTube and I started to care about <a href=""http://programming.so/"">programming.so</a> I enrolled in a campus where they give cross platform app development (that happened in the last week) and I pass a routin test with many others candidates. They accepted all of them except me, and they treated me with supremacist because they are in the capital of the country and I&#39;m from a small city . so, I tried to go to the The directorate and the ministry to which the institute belongs, They also treated me with contempt... I came back my city ... I got depressed, especially because of my age, which doesn&#39;t allow me to wait any longer... I thank God that I found your channel, you are a respectable person, and I will learn from you until I become a web developer and get a job, at least as a freelancer<br>Thanks good and humble man .. Sorry for my mistakes because my first language isn&#39;t English";"I'm watching this video with tears in my eyes
Here's my story: I'm 40 years old, I don't know the real reason why I didn't achieve anything in my whole live, anyway... Recently I learn python from YouTube and I started to care about programming.so I enrolled in a campus where they give cross platform app development (that happened in the last week) and I pass a routin test with many others candidates. They accepted all of them except me, and they treated me with supremacist because they are in the capital of the country and I'm from a small city . so, I tried to go to the The directorate and the ministry to which the institute belongs, They also treated me with contempt... I came back my city ... I got depressed, especially because of my age, which doesn't allow me to wait any longer... I thank God that I found your channel, you are a respectable person, and I will learn from you until I become a web developer and get a job, at least as a freelancer
Thanks good and humble man .. Sorry for my mistakes because my first language isn't English";2;0
Ugw9TEtnQX__TAIXz8R4AaABAg;None;GxmfcnU3feo;@FutureCodingStars;UCXCEXokpYE4oL3-r3hR0ebA;http://www.youtube.com/@FutureCodingStars;"This is an incredibly thorough and well-structured roadmap for aspiring web developers! It&#39;s fantastic to see such clear distinctions between frontend and backend, and the emphasis on foundational skills like data structures and algorithms is spot on. For anyone just starting, especially younger learners, focusing on the core logic and problem-solving aspects first, perhaps with a visual programming approach or simplified syntax, can really build confidence before diving into complex frameworks. This video provides an excellent pathway for those ready to commit to the journey.";This is an incredibly thorough and well-structured roadmap for aspiring web developers! It's fantastic to see such clear distinctions between frontend and backend, and the emphasis on foundational skills like data structures and algorithms is spot on. For anyone just starting, especially younger learners, focusing on the core logic and problem-solving aspects first, perhaps with a visual programming approach or simplified syntax, can really build confidence before diving into complex frameworks. This video provides an excellent pathway for those ready to commit to the journey.;1;0
Ugwx8Y2fp4vKHsGK0fp4AaABAg;None;GxmfcnU3feo;@KeanuHansen-l1z;UCD8QyjS8Sh-C6utTQhSGlEw;http://www.youtube.com/@KeanuHansen-l1z;You putting this up for free is actually clutch - praise to you;You putting this up for free is actually clutch - praise to you;1;0
UgwCkkZEahNzpRKkfTd4AaABAg;None;GxmfcnU3feo;@motivationalvideo03250;UCi9jdkcoa0PW7gU6oTxySXA;http://www.youtube.com/@motivationalvideo03250;"if you&#39;re scrolling and feel off, read this. i was burnt out, low energy, not myself. found Testosterone Rewired by David Brooks, had zero expectations but man. chapter by chapter it rebuilt me. no hype bs, not fake motivation just stuff that grounds you and resets your system. this book really saved me. wish I found it sooner.🔥";if you're scrolling and feel off, read this. i was burnt out, low energy, not myself. found Testosterone Rewired by David Brooks, had zero expectations but man. chapter by chapter it rebuilt me. no hype bs, not fake motivation just stuff that grounds you and resets your system. this book really saved me. wish I found it sooner.🔥;0;0
UgyC3PxJQO3rLeHFOlZ4AaABAg;None;GxmfcnU3feo;@dmafricapital;UCB2ov0hw9MU9tWYACQHBCtg;http://www.youtube.com/@dmafricapital;Much love from 🇹🇿. Glad to listen the frontend roadmap. Kudos to 4M followers including me, such a goodone Mosh. God bless you and see you at the top.;Much love from 🇹🇿. Glad to listen the frontend roadmap. Kudos to 4M followers including me, such a goodone Mosh. God bless you and see you at the top.;7;0
UgxIDYSgwnSbjlQ7NMt4AaABAg;None;GxmfcnU3feo;@EdgarDelgado-i8z8i;UCXZx--_8rUCKSZRgE119KtA;http://www.youtube.com/@EdgarDelgado-i8z8i;Świetny przewodnik dla początkujących — teraz wiem, od czego zacząć naukę web developmentu!;Świetny przewodnik dla początkujących — teraz wiem, od czego zacząć naukę web developmentu!;0;0
UgzNNjpya5icw62ef_N4AaABAg;None;GxmfcnU3feo;@orchidoris;UCrK-27PgHwKHKCIDTm9kHmA;http://www.youtube.com/@orchidoris;"Databases are called relational not because of relationships, but because of the word &quot;relation&quot; being used interchangeably with words like &quot;table&quot; and &quot;entity&quot; in the theoretical basis of relational databases.";"Databases are called relational not because of relationships, but because of the word ""relation"" being used interchangeably with words like ""table"" and ""entity"" in the theoretical basis of relational databases.";0;1
UgzTFdIKLs-VmN7ZTgB4AaABAg;None;GxmfcnU3feo;@RadoslavIliev-r9g;UCJXoccuCGR4PENdnKE3rYrA;http://www.youtube.com/@RadoslavIliev-r9g;Solid info with no fluff — respect.;Solid info with no fluff — respect.;1;0
UgzOT1d6gwfjGg411aF4AaABAg;None;GxmfcnU3feo;@GA_ME;UC5ndLAhmip9WnTAvjfPFiJw;http://www.youtube.com/@GA_ME;Yep, its 5 years of learning, you will get just on time when robots start to code in 5 minutes what you can in 5  months.;Yep, its 5 years of learning, you will get just on time when robots start to code in 5 minutes what you can in 5  months.;10;0
UgzGN0Y8cKwM8jg1Yep4AaABAg;None;GxmfcnU3feo;@sobhanesfandyari;UCG-TVA5cic0yJEk60elnEzA;http://www.youtube.com/@sobhanesfandyari;"Mosh joon, isn&#39;t it a time to publish Rust series based on real projects?! We need such a thing. Writing a kernel driver based on Rust would be amazing course from you Mosh joon ❤❤";Mosh joon, isn't it a time to publish Rust series based on real projects?! We need such a thing. Writing a kernel driver based on Rust would be amazing course from you Mosh joon ❤❤;1;0
UgwkL4BIZNIfM4BXo9V4AaABAg;None;GxmfcnU3feo;@Srirama7;UCnnVcv2Ip5SgIN5pxBQ2gDA;http://www.youtube.com/@Srirama7;"Thanks, Mosh😍, for this great video! I&#39;m currently diving deep into your Python Mastery course and loving the Classes module. What would you recommend learning next to build on this? Any pro tips for accelerating my Python journey?<br><br>A revamped Python Mastery course with the latest Python version would be incredible! It would be a game-changer for learners like me. Keep up the amazing work!";"Thanks, Mosh😍, for this great video! I'm currently diving deep into your Python Mastery course and loving the Classes module. What would you recommend learning next to build on this? Any pro tips for accelerating my Python journey?

A revamped Python Mastery course with the latest Python version would be incredible! It would be a game-changer for learners like me. Keep up the amazing work!";2;0
UgwTxfzwT8uWroHXzfl4AaABAg;None;GxmfcnU3feo;@Xcoder__1957;UCD78wOMI1tmvEdwqM2pyalg;http://www.youtube.com/@Xcoder__1957;do not only create roadmap . do make tutorials as well mosh😻;do not only create roadmap . do make tutorials as well mosh😻;3;0
UgxSZrTP5suGyPvdYBF4AaABAg;None;GxmfcnU3feo;@GeorgeSaunders-n3t;UCDc7r21qhuH_x3F5OeTj8qA;http://www.youtube.com/@GeorgeSaunders-n3t;Crisp, smart way of explaining, necessary and sufficient information. That was helpful. Thank you.;Crisp, smart way of explaining, necessary and sufficient information. That was helpful. Thank you.;0;0
Ugzc7ddx23QFEyGs0BV4AaABAg;None;GxmfcnU3feo;@SANJAYSARAKALA;UCLI7TBGzkO0W0txTmhDHW3w;http://www.youtube.com/@SANJAYSARAKALA;Guys who want cloud computing engineer roadmap 🔥🔥;Guys who want cloud computing engineer roadmap 🔥🔥;59;2
UgweGxX1IFRrGjTYdZx4AaABAg;None;GxmfcnU3feo;@jonplaud;UCDtELfVEf7YA2VrorNfF4-g;http://www.youtube.com/@jonplaud;I started off with front end development during the myspace days where you could customize your page.;I started off with front end development during the myspace days where you could customize your page.;0;0
Ugy5LHjvFSAr5B-h-At4AaABAg;None;GxmfcnU3feo;@MohammedHasmi577;UCmUQC7zxSRIznCizcHyoLrg;http://www.youtube.com/@MohammedHasmi577;Mosh sir lots of love from India;Mosh sir lots of love from India;3;0
UgyfqoMUKL2J9k7pRkB4AaABAg;None;GxmfcnU3feo;@Sriram2187-1;UCaREUiRInrgtnGSO-3GaHeA;http://www.youtube.com/@Sriram2187-1;"Thanks Mosh for this great video! I&#39;m currently diving deep into your Python Mastery course and loving the Classes module. What would you recommend learning next to build on this foundation? Any Python learning tips would be awesome!<br><br>I&#39;d love to see a Python Mastery course update with the latest Python features. It would be incredibly valuable for students like me. Keep up the amazing work!&quot;";"Thanks Mosh for this great video! I'm currently diving deep into your Python Mastery course and loving the Classes module. What would you recommend learning next to build on this foundation? Any Python learning tips would be awesome!

I'd love to see a Python Mastery course update with the latest Python features. It would be incredibly valuable for students like me. Keep up the amazing work!""";2;0
UgwVLVPQkS4tOaTtS394AaABAg;None;GxmfcnU3feo;@CatriceSchy;UCv01A20gGPweqgafG5vJVYA;http://www.youtube.com/@CatriceSchy;"Actually the world needs &quot;Job Development Roadmap&quot; nowadays";"Actually the world needs ""Job Development Roadmap"" nowadays";0;0
Ugww_s_Rm8vlTv9aD5p4AaABAg;None;GxmfcnU3feo;@JamalGhazniwal-xr4wc;UCO6SeNxa6M_llSTEyTkfZmw;http://www.youtube.com/@JamalGhazniwal-xr4wc;Hi Mosh! thank you for your useful content. Can you make one for blockchain software development, please?;Hi Mosh! thank you for your useful content. Can you make one for blockchain software development, please?;4;1
Ugwd17aqtDNtY95fMot4AaABAg;None;GxmfcnU3feo;@HarryHill-c4e;UCO7HU5CufaidAH6jIdTeJKA;http://www.youtube.com/@HarryHill-c4e;An incredibly helpful and comprehensive roadmap for aspiring web developers!;An incredibly helpful and comprehensive roadmap for aspiring web developers!;0;0
UgzqBjCoeMa6fKDtPeF4AaABAg;None;GxmfcnU3feo;@Singlton;UCkuVZLDyNSjstR0kXfb-7Iw;http://www.youtube.com/@Singlton;Html, CSS, Rust (axum, Dioxus) 🤝❣️;Html, CSS, Rust (axum, Dioxus) 🤝❣️;1;0
Ugw5sIUsgQFZTOpZFvN4AaABAg;None;GxmfcnU3feo;@AbelGher-j2t;UCAaY_807IMN0cz9h37WgrIw;http://www.youtube.com/@AbelGher-j2t;pls make us a video  how to stay updated??? and how we can use the news by example;pls make us a video  how to stay updated??? and how we can use the news by example;1;0
Ugw_MrGAnhC16sU4sVp4AaABAg;None;GxmfcnU3feo;@Gtarafdarr;UCoWCfH3YV6k0gsZZbLwFnxQ;http://www.youtube.com/@Gtarafdarr;"Timestamps<br><a href=""https://www.youtube.com/watch?v=GxmfcnU3feo&amp;t=4"">00:04</a> - Backend development is essential for a solid programming foundation.<br><a href=""https://www.youtube.com/watch?v=GxmfcnU3feo&amp;t=118"">01:58</a> - Focus on mastering one language for job opportunities<br><a href=""https://www.youtube.com/watch?v=GxmfcnU3feo&amp;t=227"">03:47</a> - Learn version control with Git and GitHub<br><a href=""https://www.youtube.com/watch?v=GxmfcnU3feo&amp;t=341"">05:41</a> - Understanding and designing databases<br><a href=""https://www.youtube.com/watch?v=GxmfcnU3feo&amp;t=458"">07:38</a> - Recommend learning MongoDB and a web framework based on your programming language.<br><a href=""https://www.youtube.com/watch?v=GxmfcnU3feo&amp;t=578"">09:38</a> - Learn the essence of CSS in 2 to 4 weeks<br><a href=""https://www.youtube.com/watch?v=GxmfcnU3feo&amp;t=690"">11:30</a> - Build a strong foundation in JavaScript before learning React<br><a href=""https://www.youtube.com/watch?v=GxmfcnU3feo&amp;t=805"">13:25</a> - Key skills for senior developers and meta frameworks";"Timestamps
00:04 - Backend development is essential for a solid programming foundation.
01:58 - Focus on mastering one language for job opportunities
03:47 - Learn version control with Git and GitHub
05:41 - Understanding and designing databases
07:38 - Recommend learning MongoDB and a web framework based on your programming language.
09:38 - Learn the essence of CSS in 2 to 4 weeks
11:30 - Build a strong foundation in JavaScript before learning React
13:25 - Key skills for senior developers and meta frameworks";0;0
UgwXLaK5dvF7FBJ31MJ4AaABAg;None;GxmfcnU3feo;@NewmanPromise;UCuiCPp8jjdEam0Q_tkOF-Cg;http://www.youtube.com/@NewmanPromise;"i&#39;ve finished learning python,Django,sql,html,css,javaScript and now i&#39;m currently learning TypeScript and React but after going through comments God i am so heart broken,just hope i&#39;ll get a job afterwards😥.";i've finished learning python,Django,sql,html,css,javaScript and now i'm currently learning TypeScript and React but after going through comments God i am so heart broken,just hope i'll get a job afterwards😥.;1;4
UgwSdjJkRk_YvLKks3N4AaABAg;None;GxmfcnU3feo;@EnigmaTravel;UCFLBuStADDBYE7K-ewr914Q;http://www.youtube.com/@EnigmaTravel;Everything is Perfect if you could include PHP and Laravel to this. Great Work!;Everything is Perfect if you could include PHP and Laravel to this. Great Work!;57;5
UgzLCUOrx5RHd6kGoQJ4AaABAg;None;GxmfcnU3feo;@alex-cf4dy;UCpO1GDI7EWZk9MSkL62TsdA;http://www.youtube.com/@alex-cf4dy;He forgot to mention that getting a job as a web developer right now is going to be nearly impossible for someone without any professional experience, and extremely difficult for people with many years of experience even. The tech job market is abysmal.;He forgot to mention that getting a job as a web developer right now is going to be nearly impossible for someone without any professional experience, and extremely difficult for people with many years of experience even. The tech job market is abysmal.;1;4
UgxC2EU4VPrloBHZb9R4AaABAg;None;GxmfcnU3feo;@Hitthexa;UCKzoceZXewdiuRdQQsVcurw;http://www.youtube.com/@Hitthexa;"Impossible to download: &quot;Unable to submit your request. Please contact the website administrator&quot; 😢";"Impossible to download: ""Unable to submit your request. Please contact the website administrator"" 😢";3;0
Ugxv4S4D3xnTIRYcakd4AaABAg;None;GxmfcnU3feo;@tyrehead;UC8C9QPaCPZNdyz7fJoQ_BjQ;http://www.youtube.com/@tyrehead;Mosh, can you make one for Embedded systems or for Game development, please ?;Mosh, can you make one for Embedded systems or for Game development, please ?;1;0
UgwcPv2yv5VeybRg9gJ4AaABAg;None;GxmfcnU3feo;@MV-Light;UCMV-briVQ3e0P1M-m1xVm6A;http://www.youtube.com/@MV-Light;Not exactly JavaScript can also be used with java android back end and forth end using interface and it works fine;Not exactly JavaScript can also be used with java android back end and forth end using interface and it works fine;1;0
Ugw-sNowNk8GlyH_VSh4AaABAg;None;GxmfcnU3feo;@vdotrome;UCdeK3a6CnTzm2E-IKLj2D6A;http://www.youtube.com/@vdotrome;Even just 5-6 comments early on made a big difference in how YouTube treated my uploads.;Even just 5-6 comments early on made a big difference in how YouTube treated my uploads.;0;0
UgxPMPk6hwlqH_uta5F4AaABAg;None;GxmfcnU3feo;@shobuj_pata;UCmi9o63bgkpr9TVoMxG_Kdg;http://www.youtube.com/@shobuj_pata;I will Study Web Development for<br>1 Like = 1 Hour !!!!;"I will Study Web Development for
1 Like = 1 Hour !!!!";274;6
UgwCwLCrCTbfZX6sG3l4AaABAg;None;GxmfcnU3feo;@PisonSaaboane;UCqPyemMt0kXUDtomPje5jXA;http://www.youtube.com/@PisonSaaboane;"Anyone studying Web Application Development???<br>Please let&#39;s be friends 😊";"Anyone studying Web Application Development???
Please let's be friends 😊";6;5
UgwC4O6Fh3fv4znvr1V4AaABAg;None;GxmfcnU3feo;@MohammadOmar-p7b;UCy7RjVjljst60hNMRpP_h2A;http://www.youtube.com/@MohammadOmar-p7b;since you have provided such an insightful explanation, I was hoping on learning from any courses or tutorials you might have .... Could you enlighten me were can i find those;since you have provided such an insightful explanation, I was hoping on learning from any courses or tutorials you might have .... Could you enlighten me were can i find those;1;0
UgyBtyUzrDF5eiRlQOZ4AaABAg;None;GxmfcnU3feo;@emanuelkimaro195;UCpDYJEVLh0xBcm52mOjvrMA;http://www.youtube.com/@emanuelkimaro195;Adding timestamps boosts replay value;Adding timestamps boosts replay value;0;0
UgwkEeYYe6YYgf1aTb94AaABAg;None;GxmfcnU3feo;@meekbronsen6668;UCz7IhRlg_AfRPYelIWO5sKw;http://www.youtube.com/@meekbronsen6668;Could you do a kubernetes course Mosh, or building backends with springboot;Could you do a kubernetes course Mosh, or building backends with springboot;2;0
UgwA3gC9qTrwLXGO9Kp4AaABAg;None;ZqDtPFrUonQ;@olekristianrannekleiv762;UCI0x0NhwlcbOGSRqGajA0lg;http://www.youtube.com/@olekristianrannekleiv762;"Finally a programmer who does not suffer from &quot;its obvious&quot; syndrome and accually explain all the small details, point out what can be ignored for the moment and repeats the small details over en over at any oppourtunity to remind the viwer and not overwhelm him/her.";"Finally a programmer who does not suffer from ""its obvious"" syndrome and accually explain all the small details, point out what can be ignored for the moment and repeats the small details over en over at any oppourtunity to remind the viwer and not overwhelm him/her.";63;1
UgwK_DhsrkcMBAc80XV4AaABAg;None;ZqDtPFrUonQ;@syedameerhussainkazmi918;UCSO_RBdDEArso7SdJWjYjew;http://www.youtube.com/@syedameerhussainkazmi918;I gave this dude a subscribe just because he said its perfectly fine if we dont want to register for his course, seems to me like not only is he a great teacher but also a humble person. Good on you mate;I gave this dude a subscribe just because he said its perfectly fine if we dont want to register for his course, seems to me like not only is he a great teacher but also a humble person. Good on you mate;32;0
UgwfeIqRbU5bz-zPbnB4AaABAg;None;ZqDtPFrUonQ;;UCNAoTzFowfr8S2H1HT3jfpQ;http://www.youtube.com/c/J%C4%81nisGr%C4%ABnvalds;No one can visually clearly explain all these hierarchies - a lot of talks, code does not make less confusion. Although I understand it more, but I listen as a newbie and hear all the reasons for confusion. Lecturers should try to make this understandable for 8yo kid - and it could be achievable.;No one can visually clearly explain all these hierarchies - a lot of talks, code does not make less confusion. Although I understand it more, but I listen as a newbie and hear all the reasons for confusion. Lecturers should try to make this understandable for 8yo kid - and it could be achievable.;17;0
Ugyv6WYWXesUPp005b54AaABAg;None;ZqDtPFrUonQ;@HarryPotter-nc6yl;UCJSY9etSPapfm1Acm8eb2IQ;http://www.youtube.com/@HarryPotter-nc6yl;"<a href=""https://www.youtube.com/watch?v=ZqDtPFrUonQ&amp;t=394"">6:34</a>  (copy pasted from net) The main limit is that C# only lets you use var for local variables (inside a function). <br>Your class members must have explicit types.<br>In your case, it looks like you want this:";"6:34  (copy pasted from net) The main limit is that C# only lets you use var for local variables (inside a function). 
Your class members must have explicit types.
In your case, it looks like you want this:";3;0
UgwnVBAG9gDc_6H53ZR4AaABAg;None;ZqDtPFrUonQ;@footballCartoonZz;UCJQYjxRKjeEVxrhaDOdbdGw;http://www.youtube.com/@footballCartoonZz;Actually the static function inside a class outside program<br>is a good example.<br>Because we cannot create object in the main function,<br>So we create an object inside the class;"Actually the static function inside a class outside program
is a good example.
Because we cannot create object in the main function,
So we create an object inside the class";3;0
UgxSpt4KN0wMG-oCG_d4AaABAg;None;ZqDtPFrUonQ;@nogamesnofame;UC4vr1hzJmf6KBSP-uVj219A;http://www.youtube.com/@nogamesnofame;"Goddamn, I finally found a youtuber whos voice does not bore me and teaches what I&#39;m interested in!";Goddamn, I finally found a youtuber whos voice does not bore me and teaches what I'm interested in!;8;0
Ugyo2K3_-aQmb6GI6TR4AaABAg;None;ZqDtPFrUonQ;@adukaleerjook9299;UCIkI3h5LFAOlFf2dmtd8ZoA;http://www.youtube.com/@adukaleerjook9299;Great and humble of online programmers I am not a computer science but I am just watching yours for well arrange clear explanation..I subscribe..;Great and humble of online programmers I am not a computer science but I am just watching yours for well arrange clear explanation..I subscribe..;0;0
UgxRx5owwHbEDA0j_-N4AaABAg;None;ZqDtPFrUonQ;@joeMsessions;UCpQ1MKOL2QRKAgba7a3yd2Q;http://www.youtube.com/@joeMsessions;"With the &quot;Parse&quot; method, aren&#39;t you just making a constructor in a roundabout way here?  Am I missing something?  Seems like a pretty unconvincing example of why I&#39;d want to use a static member. (Mosh, btw, I&#39;ve bought a few of your Udemy courses, and love them. Did them at the start of my career and I&#39;m two years in now. Thank you!)";"With the ""Parse"" method, aren't you just making a constructor in a roundabout way here?  Am I missing something?  Seems like a pretty unconvincing example of why I'd want to use a static member. (Mosh, btw, I've bought a few of your Udemy courses, and love them. Did them at the start of my career and I'm two years in now. Thank you!)";10;0
UgwR06WZgKuxEOptCLF4AaABAg;None;ZqDtPFrUonQ;@anzerupnik1442;UCwtCTv96ZfZnIdI7e-FUOUg;http://www.youtube.com/@anzerupnik1442;Found this because I was learning for snytax of C# (I have some C++ exeprinece). I like that the tutorial explains the concepts of classes.;Found this because I was learning for snytax of C# (I have some C++ exeprinece). I like that the tutorial explains the concepts of classes.;0;0
Ugy-1A2ibLFziMIZskN4AaABAg;None;ZqDtPFrUonQ;@Dante3085;UClbl6_hiwkNq00bogC-aZvg;http://www.youtube.com/@Dante3085;"<a href=""https://www.youtube.com/watch?v=ZqDtPFrUonQ&amp;t=362"">6:02</a> You went over the method return type with you&#39;r mouse while saying &quot;Signature&quot;. I am not sure if you meant to say that the return type is part of the method signature, but just to eradicate any confusion, the method return type is definetly not part of the method signature !";"6:02 You went over the method return type with you'r mouse while saying ""Signature"". I am not sure if you meant to say that the return type is part of the method signature, but just to eradicate any confusion, the method return type is definetly not part of the method signature !";3;0
UgxtNX0A5lkkFNTJeEZ4AaABAg;None;ZqDtPFrUonQ;@ko3li668;UCL0neVEeqfjK8lLf7FiczPg;http://www.youtube.com/@ko3li668;"I just started learning programming for a month now! (C and C#) I&#39;ll keep learning until the end of days. <br><br>I&#39;ll be answering questions about &quot;Where am I now at programing?&quot; after 9 months from now!<br>cya";"I just started learning programming for a month now! (C and C#) I'll keep learning until the end of days. 

I'll be answering questions about ""Where am I now at programing?"" after 9 months from now!
cya";4;12
UgxByoWoeCojWAjhUed4AaABAg;None;ZqDtPFrUonQ;@josphatoluoch5205;UC3Q_-p9bIApcGsgGa0_OiTg;http://www.youtube.com/@josphatoluoch5205;Thanks a lot, You are changing the world bro!! :D;Thanks a lot, You are changing the world bro!! :D;3;0
UgxzrehXp9bGzsyW4HZ4AaABAg;None;ZqDtPFrUonQ;@dannycisco5721;UCmEc07xXvZWF1uv1tSnEPxA;http://www.youtube.com/@dannycisco5721;"As a beginner I was totally thrown by the string[] in the Main()... being shown examples of more confusing ways to give the same result is the best way to make my brain switch off. My brain just says &quot;Parse? Why?&quot;";"As a beginner I was totally thrown by the string[] in the Main()... being shown examples of more confusing ways to give the same result is the best way to make my brain switch off. My brain just says ""Parse? Why?""";1;0
UgzRh2a83GtW-CEyG0B4AaABAg;None;ZqDtPFrUonQ;@chelebarry;UCry-Eg3ChqYFXk_Ai6B43iw;http://www.youtube.com/@chelebarry;It was a bit troublesome for me to understand that final 2 min of the videos still wrapping my head to understand well how the method in a class interact.  I will see your other video on methods hope this clears things up.;It was a bit troublesome for me to understand that final 2 min of the videos still wrapping my head to understand well how the method in a class interact.  I will see your other video on methods hope this clears things up.;8;0
UgwTPwTdL-j4oi4TOVd4AaABAg;None;ZqDtPFrUonQ;@brandonnorris1026;UCLjTI3b4XqTx_ND1yg07YLw;http://www.youtube.com/@brandonnorris1026;Made me believe that I could use var to call a Class from anywhere on earth.;Made me believe that I could use var to call a Class from anywhere on earth.;2;0
UgwHgRHHwVFhtRtManp4AaABAg;None;ZqDtPFrUonQ;@Tbone272;UC3JqwyyL88g4-lAB-vWsbkw;http://www.youtube.com/@Tbone272;thanks for the videos, planning taking your course after I get through all the free stuff.  Just trying to maximize exposure as much as I can.  Thanks for giving both options.;thanks for the videos, planning taking your course after I get through all the free stuff.  Just trying to maximize exposure as much as I can.  Thanks for giving both options.;0;0
UgyDZuFhD3gfwSRiSs94AaABAg;None;ZqDtPFrUonQ;@dannycisco5721;UCmEc07xXvZWF1uv1tSnEPxA;http://www.youtube.com/@dannycisco5721;"I really want someone to explain the Person vs person step in a way that locks in it. A beginner&#39;s example with a different word for each would really help.";I really want someone to explain the Person vs person step in a way that locks in it. A beginner's example with a different word for each would really help.;2;1
UgyBqs2jRnD2JAlThlh4AaABAg;None;ZqDtPFrUonQ;@VisibleWater;UCU9f9rhyLq95DM8mbUONcZA;http://www.youtube.com/@VisibleWater;very nice explanation, thank you very much.;very nice explanation, thank you very much.;0;0
UgxwSL9LA3u1Xua37R94AaABAg;None;ZqDtPFrUonQ;@XXIcenturyblood;UCQaqjKvqPVnmSOcEClCpgXg;http://www.youtube.com/@XXIcenturyblood;"<a href=""https://www.youtube.com/watch?v=ZqDtPFrUonQ&amp;t=26"">0:26</a> - What is a class?<br><a href=""https://www.youtube.com/watch?v=ZqDtPFrUonQ&amp;t=50"">0:50</a> - Real world example<br><a href=""https://www.youtube.com/watch?v=ZqDtPFrUonQ&amp;t=142"">2:22</a> - Anatomy of a class<br><a href=""https://www.youtube.com/watch?v=ZqDtPFrUonQ&amp;t=226"">3:46</a> - Object<br><a href=""https://www.youtube.com/watch?v=ZqDtPFrUonQ&amp;t=272"">4:32</a> - Declaring classes<br><a href=""https://www.youtube.com/watch?v=ZqDtPFrUonQ&amp;t=395"">6:35</a> - Creating objects<br><a href=""https://www.youtube.com/watch?v=ZqDtPFrUonQ&amp;t=441"">7:21</a> - Using objects<br><a href=""https://www.youtube.com/watch?v=ZqDtPFrUonQ&amp;t=452"">7:32</a> - Class members  <br><a href=""https://www.youtube.com/watch?v=ZqDtPFrUonQ&amp;t=495"">8:15</a> - Why use static members?<br><a href=""https://www.youtube.com/watch?v=ZqDtPFrUonQ&amp;t=532"">8:52</a> - Declaring static members<br><a href=""https://www.youtube.com/watch?v=ZqDtPFrUonQ&amp;t=546"">9:06</a> - Demo";"0:26 - What is a class?
0:50 - Real world example
2:22 - Anatomy of a class
3:46 - Object
4:32 - Declaring classes
6:35 - Creating objects
7:21 - Using objects
7:32 - Class members  
8:15 - Why use static members?
8:52 - Declaring static members
9:06 - Demo";1;0
UgwBuDYB67NTvJQOYDB4AaABAg;None;ZqDtPFrUonQ;@ronancasey;UCd5e6JqUPwO5lKQDpIIiXSg;http://www.youtube.com/@ronancasey;"You&#39;re a great teacher :)";You're a great teacher :);14;0
UgzcTRhOVccqI8OoQ-l4AaABAg;None;ZqDtPFrUonQ;@jasiantheasian8894;UCMT--pIGRlYwKY3FYdPHTlA;http://www.youtube.com/@jasiantheasian8894;Tldw: Person person person;Tldw: Person person person;9;0
UgwIih2dWjaeMSRFJqB4AaABAg;None;ZqDtPFrUonQ;@eugenekim2477;UCUhoQy-l0eyQLFHotxiXQyw;http://www.youtube.com/@eugenekim2477;"He lost me at the parse section. Parse wasn&#39;t even reviewed at least enough to understand the last example... Struggling to understand this section.";He lost me at the parse section. Parse wasn't even reviewed at least enough to understand the last example... Struggling to understand this section.;99;9
UgzHaPsa-J-51g4p7Dh4AaABAg;None;ZqDtPFrUonQ;@Osamah001;UCrK5s_YtDG3ESs6CF90aOag;http://www.youtube.com/@Osamah001;short answer __ class Person {~~~} public Person() {~~~};short answer __ class Person {~~~} public Person() {~~~};0;0
UgwrTIYxLuPGHJr1Xp14AaABAg;None;ZqDtPFrUonQ;@jz9991z;UCQ8M0z-DnFgA0mlhFvuyr-w;http://www.youtube.com/@jz9991z;You said classes can be referred as objects. So is that what object oriented programming is about?;You said classes can be referred as objects. So is that what object oriented programming is about?;0;0
Ugz2KEFC2Vi--6HuV6p4AaABAg;None;ZqDtPFrUonQ;@shamardinkhan1622;UC2-DL78CSxIhpOu2J4YXejg;http://www.youtube.com/@shamardinkhan1622;"i like your teaching method and i follow you but sir i can&#39;t fort money  to take your online C# classes so please sir upload you that classes here on youtube";i like your teaching method and i follow you but sir i can't fort money  to take your online C# classes so please sir upload you that classes here on youtube;0;0
UgwbU2m9e-D-WfAJJXF4AaABAg;None;ZqDtPFrUonQ;@tko9753;UC0W9dbnO5Ploe2o6XLa9c6g;http://www.youtube.com/@tko9753;I’ve watched several tutorial  about C# and I understand everything until I reach methods, classes and instances and then I got lost, I couldn’t understand anything. This is really frustrating;I’ve watched several tutorial  about C# and I understand everything until I reach methods, classes and instances and then I got lost, I couldn’t understand anything. This is really frustrating;8;0
UgxOFwopd6RAHAsZlVd4AaABAg;None;ZqDtPFrUonQ;@wuyanchu;UC3PclCmD9pOJqK4JI0CQdsQ;http://www.youtube.com/@wuyanchu;thx and god bless you ^_^;thx and god bless you ^_^;0;0
UgxhbUBss0IeintIv8d4AaABAg;None;ZqDtPFrUonQ;@manuerth;UCSlH0uGiWB5BKdUDs2LEiZQ;http://www.youtube.com/@manuerth;"why do you write &quot;Person&quot; in the parse method? at <a href=""https://www.youtube.com/watch?v=ZqDtPFrUonQ&amp;t=730"">12:10</a>";"why do you write ""Person"" in the parse method? at 12:10";0;0
Ugzq4m-_9HQ2DMw2z954AaABAg;None;ZqDtPFrUonQ;@yakuppala9130;UCxP8pyDe0gzG4X5KytemZag;http://www.youtube.com/@yakuppala9130;"There is an error on last code<br>Error CS1656 Cannot assign to &#39;Introduce&#39; because it is a &#39;method group&#39;";"There is an error on last code
Error CS1656 Cannot assign to 'Introduce' because it is a 'method group'";1;0
Ugx4uqh22tFQm5pMT3x4AaABAg;None;ZqDtPFrUonQ;@codeNest_infotech;UC9W_X4kONxE9uACvUQbWV5w;http://www.youtube.com/@codeNest_infotech;Hello Sir, can you please tell me your  visual studio customize settings. auto fill syntax settings like example you type cs = console.write() something like that and some more extra features you used like in class void Main the different color shows in Main tag like that and many more.     Can you help.;Hello Sir, can you please tell me your  visual studio customize settings. auto fill syntax settings like example you type cs = console.write() something like that and some more extra features you used like in class void Main the different color shows in Main tag like that and many more.     Can you help.;0;0
UgzFk82KrAUVPqSQFPd4AaABAg;None;ZqDtPFrUonQ;@johnconnor9787;UCcZM-aZPx_4b1W7YvBOGnhg;http://www.youtube.com/@johnconnor9787;now I understand what static methods are for;now I understand what static methods are for;2;2
UgyyYIFmUtiuAhcdupx4AaABAg;None;ZqDtPFrUonQ;@gokumetrix80;UCYEaEAzO9Jvx2exIZNBtU6g;http://www.youtube.com/@gokumetrix80;I am still struggling to understand this.;I am still struggling to understand this.;18;3
Ugxyb3K_BzRBWYtfYzJ4AaABAg;None;ZqDtPFrUonQ;@misterjack347;UCrMyd76qx4SHlUwg8aq5PVw;http://www.youtube.com/@misterjack347;You are best tutor ever bro.;You are best tutor ever bro.;0;0
UgxwAl2RDFNT6N99F254AaABAg;None;ZqDtPFrUonQ;@clashkingdom3647;UCgvKK_KEZ0dcix33eeCyIvg;http://www.youtube.com/@clashkingdom3647;Amazing vedeos Mosh but please help me explain about parse in method because i am new to C# ,please help me because i didnt understand it thanks keep it up bro;Amazing vedeos Mosh but please help me explain about parse in method because i am new to C# ,please help me because i didnt understand it thanks keep it up bro;0;1
UgxSHn5T59oIj5wfsrV4AaABAg;None;ZqDtPFrUonQ;@codaq4043;UC_KaGwIxjFJAc5hmDHecZCA;http://www.youtube.com/@codaq4043;is it safe to say an identifier, if not a keyword, is just like a label you can use to organize?;is it safe to say an identifier, if not a keyword, is just like a label you can use to organize?;0;0
UgxbdqOL9vnFsC2BGo54AaABAg;None;ZqDtPFrUonQ;@brandonnorris1026;UCLjTI3b4XqTx_ND1yg07YLw;http://www.youtube.com/@brandonnorris1026;Its a good tutorial but it is absolutely not for beginners like myself.;Its a good tutorial but it is absolutely not for beginners like myself.;11;1
UgxOgCBbl5ZOuuCNKJ94AaABAg;None;ZqDtPFrUonQ;@prameelasekhar;UCADfvboFJGAXTcawa_6qeeA;http://www.youtube.com/@prameelasekhar;"public void Introduce(string to)<br>        {<br>            Console.WriteLine(&quot;Hi {0}, I am {1}&quot;, to, Name);<br>        }<br>Can anyone explain  &#39;to&#39; here ? How it getting Name &#39;John&#39; in the result  ?";"public void Introduce(string to)
        {
            Console.WriteLine(""Hi {0}, I am {1}"", to, Name);
        }
Can anyone explain  'to' here ? How it getting Name 'John' in the result  ?";0;1
Ugxl7SA-KyJilRljck94AaABAg;None;ZqDtPFrUonQ;@dejoneltahan1974;UC4zhE9IHUOCc73a8OM8RTYg;http://www.youtube.com/@dejoneltahan1974;what the use of public string name;what the use of public string name;0;0
UgzZazrQZzA5eg0fyUV4AaABAg;None;ZqDtPFrUonQ;@ulkalobo9566;UCVAZm4Tukh3ZujznMw8S5xQ;http://www.youtube.com/@ulkalobo9566;"The last one person object using parse method didn&#39;t understand? Can u please elaborate";The last one person object using parse method didn't understand? Can u please elaborate;0;0
UgwrppJTPyXfIjDg7B14AaABAg;None;ZqDtPFrUonQ;@gogl0l386;UCB_xS1JlqMwJHKou5dIO57w;http://www.youtube.com/@gogl0l386;"You said person so many times so now it doesn&#39;t even sound like a word.";You said person so many times so now it doesn't even sound like a word.;17;0
UgzrRPzCSk6XtRgh4xJ4AaABAg;None;ZqDtPFrUonQ;@donfeto7636;UCqK5nLeTyBRekVF33j7yFBg;http://www.youtube.com/@donfeto7636;want video about the arg and how to use them what there important like casting a buttom<br><br><br><br>buttom bt=(sender) buttom what this mean !;"want video about the arg and how to use them what there important like casting a buttom



buttom bt=(sender) buttom what this mean !";1;0
UgytbNxzakGfQwPqXbt4AaABAg;None;ZqDtPFrUonQ;@themixedvoices5390;UCWbbjSIKwdzZjyKGAGpHg-Q;http://www.youtube.com/@themixedvoices5390;"I can&#39;t get parse thing can someone pls explain";I can't get parse thing can someone pls explain;0;0
UgztJhscPRFy8sQwFbt4AaABAg;None;ZqDtPFrUonQ;@kazz8176;UCWhQlFq7jeaxLk5bCVNvFMg;http://www.youtube.com/@kazz8176;"I&#39;m literally 16 years old how am I supposed to understand something that I never heard about like Parse";I'm literally 16 years old how am I supposed to understand something that I never heard about like Parse;1;2
UgxaW2VGQOWNL7-OmN54AaABAg;None;ZqDtPFrUonQ;@marsa0999;UCU9hzKNVTyYOSly1Yit7NWQ;http://www.youtube.com/@marsa0999;"<a href=""https://www.youtube.com/watch?v=ZqDtPFrUonQ&amp;t=420"">7:00</a>.... how is “Person person” camel case when you described it as “camel Case” in <a href=""https://www.youtube.com/watch?v=ZqDtPFrUonQ&amp;t=300"">5:00</a>? And it seems like it does not match “Pascal Case” either?";7:00.... how is “Person person” camel case when you described it as “camel Case” in 5:00? And it seems like it does not match “Pascal Case” either?;0;2
UgzWl50s4_CnD1JcZG14AaABAg;None;ZqDtPFrUonQ;@ayemzu888;UChmSrtIfZqpDF5H68O6ZeAQ;http://www.youtube.com/@ayemzu888;"i copied the code of the program written in first method line by line into visual studio and it has 17 errors, 1 warning and doesn&#39;t work at all. why is that? have visual studio/ c# changed so much?";i copied the code of the program written in first method line by line into visual studio and it has 17 errors, 1 warning and doesn't work at all. why is that? have visual studio/ c# changed so much?;0;0
Ugx3W_W2QKBg16Tn9vF4AaABAg;None;ZqDtPFrUonQ;@percheronphenom;UCSI_VdwuESTepcSfFKDlH7g;http://www.youtube.com/@percheronphenom;"His beginners course was great, but here I am just overwhelmed, Visual Studio makes the code looks colorful but it just doesn&#39;t make much sense with repeating names of this and that and what the hell are we all doing :|";His beginners course was great, but here I am just overwhelmed, Visual Studio makes the code looks colorful but it just doesn't make much sense with repeating names of this and that and what the hell are we all doing :|;0;1
UgzWKdu0zNL6z4l-YRx4AaABAg;None;ZqDtPFrUonQ;@quickregisterseo;UCl7QxqpKKqTk1usVTaSitvw;http://www.youtube.com/@quickregisterseo;I purchased his c# course. The version of Visual Studio has nothing to do with the current version. It is so different you cannot follow along. Nobody responds on forums. Waste of money.;I purchased his c# course. The version of Visual Studio has nothing to do with the current version. It is so different you cannot follow along. Nobody responds on forums. Waste of money.;0;1
UgwjzSaNHG0K0KmXIfF4AaABAg;None;ZqDtPFrUonQ;@jeremychu8922;UCWaIcFVUikwXfNl8QJKJ_0A;http://www.youtube.com/@jeremychu8922;person is just a varible in the code.;person is just a varible in the code.;0;0
UgyanlkmhBAWPjcIqRB4AaABAg;None;ZqDtPFrUonQ;@onon128;UClitX01FcskV4_IqCeBP_dA;http://www.youtube.com/@onon128;Didn’t understand anything;Didn’t understand anything;1;0
UgwYi1w9FarmvXVsGKZ4AaABAg;None;ZqDtPFrUonQ;@shamardinkhan1622;UC2-DL78CSxIhpOu2J4YXejg;http://www.youtube.com/@shamardinkhan1622;i am belong to very poor family so please kindly upload that lectures here;i am belong to very poor family so please kindly upload that lectures here;0;1
UgyJKPfoCDl6RPsvNLR4AaABAg;None;94UHCEmprCY;@syedmohammedakberhussaini5620;UCQA1Led7W8brqfmVqPcqwOg;http://www.youtube.com/@syedmohammedakberhussaini5620;"Dude, You made my Basics Very Strong <br>print(&quot;Thank You Mosh&quot;)";"Dude, You made my Basics Very Strong 
print(""Thank You Mosh"")";60;1
UgybOCpYIp0fKk6Htj54AaABAg;None;94UHCEmprCY;@brianligat2038;UCbD5LUKv_W6xFCe042CpwIg;http://www.youtube.com/@brianligat2038;"I cannot recomment Mosh&#39;s tutorials enough. Easy to follow, helpful and friendly style.";I cannot recomment Mosh's tutorials enough. Easy to follow, helpful and friendly style.;85;4
Ugx1EUgDgS1v9Gif-It4AaABAg;None;94UHCEmprCY;@invinciblenoman;UCx-X9UbczB0amvya8pRkWpA;http://www.youtube.com/@invinciblenoman;"I believe self-learning of programming becomes easier if you start implementing your latest learned codes in small programs. such as Mosh just made in exercise. try to find small exercises for &#39;for loops, nested loops, with if statements. it will increase your learning pace and keep you motivated.";I believe self-learning of programming becomes easier if you start implementing your latest learned codes in small programs. such as Mosh just made in exercise. try to find small exercises for 'for loops, nested loops, with if statements. it will increase your learning pace and keep you motivated.;85;1
UgxzR31k7vDCBuP2WWN4AaABAg;None;94UHCEmprCY;@aliasad1392;UCLk-kbEB9YkhZakT5IN2I8g;http://www.youtube.com/@aliasad1392;I am a new learner. And for some reason i feel it complicated dealing with loops. But i am determined.  Hope so will understand it soon. Mosh you are a great teacher. God bless you.;I am a new learner. And for some reason i feel it complicated dealing with loops. But i am determined.  Hope so will understand it soon. Mosh you are a great teacher. God bless you.;127;15
Ugy16KqBZOCqA4nWktR4AaABAg;None;94UHCEmprCY;@praanadhyarlagadda6413;UCB1IqBBB6TJhOKm6I38kbPQ;http://www.youtube.com/@praanadhyarlagadda6413;thanks so much, i have an exam.;thanks so much, i have an exam.;70;5
UgwDnlFBoRIPPTvfeYB4AaABAg;None;94UHCEmprCY;@the_seahawk22;UCdMWKn5_CvVO4jm0foIUS8Q;http://www.youtube.com/@the_seahawk22;I feel like reading the actual code or trying to determine what to type is why for loops are so fucking difficult to understand. Most of the time I am staring at other people’s code just overwhelmed;I feel like reading the actual code or trying to determine what to type is why for loops are so fucking difficult to understand. Most of the time I am staring at other people’s code just overwhelmed;117;9
Ugx3ms5jtNtyv3b84lh4AaABAg;None;94UHCEmprCY;@airmett8939;UC7zU1DpBEGjnx_-zox05znQ;http://www.youtube.com/@airmett8939;for x in range(1, 10):<br>  if x%2==0:<br>               print(x);"for x in range(1, 10):
  if x%2==0:
               print(x)";2;0
UgzXt1ektxaY9u5dHXd4AaABAg;None;94UHCEmprCY;@faridgulum1226;UCCxQxWLf01KjzR-CTbr61qw;http://www.youtube.com/@faridgulum1226;Thank you, Mosh. I learned  the parts I lacked as a beginner. I also learnt how to add int to string in print function. :);Thank you, Mosh. I learned  the parts I lacked as a beginner. I also learnt how to add int to string in print function. :);34;1
Ugz6Qf0nJAliw56arBB4AaABAg;None;94UHCEmprCY;@harshalnath4853;UCILx783KmACGSqs08qLPcIQ;http://www.youtube.com/@harshalnath4853;first I am gonna take break in the middle of this video while learning and comment for this guy because this man deserve a huge respect because I roamed around so many videos but no one is so good as him love u man.;first I am gonna take break in the middle of this video while learning and comment for this guy because this man deserve a huge respect because I roamed around so many videos but no one is so good as him love u man.;1;0
Ugxd1J52chyF_JIoeF94AaABAg;None;94UHCEmprCY;@amandal8404;UCPR0F3stKSKSvTem4Y2JP9Q;http://www.youtube.com/@amandal8404;this was exactly what I was looking for. it was a bit hard to follow written tutorials, so thanks for such a clear and concise one here!;this was exactly what I was looking for. it was a bit hard to follow written tutorials, so thanks for such a clear and concise one here!;71;0
Ugx_80ks9q_3rTlvFkR4AaABAg;None;94UHCEmprCY;@tcpnetworks;UCXZ3WQ7Ql_m9lzZv2wdBzYQ;http://www.youtube.com/@tcpnetworks;Sir - you are absolutely awesome to listen to :)  Thank you for making this language so much fun.;Sir - you are absolutely awesome to listen to :)  Thank you for making this language so much fun.;7;0
UgxJPEuSAuNP6QsZUzR4AaABAg;None;94UHCEmprCY;@smaransure2234;UC88Ey-6-Xycr0IRM5Q4KLHw;http://www.youtube.com/@smaransure2234;Thank you so much. I am pretty intermediate, but I never knew exactly how loops work. This video helped alot, so thank;Thank you so much. I am pretty intermediate, but I never knew exactly how loops work. This video helped alot, so thank;2;0
UgwXc0ELlvLHPlAIJjh4AaABAg;None;94UHCEmprCY;@simphiwemtshali5452;UCs_qoYzfeB7HLk8Jja7h81w;http://www.youtube.com/@simphiwemtshali5452;"I didn&#39;t understand my lecturer thanks to you... you the best";I didn't understand my lecturer thanks to you... you the best;1;0
UgzO6t02tpL0_5maN5V4AaABAg;None;94UHCEmprCY;@emmanuelleallen;UCXxvivBn2Mw-JpeA1XYvknw;http://www.youtube.com/@emmanuelleallen;"I&#39;ve been learning Python for about a solid 2 weeks. Self-taught. And so I wouldn&#39;t say im an &quot;Absoloute Beginner,&quot; but I&#39;m not far off. And this tutorial was actually very difficult to follow in regards to the expectation. IT WAS informative though, and showed me a few things i havent looked at yet, though. <br><br>I&#39;d reccomend the following changes for videos like this in the future, if youre using the &quot;absolute beginner&quot; title. <br>Any concept that isnt directly related to the for loop, should also be explained in a little bit more detail. You gave a challenge that required using knowledge that wasnt included in this video. These operands &quot;%, ==, =, +=&quot;<br>These commands &quot;if, else&quot;<br>Boolean results &quot;True False&quot; <br>And a few other things. <br><br>Realistically, this video is one of a series. And the title should be rightly have a series identifier on it. Like &quot;Python for Absoloute begginer 8/20: For Loops&quot;<br><br>This would give the user the idea that there is likely information refrenced in this video using previous content. And builds off of <b>some</b> knowledge base. But meant for very intruductory users. <br><br>Only sharing these things to help you and the viewers. Best of luck!";"I've been learning Python for about a solid 2 weeks. Self-taught. And so I wouldn't say im an ""Absoloute Beginner,"" but I'm not far off. And this tutorial was actually very difficult to follow in regards to the expectation. IT WAS informative though, and showed me a few things i havent looked at yet, though. 

I'd reccomend the following changes for videos like this in the future, if youre using the ""absolute beginner"" title. 
Any concept that isnt directly related to the for loop, should also be explained in a little bit more detail. You gave a challenge that required using knowledge that wasnt included in this video. These operands ""%, ==, =, +=""
These commands ""if, else""
Boolean results ""True False"" 
And a few other things. 

Realistically, this video is one of a series. And the title should be rightly have a series identifier on it. Like ""Python for Absoloute begginer 8/20: For Loops""

This would give the user the idea that there is likely information refrenced in this video using previous content. And builds off of *some* knowledge base. But meant for very intruductory users. 

Only sharing these things to help you and the viewers. Best of luck!";1;0
UgwFVkFJyaeQFYbgWJx4AaABAg;None;94UHCEmprCY;@md.mahedihasanhridoy3571;UCE7nH8oKyWm-NOTW6J-FIFg;http://www.youtube.com/@md.mahedihasanhridoy3571;Very nice presentation and you make coding just simple.;Very nice presentation and you make coding just simple.;6;0
UgzP8oKkIvF9CVA2ZCN4AaABAg;None;94UHCEmprCY;@vatsal_gamit;UC4R85WqsfNND1Jg9C-4AEew;http://www.youtube.com/@vatsal_gamit;one the best videos on the internet for loops;one the best videos on the internet for loops;2;0
Ugyp2ytYtmOpukWT8z14AaABAg;None;94UHCEmprCY;@HelenNPerlas;UCdb7pF8VFOrbmM5v0avv6WA;http://www.youtube.com/@HelenNPerlas;Thank you Mosh! I survived this topic. It helped a lot in my lessons on looping in Python.;Thank you Mosh! I survived this topic. It helped a lot in my lessons on looping in Python.;8;1
UgwxYyxizDx6DtFFQ0R4AaABAg;None;94UHCEmprCY;@TifaS.F;UChGpALBP3VCBkvCRfJoI_MQ;http://www.youtube.com/@TifaS.F;"Hello there Mosh! This is my exercise code (<a href=""https://www.youtube.com/watch?v=94UHCEmprCY&amp;t=757"">12:37</a>)<br><br>My code:<br><br>for i in range(2, 9, 2):<br>  print(i)<br><br>print(&#39;We have 4 even numbers&#39;)";"Hello there Mosh! This is my exercise code (12:37)

My code:

for i in range(2, 9, 2):
  print(i)

print('We have 4 even numbers')";2;1
UgzCRYjn1TKYa4mXXzV4AaABAg;None;94UHCEmprCY;@BIackBoomBox;UCI3FqU2eE33ivxWI0pjoXfw;http://www.youtube.com/@BIackBoomBox;Love the example you showed with the email. Made it easier to understand;Love the example you showed with the email. Made it easier to understand;0;0
UgyTbiBmYOok36cAsbZ4AaABAg;None;94UHCEmprCY;@Segun24-7;UCxGs6Hubjq0nwyyC0zWV0Rg;http://www.youtube.com/@Segun24-7;Thanks a lot, I think I understand loops then I see it implemented and come back to watch tutorials. I guess I am stuck in a loop myself😪;Thanks a lot, I think I understand loops then I see it implemented and come back to watch tutorials. I guess I am stuck in a loop myself😪;1;0
Ugy4z_FXPea-NxF1OKx4AaABAg;None;94UHCEmprCY;@narutoxtreme123;UC-cW9qe18oExjB3DwsAmI7Q;http://www.youtube.com/@narutoxtreme123;Just want to say thanks 🙏🏽.  I have been using your videos along with my course work. Awesome 👏🏽;Just want to say thanks 🙏🏽.  I have been using your videos along with my course work. Awesome 👏🏽;2;0
UgzoCybw7bgVWnAbxUx4AaABAg;None;94UHCEmprCY;@CIMiclette;UCy8O0r5xvQUIO3Z_73pAolw;http://www.youtube.com/@CIMiclette;"Dude you&#39;re a hero, been struggling with loops (especially nested loops) in my fundamentals of computing course in school, you explained them much more clearly than my professor, thanks!";Dude you're a hero, been struggling with loops (especially nested loops) in my fundamentals of computing course in school, you explained them much more clearly than my professor, thanks!;0;1
Ugyyt4ndlSoYFb-_jCp4AaABAg;None;94UHCEmprCY;@marsha_285;UCLp4qqJYcO7u5SBHOBlA8VA;http://www.youtube.com/@marsha_285;Jus discovered the channel rn...a blessing💯;Jus discovered the channel rn...a blessing💯;0;0
Ugy-Eb9g1VxR-gw8d_l4AaABAg;None;94UHCEmprCY;@alexgicheha5755;UC-cxjkbH6iqhDGtA7fiyYFQ;http://www.youtube.com/@alexgicheha5755;"Hi Mosh! You&#39;re the best Tutor. <br><br>I am looking forward to learning more from you. <br><br>I want to learn python for data analysis, web development, and game development.<br><br>I welcome all the challenges, but I am passionate about becoming a Pythonista. Whatever it takes, Mosh, as long as you&#39;re my tutor, I know I&#39;ll make a great programmer like you.😘🤩";"Hi Mosh! You're the best Tutor. 

I am looking forward to learning more from you. 

I want to learn python for data analysis, web development, and game development.

I welcome all the challenges, but I am passionate about becoming a Pythonista. Whatever it takes, Mosh, as long as you're my tutor, I know I'll make a great programmer like you.😘🤩";8;0
UgwR3Re9dVkxWbZEix54AaABAg;None;94UHCEmprCY;@gianignacio8274;UChgFRUHeRqTYtuB72Lb0fAw;http://www.youtube.com/@gianignacio8274;"For the exercise, I did this. This counts right hahaha work = False<br>for number in range(2,10,2):<br>    print(number)<br>    if work:<br>        print(&quot;We have 4 even numbers&quot;)<br>        break<br>else:<br>    print(&quot;We have 4 even numbers&quot;)";"For the exercise, I did this. This counts right hahaha work = False
for number in range(2,10,2):
    print(number)
    if work:
        print(""We have 4 even numbers"")
        break
else:
    print(""We have 4 even numbers"")";0;0
UgwlKe4r9uvct3eRkO54AaABAg;None;94UHCEmprCY;@zahrabolghanabadi1478;UC8w77XoNIHOIPa3l0Lq4cvw;http://www.youtube.com/@zahrabolghanabadi1478;You are the best teacher in coding❤;You are the best teacher in coding❤;0;0
UgyD-dGhsZO3QVB8_rx4AaABAg;None;94UHCEmprCY;@CanadaSno;UCGfzQrJsLP1fYk6LFXX5XmQ;http://www.youtube.com/@CanadaSno;"Wow!! This is awesome. I&#39;m in a bootcamp and this was confusing. Thanks for posting this. I hipe you consider posting more recent tutorials.";Wow!! This is awesome. I'm in a bootcamp and this was confusing. Thanks for posting this. I hipe you consider posting more recent tutorials.;0;0
Ugzyf5zK62IVLY0weqZ4AaABAg;None;94UHCEmprCY;@TheTitanGrimm;UCJaNSNiJgmHCHUxI8m6hgpg;http://www.youtube.com/@TheTitanGrimm;Well you have the best explanation on for loops. Most other videos I couldn’t apply to my program. Thank you.;Well you have the best explanation on for loops. Most other videos I couldn’t apply to my program. Thank you.;0;0
Ugx08BjLPhJ5NogeB294AaABAg;None;94UHCEmprCY;@uffeheden6100;UCd7PTfmLXsx8A2x59LNog-w;http://www.youtube.com/@uffeheden6100;"Thanks! Exactly what I&#39;m looking for where I&#39;m in my learning curve. Great with the addons where most courses go. Cheers!";Thanks! Exactly what I'm looking for where I'm in my learning curve. Great with the addons where most courses go. Cheers!;3;2
Ugx3DIvn0OBFPX3Nz_l4AaABAg;None;94UHCEmprCY;@elyananwph;UC3w3c_E3DrSdVxLklkvhA6Q;http://www.youtube.com/@elyananwph;I finally understand about loops in python;I finally understand about loops in python;1;0
UgzBQHYWqEgZy6ZLJT94AaABAg;None;94UHCEmprCY;@monttyy4879;UCa4XpfDnGzpoX4GFPoCykmA;http://www.youtube.com/@monttyy4879;Your channel is helping me so much .. my teacher is so trash and doesn’t tell us shit and just expects us to understand from reading his examples;Your channel is helping me so much .. my teacher is so trash and doesn’t tell us shit and just expects us to understand from reading his examples;0;0
UgwWNEDQN2QOQrYXEc54AaABAg;None;94UHCEmprCY;@sparkscomputerprogramming;UC9ZIw0AdjpqX6ID7DbG1t2g;http://www.youtube.com/@sparkscomputerprogramming;the best coding teacher in youtube;the best coding teacher in youtube;0;0
UgxoUY2UIJVjK1FhD814AaABAg;None;94UHCEmprCY;@sabamohammadi4617;UCiMMTnXDPS73jUK24NgIsgA;http://www.youtube.com/@sabamohammadi4617;دستت درد نکنه ماش بعد از چند تا ویدئویی که از for loops دیدم با ویدئوی شما بالاخره کار کردن باهاش رو یاد گرفتم;دستت درد نکنه ماش بعد از چند تا ویدئویی که از for loops دیدم با ویدئوی شما بالاخره کار کردن باهاش رو یاد گرفتم;2;1
Ugzqhi1XU9ABcMMpGbV4AaABAg;None;94UHCEmprCY;@cornationboot8690;UCjQml8eNVCYWVKomgJQf_5w;http://www.youtube.com/@cornationboot8690;"count = 0<br>for x in range (2,10,2):<br>        print(x)<br>        count +=1<br>print(&quot;We have {count} even numbers&quot;)";"count = 0
for x in range (2,10,2):
        print(x)
        count +=1
print(""We have {count} even numbers"")";1;0
Ugy6t3fXUVIWOja7Rnl4AaABAg;None;94UHCEmprCY;@Libwebs;UCtWWzozSTkwVk9cWG7VgOpQ;http://www.youtube.com/@Libwebs;Thanks, Mosh - Your lectures are simplified and easy to follow.;Thanks, Mosh - Your lectures are simplified and easy to follow.;2;1
Ugx9eEu4XQ-ocjRLL8N4AaABAg;None;94UHCEmprCY;@nakshathraopillai679;UCf8KUO-VrLJBpHLFHmhZhVA;http://www.youtube.com/@nakshathraopillai679;"REALLY HELPFUL !!!!!!!!!!!!<a href=""UCkszU2WH9gy1mb0dV-11UJg/1v50XorRJ8GQ8gTz_prwAg""></a>";REALLY HELPFUL !!!!!!!!!!!!;1;0
UgxcywgNTBLLzyvpe9d4AaABAg;None;94UHCEmprCY;@jamonlewis6466;UCEy7_senNwdyCGh0lD_PaRQ;http://www.youtube.com/@jamonlewis6466;"Mosh you have the best tutorials on coding, but I wish, for the love of God someone would explain the syntax of the “for loop” so some sense could be made of why it’s written the way it is. I love how so much of Python correlates with the regular (English) language, but the “for loop” syntax is the most abstract &amp; bizarrely written expression ever &amp; NO ONE who I’ve come across that teaches python seems to think the format of the “for loop” syntax needs to be made since of for people learning python.";Mosh you have the best tutorials on coding, but I wish, for the love of God someone would explain the syntax of the “for loop” so some sense could be made of why it’s written the way it is. I love how so much of Python correlates with the regular (English) language, but the “for loop” syntax is the most abstract & bizarrely written expression ever & NO ONE who I’ve come across that teaches python seems to think the format of the “for loop” syntax needs to be made since of for people learning python.;0;0
UgyfrRm9glqwl-rzmRF4AaABAg;None;94UHCEmprCY;@LittleAres;UCga1bX4m1GSOBfEC1j7l3tw;http://www.youtube.com/@LittleAres;"another way to solve the exercise could be this:<br>for i in range(0,10,2):<br>    if i &gt; 0:<br>        print(i)<br>print(&#39;we have 4 even numbers&#39;)<br>the result is still the same:D";"another way to solve the exercise could be this:
for i in range(0,10,2):
    if i > 0:
        print(i)
print('we have 4 even numbers')
the result is still the same:D";0;0
UgzV7BOl_nx1Bc7mhnx4AaABAg;None;94UHCEmprCY;@ZuhayerSarfaraz;UC7ppMY8ZfGrE1UooMqvOjEg;http://www.youtube.com/@ZuhayerSarfaraz;bless you my man, bless you. Top tier crash courses out there;bless you my man, bless you. Top tier crash courses out there;0;0
UgzWPa0dPJ62w12kimB4AaABAg;None;94UHCEmprCY;@druskii90;UCu-UyXLkEWPONelJy5bU3rA;http://www.youtube.com/@druskii90;"Thank you for explaining for loops very clearly, idk I&#39;ve been struggling to understand them and this helped so much! Sub earned!";Thank you for explaining for loops very clearly, idk I've been struggling to understand them and this helped so much! Sub earned!;0;0
Ugy4CX7bDDbNfQGebnt4AaABAg;None;94UHCEmprCY;@muhammedmustafa7685;UCru6pLE0QD2jT83MK8p8VeQ;http://www.youtube.com/@muhammedmustafa7685;"if (getal % 3 == 0):<br>        print(&#39;Deelbaar door 3&#39;)<br>    else:<br>        print(&#39;Niet deelbaar door 3&#39;)";"if (getal % 3 == 0):
        print('Deelbaar door 3')
    else:
        print('Niet deelbaar door 3')";0;0
UgzGrrfh9f4Jsb4BM8l4AaABAg;None;94UHCEmprCY;@accio5557;UCB0gtXlpwGo2n0iF3ac0xEA;http://www.youtube.com/@accio5557;thanks  a lot mosh i am glad i found this tutorial;thanks  a lot mosh i am glad i found this tutorial;1;0
Ugzb0BP4uWoQqfPjZyF4AaABAg;None;94UHCEmprCY;@MPLWolrd;UCe2Jnoag1qIqZ3DOG_rlNAQ;http://www.youtube.com/@MPLWolrd;"for x in range(1, 10):<br>  if x % 2 == 0:<br>    print(x)<br>print(&quot;We have 4 even numbers.&quot;)";"for x in range(1, 10):
  if x % 2 == 0:
    print(x)
print(""We have 4 even numbers."")";0;0
UgwphIU9Jz68BIIHNPN4AaABAg;None;94UHCEmprCY;@a.b.3030;UCPUAP-P8Zxv2mNHI4z-3ynQ;http://www.youtube.com/@a.b.3030;Very good explained. Thank you.;Very good explained. Thank you.;1;0
UgwclOpFRyN12r52_BF4AaABAg;None;94UHCEmprCY;@Luka_WiFi;UCX0ySbZgyYUdSY_g34yGQVA;http://www.youtube.com/@Luka_WiFi;for num in range(2, 10, 2):<br>    print(num);"for num in range(2, 10, 2):
    print(num)";2;0
UgxnBcd38ouL6_54A994AaABAg;None;94UHCEmprCY;@faraic;UCFwdhRJH23xeK_l5MzoldLg;http://www.youtube.com/@faraic;"# great explaination i see why there  is a million <a href=""http://views.my/"">views.my</a> code as below<br>total = 0<br>for i  in range(1,100):<br> if i%3 == 0  or  i%5==0 :<br>    total = total + i<br> <br>print(total)";"# great explaination i see why there  is a million views.my code as below
total = 0
for i  in range(1,100):
 if i%3 == 0  or  i%5==0 :
    total = total + i
 
print(total)";1;0
UgxZ1PN9hLDpyfSpUu94AaABAg;None;94UHCEmprCY;@maryharrer2603;UCNPh_iKtqGDJSs4C4RR9NeA;http://www.youtube.com/@maryharrer2603;My Python book is only teaching me math. YOU are teaching me Python. Thank you.;My Python book is only teaching me math. YOU are teaching me Python. Thank you.;0;0
UgxMeLIgNwX7SJo4-b54AaABAg;None;94UHCEmprCY;@lesyamaur7787;UCpMo9EkKqUhOiHtGs_uxpvw;http://www.youtube.com/@lesyamaur7787;This was really helpful;This was really helpful;2;0
UgyLzMEwAR308mwKGtV4AaABAg;None;94UHCEmprCY;@Kittay-12;UCZJ1hSCa8U9T1VcVEpcaCvg;http://www.youtube.com/@Kittay-12;amazing tutorial but need one on while loops🔥🔥🔥;amazing tutorial but need one on while loops🔥🔥🔥;0;0
